datetime,count
2011-01-20 00:00:00,12.433212
2011-01-20 01:00:00,2.4518287
2011-01-20 02:00:00,1.3608783
2011-01-20 03:00:00,1.0709637
2011-01-20 04:00:00,1.1567581
2011-01-20 05:00:00,3.510103
2011-01-20 06:00:00,30.387774
2011-01-20 07:00:00,91.22153
2011-01-20 08:00:00,207.22435
2011-01-20 09:00:00,116.34681
2011-01-20 10:00:00,53.945408
2011-01-20 11:00:00,54.845715
2011-01-20 12:00:00,69.40022
2011-01-20 13:00:00,64.81817
2011-01-20 14:00:00,63.350597
2011-01-20 15:00:00,70.83381
2011-01-20 16:00:00,90.21093
2011-01-20 17:00:00,186.31845
2011-01-20 18:00:00,169.26297
2011-01-20 19:00:00,110.283195
2011-01-20 20:00:00,76.26225
2011-01-20 21:00:00,58.340927
2011-01-20 22:00:00,39.669144
2011-01-20 23:00:00,27.78631
2011-01-21 00:00:00,10.53721
2011-01-21 01:00:00,3.957998
2011-01-21 02:00:00,2.638835
2011-01-21 03:00:00,0.0
2011-01-21 04:00:00,1.5182899
2011-01-21 05:00:00,3.3379762
2011-01-21 06:00:00,28.57178
2011-01-21 07:00:00,77.02002
2011-01-21 08:00:00,192.33752
2011-01-21 09:00:00,113.06705
2011-01-21 10:00:00,44.856876
2011-01-21 11:00:00,56.04721
2011-01-21 12:00:00,58.052322
2011-01-21 13:00:00,47.671097
2011-01-21 14:00:00,55.39122
2011-01-21 15:00:00,57.307526
2011-01-21 16:00:00,78.71457
2011-01-21 17:00:00,148.63312
2011-01-21 18:00:00,131.11427
2011-01-21 19:00:00,81.269394
2011-01-21 20:00:00,54.99917
2011-01-21 21:00:00,42.160446
2011-01-21 22:00:00,37.809147
2011-01-21 23:00:00,28.868769
2011-01-22 00:00:00,25.39089
2011-01-22 01:00:00,16.672054
2011-01-22 02:00:00,11.234828
2011-01-22 03:00:00,3.895548
2011-01-22 04:00:00,0.21987233
2011-01-22 06:00:00,0.0
2011-01-22 07:00:00,1.511511
2011-01-22 08:00:00,11.450603
2011-01-22 09:00:00,29.616508
2011-01-22 10:00:00,51.37384
2011-01-22 11:00:00,64.80987
2011-01-22 12:00:00,81.70182
2011-01-22 13:00:00,87.26951
2011-01-22 14:00:00,89.299866
2011-01-22 15:00:00,91.17592
2011-01-22 16:00:00,89.35786
2011-01-22 17:00:00,79.36047
2011-01-22 18:00:00,57.92653
2011-01-22 19:00:00,48.69731
2011-01-22 20:00:00,37.414703
2011-01-22 21:00:00,33.304653
2011-01-22 22:00:00,30.792402
2011-01-22 23:00:00,28.856697
2011-01-23 00:00:00,29.844103
2011-01-23 01:00:00,23.609486
2011-01-23 02:00:00,13.20372
2011-01-23 03:00:00,6.0541544
2011-01-23 05:00:00,2.2918663
2011-01-23 06:00:00,0.5182879
2011-01-23 07:00:00,0.3315418
2011-01-23 08:00:00,6.827238
2011-01-23 09:00:00,24.98165
2011-01-23 10:00:00,50.229946
2011-01-23 11:00:00,67.05755
2011-01-23 12:00:00,76.61172
2011-01-23 13:00:00,85.81564
2011-01-23 14:00:00,82.20429
2011-01-23 15:00:00,84.9418
2011-01-23 16:00:00,78.0903
2011-01-23 17:00:00,59.556305
2011-01-23 18:00:00,55.204895
2011-01-23 19:00:00,43.350163
2011-01-23 20:00:00,34.204876
2011-01-23 21:00:00,28.280321
2011-01-23 22:00:00,21.722218
2011-01-23 23:00:00,15.935459
2011-01-24 00:00:00,10.695855
2011-01-24 01:00:00,3.2678156
2011-01-24 03:00:00,1.3977741
2011-01-24 04:00:00,0.0
2011-01-24 05:00:00,0.8887403
2011-01-24 06:00:00,18.911577
2011-01-24 07:00:00,56.136158
2011-01-24 08:00:00,163.84363
2011-01-24 09:00:00,89.606
2011-01-24 10:00:00,31.525959
2011-01-24 11:00:00,32.799347
2011-01-24 12:00:00,48.297527
2011-01-24 13:00:00,47.747707
2011-01-24 14:00:00,41.38681
2011-01-24 15:00:00,51.402252
2011-01-24 16:00:00,70.35282
2011-01-24 17:00:00,148.019
2011-01-24 18:00:00,147.01828
2011-01-24 19:00:00,102.925
2011-01-24 20:00:00,68.64258
2011-01-24 21:00:00,46.196644
2011-01-24 22:00:00,26.07147
2011-01-24 23:00:00,14.130542
2011-01-25 00:00:00,4.6808763
2011-01-25 01:00:00,0.6368386
2011-01-25 02:00:00,0.0
2011-01-25 04:00:00,0.0
2011-01-25 05:00:00,2.1143022
2011-01-25 06:00:00,22.995783
2011-01-25 07:00:00,72.354065
2011-01-25 08:00:00,182.45993
2011-01-25 09:00:00,105.01036
2011-01-25 10:00:00,43.9977
2011-01-25 11:00:00,47.522274
2011-01-25 12:00:00,63.07562
2011-01-25 13:00:00,63.847923
2011-01-25 14:00:00,56.745975
2011-01-25 15:00:00,62.826305
2011-01-25 16:00:00,85.09356
2011-01-25 17:00:00,193.54123
2011-01-25 18:00:00,182.18442
2011-01-25 19:00:00,113.602684
2011-01-25 20:00:00,75.374245
2011-01-25 21:00:00,54.817963
2011-01-25 22:00:00,37.148388
2011-01-25 23:00:00,20.555048
2011-01-26 00:00:00,6.2943044
2011-01-26 01:00:00,2.457108
2011-01-26 02:00:00,0.0
2011-01-26 05:00:00,0.0
2011-01-26 06:00:00,9.144747
2011-01-26 07:00:00,42.858368
2011-01-26 08:00:00,123.04507
2011-01-26 09:00:00,71.727844
2011-01-26 10:00:00,25.510612
2011-01-26 11:00:00,24.060186
2011-01-26 12:00:00,24.737988
2011-01-26 13:00:00,23.779251
2011-01-26 14:00:00,19.971823
2011-01-26 15:00:00,16.951208
2011-01-26 16:00:00,35.965862
2011-01-26 17:00:00,82.04358
2011-01-27 16:00:00,81.2751
2011-01-27 17:00:00,168.71884
2011-01-27 18:00:00,154.81187
2011-01-27 19:00:00,108.759155
2011-01-27 20:00:00,79.39706
2011-01-27 21:00:00,61.152443
2011-01-27 22:00:00,45.440937
2011-01-27 23:00:00,27.883085
2011-01-28 00:00:00,10.562674
2011-01-28 01:00:00,4.573803
2011-01-28 02:00:00,1.4883498
2011-01-28 03:00:00,0.038884338
2011-01-28 05:00:00,2.4171903
2011-01-28 06:00:00,24.935198
2011-01-28 07:00:00,79.153915
2011-01-28 08:00:00,195.43837
2011-01-28 09:00:00,88.53095
2011-01-28 10:00:00,40.502457
2011-01-28 11:00:00,39.853626
2011-01-28 12:00:00,45.859447
2011-01-28 13:00:00,44.853466
2011-01-28 14:00:00,30.721739
2011-01-28 15:00:00,55.406708
2011-01-28 16:00:00,79.31873
2011-01-28 17:00:00,166.4314
2011-01-28 18:00:00,143.05508
2011-01-28 19:00:00,102.63998
2011-01-28 20:00:00,70.64036
2011-01-28 21:00:00,51.43093
2011-01-28 22:00:00,43.999542
2011-01-28 23:00:00,38.27469
2011-01-29 00:00:00,27.741596
2011-01-29 01:00:00,18.637989
2011-01-29 02:00:00,12.568265
2011-01-29 03:00:00,6.1343527
2011-01-29 04:00:00,0.0
2011-01-29 06:00:00,0.0
2011-01-29 07:00:00,2.6000354
2011-01-29 08:00:00,16.530626
2011-01-29 09:00:00,40.07599
2011-01-29 10:00:00,61.3641
2011-01-29 11:00:00,74.11621
2011-01-29 12:00:00,91.20843
2011-01-29 13:00:00,95.65241
2011-01-29 14:00:00,88.86544
2011-01-29 15:00:00,96.5089
2011-01-29 16:00:00,98.3123
2011-01-29 17:00:00,88.30384
2011-01-29 18:00:00,74.77128
2011-01-29 19:00:00,59.309162
2011-01-29 20:00:00,49.14775
2011-01-29 21:00:00,41.38016
2011-01-29 22:00:00,33.235092
2011-01-29 23:00:00,28.747358
2011-01-30 00:00:00,28.959423
2011-01-30 01:00:00,26.367603
2011-01-30 02:00:00,17.94842
2011-01-30 03:00:00,10.279499
2011-01-30 04:00:00,3.8280945
2011-01-30 05:00:00,2.952006
2011-01-30 07:00:00,4.833497
2011-01-30 08:00:00,18.752234
2011-01-30 09:00:00,32.747494
2011-01-30 10:00:00,63.657307
2011-01-30 11:00:00,82.52118
2011-01-30 12:00:00,122.041336
2011-01-30 13:00:00,107.201385
2011-01-30 14:00:00,107.15774
2011-01-30 15:00:00,116.249344
2011-01-30 16:00:00,113.6426
2011-01-30 17:00:00,91.96123
2011-01-30 18:00:00,74.293365
2011-01-30 19:00:00,54.116936
2011-01-30 20:00:00,43.51142
2011-01-30 21:00:00,35.96077
2011-01-30 22:00:00,28.304724
2011-01-30 23:00:00,16.520414
2011-01-31 00:00:00,7.7199283
2011-01-31 01:00:00,2.510255
2011-01-31 02:00:00,0.49527702
2011-01-31 03:00:00,0.0
2011-01-31 04:00:00,0.0
2011-01-31 05:00:00,0.0
2011-01-31 06:00:00,16.46173
2011-01-31 07:00:00,61.81579
2011-01-31 08:00:00,163.65977
2011-01-31 09:00:00,91.8655
2011-01-31 10:00:00,33.860012
2011-01-31 11:00:00,34.832607
2011-01-31 12:00:00,50.190937
2011-01-31 13:00:00,45.150303
2011-01-31 14:00:00,44.62702
2011-01-31 15:00:00,46.480152
2011-01-31 16:00:00,69.761734
2011-01-31 17:00:00,154.2129
2011-01-31 18:00:00,149.89969
2011-01-31 19:00:00,119.74097
2011-01-31 20:00:00,58.26159
2011-01-31 21:00:00,37.3742
2011-01-31 22:00:00,30.22526
2011-01-31 23:00:00,16.5694
2011-02-20 00:00:00,26.491945
2011-02-20 01:00:00,21.302334
2011-02-20 02:00:00,15.224634
2011-02-20 03:00:00,3.1506763
2011-02-20 04:00:00,0.0
2011-02-20 06:00:00,0.7329612
2011-02-20 07:00:00,3.5350337
2011-02-20 08:00:00,18.03094
2011-02-20 09:00:00,39.84095
2011-02-20 10:00:00,83.32992
2011-02-20 11:00:00,111.65529
2011-02-20 12:00:00,143.78886
2011-02-20 13:00:00,151.67093
2011-02-20 14:00:00,150.64325
2011-02-20 15:00:00,159.08482
2011-02-20 16:00:00,153.80644
2011-02-20 17:00:00,129.71141
2011-02-20 18:00:00,92.82837
2011-02-20 19:00:00,70.449905
2011-02-20 20:00:00,45.26731
2011-02-20 21:00:00,45.379974
2011-02-20 22:00:00,41.541317
2011-02-20 23:00:00,22.667648
2011-02-21 00:00:00,27.881075
2011-02-21 01:00:00,18.25889
2011-02-21 02:00:00,11.765616
2011-02-21 03:00:00,5.6795945
2011-02-21 04:00:00,0.0
2011-02-21 05:00:00,1.1075647
2011-02-21 06:00:00,15.787841
2011-02-21 07:00:00,59.758366
2011-02-21 08:00:00,112.266106
2011-02-21 09:00:00,95.680984
2011-02-21 10:00:00,85.940285
2011-02-21 11:00:00,98.95931
2011-02-21 12:00:00,117.90104
2011-02-21 13:00:00,74.13955
2011-02-21 14:00:00,113.46853
2011-02-21 15:00:00,102.208496
2011-02-21 16:00:00,82.014725
2011-02-21 17:00:00,126.64916
2011-02-21 18:00:00,99.347244
2011-02-21 19:00:00,87.517006
2011-02-21 20:00:00,51.19544
2011-02-21 21:00:00,38.332905
2011-02-21 22:00:00,27.448736
2011-02-21 23:00:00,18.163414
2011-02-22 06:00:00,25.485664
2011-02-22 07:00:00,79.71427
2011-02-22 08:00:00,197.20477
2011-02-22 09:00:00,113.90266
2011-02-22 10:00:00,49.882534
2011-02-22 11:00:00,51.66713
2011-02-22 12:00:00,68.88062
2011-02-22 13:00:00,73.42743
2011-02-22 14:00:00,66.88941
2011-02-22 15:00:00,70.62395
2011-02-22 16:00:00,88.08225
2011-02-22 17:00:00,179.6577
2011-02-22 18:00:00,177.12685
2011-02-22 19:00:00,109.19522
2011-02-22 20:00:00,80.9492
2011-02-22 21:00:00,61.360542
2011-02-22 22:00:00,41.41662
2011-02-22 23:00:00,27.678236
2011-02-23 00:00:00,9.718298
2011-02-23 01:00:00,3.0797794
2011-02-23 02:00:00,1.4486792
2011-02-23 03:00:00,0.64373493
2011-02-23 05:00:00,3.8168042
2011-02-23 06:00:00,28.971586
2011-02-23 07:00:00,94.556656
2011-02-23 08:00:00,213.9042
2011-02-23 09:00:00,126.78678
2011-02-23 10:00:00,55.57515
2011-02-23 11:00:00,60.02192
2011-02-23 12:00:00,80.35959
2011-02-23 13:00:00,85.70539
2011-02-23 14:00:00,75.57151
2011-02-23 15:00:00,86.37824
2011-02-23 16:00:00,99.32098
2011-02-23 17:00:00,225.52684
2011-02-23 18:00:00,210.62604
2011-02-23 19:00:00,134.69446
2011-02-23 20:00:00,91.33931
2011-02-23 21:00:00,66.096344
2011-02-23 22:00:00,47.57734
2011-02-23 23:00:00,35.426365
2011-02-24 00:00:00,11.914578
2011-02-24 01:00:00,4.532827
2011-02-24 02:00:00,2.0001407
2011-02-24 03:00:00,1.1281306
2011-02-24 05:00:00,4.496103
2011-02-24 06:00:00,32.62336
2011-02-24 07:00:00,100.625786
2011-02-24 08:00:00,245.67325
2011-02-24 09:00:00,128.5264
2011-02-24 10:00:00,58.825645
2011-02-24 11:00:00,70.03017
2011-02-24 12:00:00,85.09085
2011-02-24 13:00:00,84.771774
2011-02-24 14:00:00,76.359795
2011-02-24 15:00:00,41.985676
2011-02-24 16:00:00,59.021698
2011-02-24 17:00:00,162.5997
2011-02-24 18:00:00,147.46991
2011-02-24 19:00:00,73.76928
2011-02-24 20:00:00,70.30923
2011-02-24 21:00:00,65.4492
2011-02-24 22:00:00,29.163303
2011-02-24 23:00:00,29.132286
2011-02-25 00:00:00,12.513049
2011-02-25 01:00:00,8.49395
2011-02-25 02:00:00,6.308034
2011-02-25 03:00:00,1.301663
2011-02-25 05:00:00,4.9346824
2011-02-25 06:00:00,30.805485
2011-02-25 07:00:00,69.54486
2011-02-25 08:00:00,173.35236
2011-02-25 09:00:00,78.609535
2011-02-25 10:00:00,42.462585
2011-02-25 11:00:00,112.23904
2011-02-25 12:00:00,108.854515
2011-02-25 13:00:00,108.22303
2011-02-25 14:00:00,97.38098
2011-02-25 15:00:00,121.85007
2011-02-25 16:00:00,105.71688
2011-02-25 17:00:00,172.57951
2011-02-25 18:00:00,153.16782
2011-02-25 19:00:00,105.08661
2011-02-25 20:00:00,59.39733
2011-02-25 21:00:00,59.86475
2011-02-25 22:00:00,48.763206
2011-02-25 23:00:00,39.58128
2011-02-26 00:00:00,29.831059
2011-02-26 01:00:00,20.53909
2011-02-26 02:00:00,13.487722
2011-02-26 03:00:00,6.936793
2011-02-26 04:00:00,0.86650836
2011-02-26 05:00:00,0.23598649
2011-02-26 06:00:00,0.4059729
2011-02-26 07:00:00,10.948435
2011-02-26 08:00:00,32.349884
2011-02-26 09:00:00,56.35652
2011-02-26 10:00:00,94.982475
2011-02-26 11:00:00,122.29646
2011-02-26 12:00:00,140.78854
2011-02-26 13:00:00,144.65363
2011-02-26 14:00:00,138.79852
2011-02-26 15:00:00,146.9858
2011-02-26 16:00:00,145.39253
2011-02-26 17:00:00,132.9961
2011-02-26 18:00:00,104.68896
2011-02-26 19:00:00,75.36456
2011-02-26 20:00:00,62.306507
2011-02-26 21:00:00,48.437
2011-02-26 22:00:00,45.301086
2011-02-26 23:00:00,38.91613
2011-02-27 00:00:00,31.44347
2011-02-27 01:00:00,27.968485
2011-02-27 02:00:00,21.839508
2011-02-27 03:00:00,12.200762
2011-02-27 04:00:00,3.501661
2011-02-27 06:00:00,2.7173388
2011-02-27 07:00:00,8.707726
2011-02-27 08:00:00,34.629856
2011-02-27 09:00:00,59.901352
2011-02-27 10:00:00,92.843124
2011-02-27 11:00:00,136.01653
2011-02-27 12:00:00,168.07613
2011-02-27 13:00:00,177.98845
2011-02-27 14:00:00,191.69226
2011-02-27 15:00:00,218.67271
2011-02-27 16:00:00,229.38893
2011-02-27 17:00:00,153.10054
2011-02-27 18:00:00,116.71725
2011-02-27 19:00:00,90.5043
2011-02-27 20:00:00,71.95754
2011-02-27 21:00:00,59.326218
2011-02-27 22:00:00,46.452602
2011-02-27 23:00:00,29.001831
2011-02-28 00:00:00,11.031455
2011-02-28 01:00:00,4.8008184
2011-02-28 03:00:00,4.312631
2011-02-28 05:00:00,3.192703
2011-02-28 06:00:00,29.517538
2011-02-28 07:00:00,98.62303
2011-02-28 08:00:00,202.1351
2011-02-28 09:00:00,137.5407
2011-02-28 10:00:00,75.60004
2011-02-28 11:00:00,97.423294
2011-02-28 12:00:00,118.73276
2011-02-28 13:00:00,58.075596
2011-02-28 14:00:00,35.23866
2011-02-28 15:00:00,35.342945
2011-02-28 16:00:00,75.05021
2011-02-28 17:00:00,112.72897
2011-02-28 18:00:00,134.57584
2011-02-28 19:00:00,73.191765
2011-02-28 20:00:00,49.24854
2011-02-28 21:00:00,59.410152
2011-02-28 22:00:00,19.842743
2011-02-28 23:00:00,14.201753
2011-03-20 00:00:00,33.79702
2011-03-20 01:00:00,32.23071
2011-03-20 02:00:00,20.652851
2011-03-20 03:00:00,11.072446
2011-03-20 04:00:00,2.2496595
2011-03-20 05:00:00,1.7380385
2011-03-20 06:00:00,2.4151542
2011-03-20 07:00:00,10.090173
2011-03-20 08:00:00,37.07784
2011-03-20 09:00:00,70.35351
2011-03-20 10:00:00,113.24012
2011-03-20 11:00:00,154.95511
2011-03-20 12:00:00,187.33989
2011-03-20 13:00:00,199.52655
2011-03-20 14:00:00,201.56044
2011-03-20 15:00:00,216.98415
2011-03-20 16:00:00,212.05019
2011-03-20 17:00:00,181.57614
2011-03-20 18:00:00,148.38762
2011-03-20 19:00:00,98.67744
2011-03-20 20:00:00,76.45925
2011-03-20 21:00:00,61.626167
2011-03-20 22:00:00,47.788868
2011-03-20 23:00:00,18.102798
2011-03-21 00:00:00,12.521174
2011-03-21 01:00:00,2.6908863
2011-03-21 02:00:00,1.5557367
2011-03-21 03:00:00,0.0
2011-03-21 05:00:00,2.567826
2011-03-21 06:00:00,20.977962
2011-03-21 07:00:00,60.485126
2011-03-21 08:00:00,228.0163
2011-03-21 09:00:00,117.58985
2011-03-21 10:00:00,57.091663
2011-03-21 11:00:00,70.5816
2011-03-21 12:00:00,91.79198
2011-03-21 13:00:00,119.537575
2011-03-21 14:00:00,113.3853
2011-03-21 15:00:00,132.20523
2011-03-21 16:00:00,166.81432
2011-03-21 17:00:00,348.73083
2011-03-21 18:00:00,319.71985
2011-03-21 19:00:00,264.81674
2011-03-21 20:00:00,177.43254
2011-03-21 21:00:00,66.764946
2011-03-21 22:00:00,52.11489
2011-03-21 23:00:00,38.847015
2011-03-22 00:00:00,23.07309
2011-03-22 01:00:00,7.797768
2011-03-22 02:00:00,4.0607934
2011-03-22 03:00:00,1.9248513
2011-03-22 04:00:00,2.1482525
2011-03-22 05:00:00,9.146182
2011-03-22 06:00:00,54.26058
2011-03-22 07:00:00,150.8989
2011-03-22 08:00:00,282.7811
2011-03-22 09:00:00,136.248
2011-03-22 10:00:00,77.15155
2011-03-22 11:00:00,88.1399
2011-03-22 12:00:00,120.873436
2011-03-22 13:00:00,126.59926
2011-03-22 14:00:00,117.60417
2011-03-22 15:00:00,126.80411
2011-03-22 16:00:00,175.38899
2011-03-22 17:00:00,347.1782
2011-03-22 18:00:00,324.75366
2011-03-22 19:00:00,196.3709
2011-03-22 20:00:00,127.029335
2011-03-22 21:00:00,92.00981
2011-03-22 22:00:00,62.702637
2011-03-22 23:00:00,40.993572
2011-03-23 00:00:00,11.385275
2011-03-23 01:00:00,2.6120572
2011-03-23 02:00:00,1.5486034
2011-03-23 03:00:00,0.0
2011-03-23 05:00:00,9.758819
2011-03-23 06:00:00,38.712868
2011-03-23 07:00:00,110.06236
2011-03-23 08:00:00,268.01874
2011-03-23 09:00:00,130.39667
2011-03-23 10:00:00,52.399357
2011-03-23 11:00:00,56.29363
2011-03-23 12:00:00,60.595146
2011-03-23 13:00:00,61.877808
2011-03-23 14:00:00,57.967724
2011-03-23 15:00:00,69.18342
2011-03-23 16:00:00,121.626755
2011-03-23 17:00:00,256.0757
2011-03-23 18:00:00,163.72112
2011-03-23 19:00:00,121.37143
2011-03-23 20:00:00,33.346954
2011-03-23 21:00:00,25.087442
2011-03-23 22:00:00,34.623272
2011-03-23 23:00:00,19.827679
2011-03-24 00:00:00,10.473283
2011-03-24 01:00:00,5.2988224
2011-03-24 02:00:00,4.2805767
2011-03-24 03:00:00,3.5118346
2011-03-24 04:00:00,3.7745202
2011-03-24 05:00:00,6.126743
2011-03-24 06:00:00,42.480392
2011-03-24 07:00:00,73.621574
2011-03-24 08:00:00,147.43692
2011-03-24 09:00:00,123.48425
2011-03-24 10:00:00,49.877766
2011-03-24 11:00:00,57.607414
2011-03-24 12:00:00,74.84959
2011-03-24 13:00:00,83.53144
2011-03-24 14:00:00,79.049644
2011-03-24 15:00:00,74.481895
2011-03-24 16:00:00,109.93998
2011-03-24 17:00:00,218.90843
2011-03-24 18:00:00,201.77858
2011-03-24 19:00:00,143.77664
2011-03-24 20:00:00,100.324554
2011-03-24 21:00:00,79.230835
2011-03-24 22:00:00,63.526714
2011-03-24 23:00:00,42.48231
2011-03-25 00:00:00,14.424889
2011-03-25 01:00:00,4.687292
2011-03-25 02:00:00,1.9425278
2011-03-25 03:00:00,0.0
2011-03-25 04:00:00,0.0
2011-03-25 05:00:00,5.548918
2011-03-25 06:00:00,35.760536
2011-03-25 07:00:00,112.99959
2011-03-25 08:00:00,259.4531
2011-03-25 09:00:00,142.86243
2011-03-25 10:00:00,69.75515
2011-03-25 11:00:00,84.727615
2011-03-25 12:00:00,110.71193
2011-03-25 13:00:00,112.588
2011-03-25 14:00:00,114.7117
2011-03-25 15:00:00,108.429565
2011-03-25 16:00:00,141.62698
2011-03-25 17:00:00,234.88644
2011-03-25 18:00:00,202.07812
2011-03-25 19:00:00,127.9534
2011-03-25 20:00:00,86.79887
2011-03-25 21:00:00,71.275795
2011-03-25 22:00:00,48.758343
2011-03-25 23:00:00,36.659775
2011-03-26 00:00:00,30.091343
2011-03-26 01:00:00,21.989641
2011-03-26 02:00:00,10.941639
2011-03-26 03:00:00,3.2751486
2011-03-26 04:00:00,0.0
2011-03-26 05:00:00,0.0
2011-03-26 06:00:00,3.2749183
2011-03-26 07:00:00,13.401788
2011-03-26 08:00:00,43.562668
2011-03-26 09:00:00,77.47623
2011-03-26 10:00:00,109.82519
2011-03-26 11:00:00,137.21442
2011-03-26 12:00:00,170.81082
2011-03-26 13:00:00,190.04962
2011-03-26 14:00:00,193.3529
2011-03-26 15:00:00,199.50858
2011-03-26 16:00:00,183.15334
2011-03-26 17:00:00,160.46451
2011-03-26 18:00:00,138.99203
2011-03-26 19:00:00,93.256615
2011-03-26 20:00:00,65.41635
2011-03-26 21:00:00,52.194912
2011-03-26 22:00:00,45.505394
2011-03-26 23:00:00,34.55771
2011-03-27 00:00:00,31.909666
2011-03-27 01:00:00,25.639584
2011-03-27 02:00:00,16.706388
2011-03-27 03:00:00,5.7841163
2011-03-27 04:00:00,3.9663355
2011-03-27 06:00:00,10.166337
2011-03-27 07:00:00,16.40071
2011-03-27 08:00:00,35.035477
2011-03-27 09:00:00,66.21549
2011-03-27 10:00:00,99.01513
2011-03-27 11:00:00,128.88123
2011-03-27 12:00:00,153.17017
2011-03-27 13:00:00,173.0422
2011-03-27 14:00:00,181.64604
2011-03-27 15:00:00,178.4542
2011-03-27 16:00:00,177.73439
2011-03-27 17:00:00,162.14392
2011-03-27 18:00:00,123.908424
2011-03-27 19:00:00,93.49472
2011-03-27 20:00:00,60.6043
2011-03-27 21:00:00,48.689342
2011-03-27 22:00:00,38.702602
2011-03-27 23:00:00,22.94128
2011-03-28 00:00:00,11.591451
2011-03-28 01:00:00,4.263346
2011-03-28 02:00:00,3.1456826
2011-03-28 03:00:00,1.2037756
2011-03-28 05:00:00,5.901346
2011-03-28 06:00:00,32.080215
2011-03-28 07:00:00,107.42805
2011-03-28 08:00:00,230.0828
2011-03-28 09:00:00,123.79917
2011-03-28 10:00:00,59.8163
2011-03-28 11:00:00,61.857826
2011-03-28 12:00:00,85.61131
2011-03-28 13:00:00,88.08222
2011-03-28 14:00:00,78.15386
2011-03-28 15:00:00,81.68381
2011-03-28 16:00:00,116.3829
2011-03-28 17:00:00,240.76335
2011-03-28 18:00:00,215.41573
2011-03-28 19:00:00,161.23705
2011-03-28 20:00:00,102.998634
2011-03-28 21:00:00,78.131516
2011-03-28 22:00:00,42.07144
2011-03-28 23:00:00,19.344164
2011-03-29 00:00:00,8.074938
2011-03-29 01:00:00,2.3055513
2011-03-29 02:00:00,1.5160488
2011-03-29 03:00:00,0.0
2011-03-29 04:00:00,1.055433
2011-03-29 05:00:00,6.227213
2011-03-29 06:00:00,42.88892
2011-03-29 07:00:00,127.75402
2011-03-29 08:00:00,259.7066
2011-03-29 09:00:00,135.43623
2011-03-29 10:00:00,62.377758
2011-03-29 11:00:00,64.67113
2011-03-29 12:00:00,99.51494
2011-03-29 13:00:00,88.28102
2011-03-29 14:00:00,85.3704
2011-03-29 15:00:00,97.01988
2011-03-29 16:00:00,137.61252
2011-03-29 17:00:00,297.51904
2011-03-29 18:00:00,262.1992
2011-03-29 19:00:00,171.25436
2011-03-29 20:00:00,116.73656
2011-03-29 21:00:00,77.90246
2011-03-29 22:00:00,53.05798
2011-03-29 23:00:00,36.99704
2011-03-30 00:00:00,11.690038
2011-03-30 01:00:00,3.339664
2011-03-30 02:00:00,1.0088425
2011-03-30 03:00:00,0.0
2011-03-30 04:00:00,0.0
2011-03-30 05:00:00,7.5782356
2011-03-30 06:00:00,46.141857
2011-03-30 07:00:00,136.12617
2011-03-30 08:00:00,277.29694
2011-03-30 09:00:00,136.03844
2011-03-30 10:00:00,61.28422
2011-03-30 11:00:00,63.60756
2011-03-30 12:00:00,89.29686
2011-03-30 13:00:00,85.39015
2011-03-30 14:00:00,68.470215
2011-03-30 15:00:00,35.86402
2011-03-30 16:00:00,60.369884
2011-03-30 17:00:00,140.06981
2011-03-30 18:00:00,126.996216
2011-03-30 19:00:00,92.41841
2011-03-30 20:00:00,51.757378
2011-03-30 21:00:00,43.228798
2011-03-30 22:00:00,27.548115
2011-03-30 23:00:00,14.817269
2011-03-31 00:00:00,13.078677
2011-03-31 01:00:00,11.179271
2011-03-31 02:00:00,11.42066
2011-03-31 03:00:00,8.287982
2011-03-31 04:00:00,8.38022
2011-03-31 05:00:00,11.993086
2011-03-31 06:00:00,32.528667
2011-03-31 07:00:00,75.03907
2011-03-31 08:00:00,236.48842
2011-03-31 09:00:00,92.41246
2011-03-31 10:00:00,49.2071
2011-03-31 11:00:00,56.31593
2011-03-31 12:00:00,61.20986
2011-03-31 13:00:00,74.96574
2011-03-31 14:00:00,67.67743
2011-03-31 15:00:00,43.42253
2011-03-31 16:00:00,84.81988
2011-03-31 17:00:00,174.87689
2011-03-31 18:00:00,177.6658
2011-03-31 19:00:00,132.0888
2011-03-31 20:00:00,58.284992
2011-03-31 21:00:00,56.473404
2011-03-31 22:00:00,30.028725
2011-03-31 23:00:00,25.909147
2011-04-20 00:00:00,28.617634
2011-04-20 01:00:00,9.358485
2011-04-20 02:00:00,7.9837074
2011-04-20 03:00:00,1.214432
2011-04-20 04:00:00,2.7603083
2011-04-20 05:00:00,10.256988
2011-04-20 06:00:00,65.54478
2011-04-20 07:00:00,189.49011
2011-04-20 08:00:00,379.58624
2011-04-20 09:00:00,182.37685
2011-04-20 10:00:00,108.18433
2011-04-20 11:00:00,120.17366
2011-04-20 12:00:00,158.95547
2011-04-20 13:00:00,155.2892
2011-04-20 14:00:00,134.96107
2011-04-20 15:00:00,136.6575
2011-04-20 16:00:00,210.36366
2011-04-20 17:00:00,419.25787
2011-04-20 18:00:00,412.3999
2011-04-20 19:00:00,309.69162
2011-04-20 20:00:00,222.38913
2011-04-20 21:00:00,165.71957
2011-04-20 22:00:00,110.636314
2011-04-20 23:00:00,68.13072
2011-04-21 00:00:00,30.280237
2011-04-21 01:00:00,9.018201
2011-04-21 02:00:00,8.987858
2011-04-21 03:00:00,0.97102004
2011-04-21 04:00:00,1.8931437
2011-04-21 05:00:00,13.643702
2011-04-21 06:00:00,55.189594
2011-04-21 07:00:00,187.95442
2011-04-21 08:00:00,325.5005
2011-04-21 09:00:00,168.37231
2011-04-21 10:00:00,97.96636
2011-04-21 11:00:00,112.77839
2011-04-21 12:00:00,150.70396
2011-04-21 13:00:00,144.56241
2011-04-21 14:00:00,137.05199
2011-04-21 15:00:00,147.75233
2011-04-21 16:00:00,206.59827
2011-04-21 17:00:00,417.48624
2011-04-21 18:00:00,366.419
2011-04-21 19:00:00,242.47244
2011-04-21 20:00:00,178.82553
2011-04-21 21:00:00,129.72363
2011-04-21 22:00:00,99.827545
2011-04-21 23:00:00,68.10484
2011-04-22 00:00:00,31.532219
2011-04-22 01:00:00,14.024492
2011-04-22 02:00:00,9.013098
2011-04-22 03:00:00,4.799091
2011-04-22 04:00:00,3.2212985
2011-04-22 05:00:00,11.4434805
2011-04-22 06:00:00,59.152996
2011-04-22 07:00:00,166.40833
2011-04-22 08:00:00,322.84756
2011-04-22 09:00:00,122.887695
2011-04-22 10:00:00,100.19819
2011-04-22 11:00:00,83.46495
2011-04-22 12:00:00,97.630875
2011-04-22 13:00:00,92.744644
2011-04-22 14:00:00,66.432106
2011-04-22 15:00:00,90.06586
2011-04-22 16:00:00,143.28627
2011-04-22 17:00:00,172.78427
2011-04-22 18:00:00,151.76453
2011-04-22 19:00:00,116.354095
2011-04-22 20:00:00,89.399574
2011-04-22 21:00:00,69.48091
2011-04-22 22:00:00,52.592365
2011-04-22 23:00:00,53.83943
2011-04-23 00:00:00,38.985615
2011-04-23 01:00:00,31.777086
2011-04-23 02:00:00,32.290836
2011-04-23 03:00:00,17.987026
2011-04-23 04:00:00,7.281966
2011-04-23 05:00:00,7.7342577
2011-04-23 06:00:00,9.726028
2011-04-23 07:00:00,25.833359
2011-04-23 08:00:00,41.859894
2011-04-23 09:00:00,75.31247
2011-04-23 10:00:00,149.92136
2011-04-23 11:00:00,198.23688
2011-04-23 12:00:00,237.5505
2011-04-23 13:00:00,241.93973
2011-04-23 14:00:00,290.82336
2011-04-23 15:00:00,318.3399
2011-04-23 16:00:00,319.73346
2011-04-23 17:00:00,307.07242
2011-04-23 18:00:00,254.81674
2011-04-23 19:00:00,175.8081
2011-04-23 20:00:00,121.93275
2011-04-23 21:00:00,106.64263
2011-04-23 22:00:00,103.6988
2011-04-23 23:00:00,70.80067
2011-04-24 00:00:00,67.77753
2011-04-24 01:00:00,51.463078
2011-04-24 02:00:00,39.39218
2011-04-24 03:00:00,17.52126
2011-04-24 04:00:00,4.8819776
2011-04-24 05:00:00,4.8345795
2011-04-24 06:00:00,6.3160954
2011-04-24 07:00:00,25.024492
2011-04-24 08:00:00,60.27679
2011-04-24 09:00:00,125.343
2011-04-24 10:00:00,228.00914
2011-04-24 11:00:00,326.79245
2011-04-24 12:00:00,365.93723
2011-04-24 13:00:00,367.7082
2011-04-24 14:00:00,363.13608
2011-04-24 15:00:00,362.02304
2011-04-24 16:00:00,368.0555
2011-04-24 17:00:00,338.02698
2011-04-24 18:00:00,304.30893
2011-04-24 19:00:00,154.35878
2011-04-24 20:00:00,113.6093
2011-04-24 21:00:00,59.50731
2011-04-24 22:00:00,28.44391
2011-04-24 23:00:00,33.79352
2011-04-25 00:00:00,21.036457
2011-04-25 01:00:00,11.566428
2011-04-25 02:00:00,7.321264
2011-04-25 03:00:00,2.003081
2011-04-25 04:00:00,1.4590275
2011-04-25 05:00:00,9.385517
2011-04-25 06:00:00,53.813786
2011-04-25 07:00:00,170.41672
2011-04-25 08:00:00,329.0064
2011-04-25 09:00:00,172.04088
2011-04-25 10:00:00,103.75033
2011-04-25 11:00:00,118.254776
2011-04-25 12:00:00,141.16156
2011-04-25 13:00:00,147.64204
2011-04-25 14:00:00,136.70496
2011-04-25 15:00:00,142.02525
2011-04-25 16:00:00,225.04103
2011-04-25 17:00:00,440.06754
2011-04-25 18:00:00,427.7295
2011-04-25 19:00:00,309.34036
2011-04-25 20:00:00,219.32538
2011-04-25 21:00:00,152.98471
2011-04-25 22:00:00,93.409904
2011-04-25 23:00:00,55.694252
2011-04-26 00:00:00,27.634775
2011-04-26 01:00:00,10.344172
2011-04-26 02:00:00,5.7820644
2011-04-26 03:00:00,1.4267268
2011-04-26 04:00:00,2.621105
2011-04-26 05:00:00,11.09752
2011-04-26 06:00:00,76.903824
2011-04-26 07:00:00,238.72867
2011-04-26 08:00:00,370.82367
2011-04-26 09:00:00,182.69968
2011-04-26 10:00:00,101.75808
2011-04-26 11:00:00,124.21157
2011-04-26 12:00:00,156.70544
2011-04-26 13:00:00,149.51277
2011-04-26 14:00:00,134.7086
2011-04-26 15:00:00,144.9779
2011-04-26 16:00:00,232.6709
2011-04-26 17:00:00,448.17654
2011-04-26 18:00:00,424.6715
2011-04-26 19:00:00,296.45547
2011-04-26 20:00:00,213.3481
2011-04-26 21:00:00,159.42175
2011-04-26 22:00:00,92.32744
2011-04-26 23:00:00,54.45099
2011-04-27 00:00:00,27.028206
2011-04-27 01:00:00,10.426241
2011-04-27 02:00:00,7.2511706
2011-04-27 03:00:00,3.3018172
2011-04-27 04:00:00,0.7568761
2011-04-27 05:00:00,6.995586
2011-04-27 06:00:00,67.14245
2011-04-27 07:00:00,216.41258
2011-04-27 08:00:00,347.14856
2011-04-27 09:00:00,163.98735
2011-04-27 10:00:00,88.83077
2011-04-27 11:00:00,100.71014
2011-04-27 12:00:00,131.51349
2011-04-27 13:00:00,129.26369
2011-04-27 14:00:00,128.77489
2011-04-27 15:00:00,134.47473
2011-04-27 16:00:00,204.46501
2011-04-27 17:00:00,276.08453
2011-04-27 18:00:00,259.22906
2011-04-27 19:00:00,263.85608
2011-04-27 20:00:00,167.57921
2011-04-27 21:00:00,120.7807
2011-04-27 22:00:00,70.32867
2011-04-27 23:00:00,45.537933
2011-04-28 00:00:00,36.96093
2011-04-28 01:00:00,13.68497
2011-04-28 02:00:00,6.238496
2011-04-28 03:00:00,5.6229773
2011-04-28 04:00:00,5.133296
2011-04-28 05:00:00,16.790655
2011-04-28 06:00:00,79.41174
2011-04-28 07:00:00,235.62059
2011-04-28 08:00:00,378.58185
2011-04-28 09:00:00,158.37978
2011-04-28 10:00:00,96.65473
2011-04-28 11:00:00,100.92206
2011-04-28 12:00:00,136.33015
2011-04-28 13:00:00,118.13881
2011-04-28 14:00:00,110.06826
2011-04-28 15:00:00,145.30605
2011-04-28 16:00:00,206.83221
2011-04-28 17:00:00,423.76614
2011-04-28 18:00:00,396.94336
2011-04-28 19:00:00,277.19315
2011-04-28 20:00:00,223.47531
2011-04-28 21:00:00,172.02821
2011-04-28 22:00:00,123.46335
2011-04-28 23:00:00,86.92003
2011-04-29 00:00:00,39.138565
2011-04-29 01:00:00,16.882763
2011-04-29 02:00:00,13.177823
2011-04-29 03:00:00,6.9993005
2011-04-29 04:00:00,5.9381995
2011-04-29 05:00:00,16.441406
2011-04-29 06:00:00,75.76803
2011-04-29 07:00:00,215.77676
2011-04-29 08:00:00,387.42142
2011-04-29 09:00:00,200.81042
2011-04-29 10:00:00,137.38457
2011-04-29 11:00:00,163.81955
2011-04-29 12:00:00,206.1231
2011-04-29 13:00:00,207.29094
2011-04-29 14:00:00,193.98512
2011-04-29 15:00:00,192.5075
2011-04-29 16:00:00,256.27634
2011-04-29 17:00:00,401.43585
2011-04-29 18:00:00,360.98615
2011-04-29 19:00:00,235.34715
2011-04-29 20:00:00,169.54678
2011-04-29 21:00:00,129.60147
2011-04-29 22:00:00,114.14308
2011-04-29 23:00:00,82.241646
2011-04-30 00:00:00,57.804924
2011-04-30 01:00:00,46.041042
2011-04-30 02:00:00,33.949814
2011-04-30 03:00:00,15.09284
2011-04-30 04:00:00,4.117218
2011-04-30 05:00:00,5.406997
2011-04-30 06:00:00,13.988562
2011-04-30 07:00:00,44.05286
2011-04-30 08:00:00,83.201004
2011-04-30 09:00:00,142.12709
2011-04-30 10:00:00,236.47394
2011-04-30 11:00:00,296.19296
2011-04-30 12:00:00,345.03595
2011-04-30 13:00:00,360.8131
2011-04-30 14:00:00,342.81967
2011-04-30 15:00:00,362.49747
2011-04-30 16:00:00,353.80063
2011-04-30 17:00:00,331.81284
2011-04-30 18:00:00,278.39523
2011-04-30 19:00:00,219.74394
2011-04-30 20:00:00,140.9289
2011-04-30 21:00:00,115.6293
2011-04-30 22:00:00,94.61511
2011-04-30 23:00:00,81.275696
2011-05-20 00:00:00,39.787094
2011-05-20 01:00:00,17.939667
2011-05-20 02:00:00,13.524832
2011-05-20 03:00:00,6.54575
2011-05-20 04:00:00,6.528062
2011-05-20 05:00:00,22.276186
2011-05-20 06:00:00,104.18443
2011-05-20 07:00:00,279.3811
2011-05-20 08:00:00,442.37527
2011-05-20 09:00:00,234.71376
2011-05-20 10:00:00,162.72237
2011-05-20 11:00:00,189.78532
2011-05-20 12:00:00,246.0583
2011-05-20 13:00:00,224.1327
2011-05-20 14:00:00,238.70006
2011-05-20 15:00:00,249.65198
2011-05-20 16:00:00,342.4652
2011-05-20 17:00:00,521.4477
2011-05-20 18:00:00,494.7592
2011-05-20 19:00:00,344.636
2011-05-20 20:00:00,259.55966
2011-05-20 21:00:00,205.73146
2011-05-20 22:00:00,159.80293
2011-05-20 23:00:00,139.59851
2011-05-21 00:00:00,98.63902
2011-05-21 01:00:00,68.22043
2011-05-21 02:00:00,56.64378
2011-05-21 03:00:00,28.550066
2011-05-21 04:00:00,12.381126
2011-05-21 05:00:00,13.397734
2011-05-21 06:00:00,27.060417
2011-05-21 07:00:00,67.05871
2011-05-21 08:00:00,129.23015
2011-05-21 09:00:00,214.89899
2011-05-21 10:00:00,303.18256
2011-05-21 11:00:00,380.84628
2011-05-21 12:00:00,420.99274
2011-05-21 13:00:00,428.32986
2011-05-21 14:00:00,421.7034
2011-05-21 15:00:00,428.40167
2011-05-21 16:00:00,432.0331
2011-05-21 17:00:00,416.91135
2011-05-21 18:00:00,370.62088
2011-05-21 19:00:00,325.65182
2011-05-21 20:00:00,240.02647
2011-05-21 21:00:00,212.23041
2011-05-21 22:00:00,162.47041
2011-05-21 23:00:00,135.19827
2011-05-22 00:00:00,101.30002
2011-05-22 01:00:00,72.9466
2011-05-22 02:00:00,54.494873
2011-05-22 03:00:00,27.047697
2011-05-22 04:00:00,9.365608
2011-05-22 05:00:00,9.783144
2011-05-22 06:00:00,15.110035
2011-05-22 07:00:00,46.33161
2011-05-22 08:00:00,103.206055
2011-05-22 09:00:00,188.87178
2011-05-22 10:00:00,301.2706
2011-05-22 11:00:00,375.8597
2011-05-22 12:00:00,404.54507
2011-05-22 13:00:00,412.11194
2011-05-22 14:00:00,334.32758
2011-05-22 15:00:00,398.54498
2011-05-22 16:00:00,413.68567
2011-05-22 17:00:00,400.25406
2011-05-22 18:00:00,363.81573
2011-05-22 19:00:00,315.56793
2011-05-22 20:00:00,243.04132
2011-05-22 21:00:00,183.44875
2011-05-22 22:00:00,110.362236
2011-05-22 23:00:00,73.374596
2011-05-23 00:00:00,34.61268
2011-05-23 01:00:00,17.199512
2011-05-23 02:00:00,22.420511
2011-05-23 03:00:00,13.33993
2011-05-23 04:00:00,3.9806662
2011-05-23 05:00:00,16.397793
2011-05-23 06:00:00,82.847084
2011-05-23 07:00:00,222.15271
2011-05-23 08:00:00,386.87592
2011-05-23 09:00:00,189.27803
2011-05-23 10:00:00,119.08532
2011-05-23 11:00:00,148.361
2011-05-23 12:00:00,185.02803
2011-05-23 13:00:00,184.02031
2011-05-23 14:00:00,175.62733
2011-05-23 15:00:00,175.29912
2011-05-23 16:00:00,275.5691
2011-05-23 17:00:00,447.43826
2011-05-23 18:00:00,485.62775
2011-05-23 19:00:00,366.91507
2011-05-23 20:00:00,220.87073
2011-05-23 21:00:00,137.86362
2011-05-23 22:00:00,81.47423
2011-05-23 23:00:00,62.28431
2011-05-24 00:00:00,21.672628
2011-05-24 01:00:00,9.503758
2011-05-24 02:00:00,5.954787
2011-05-24 03:00:00,2.4694667
2011-05-24 04:00:00,6.1125627
2011-05-24 05:00:00,13.4640665
2011-05-24 06:00:00,91.28863
2011-05-24 07:00:00,201.34248
2011-05-24 08:00:00,293.02087
2011-05-24 09:00:00,221.07617
2011-05-24 10:00:00,125.971054
2011-05-24 11:00:00,150.82932
2011-05-24 12:00:00,191.27263
2011-05-24 13:00:00,178.9695
2011-05-24 14:00:00,159.38077
2011-05-24 15:00:00,173.98561
2011-05-24 16:00:00,297.0286
2011-05-24 17:00:00,540.4544
2011-05-24 18:00:00,521.92285
2011-05-24 19:00:00,382.07687
2011-05-24 20:00:00,288.95193
2011-05-24 21:00:00,207.99452
2011-05-24 22:00:00,107.258965
2011-05-24 23:00:00,100.269585
2011-05-25 00:00:00,35.232025
2011-05-25 01:00:00,23.99939
2011-05-25 02:00:00,7.372902
2011-05-25 03:00:00,4.727845
2011-05-25 04:00:00,4.198876
2011-05-25 05:00:00,27.108948
2011-05-25 06:00:00,97.728836
2011-05-25 07:00:00,319.83224
2011-05-25 08:00:00,457.33096
2011-05-25 09:00:00,217.35516
2011-05-25 10:00:00,133.66985
2011-05-25 11:00:00,152.58672
2011-05-25 12:00:00,193.54283
2011-05-25 13:00:00,188.52606
2011-05-25 14:00:00,175.79012
2011-05-25 15:00:00,171.81734
2011-05-25 16:00:00,277.43106
2011-05-25 17:00:00,555.8627
2011-05-25 18:00:00,531.7887
2011-05-25 19:00:00,400.4493
2011-05-25 20:00:00,307.7502
2011-05-25 21:00:00,225.1257
2011-05-25 22:00:00,166.01396
2011-05-25 23:00:00,121.74336
2011-05-26 00:00:00,49.434803
2011-05-26 01:00:00,23.9973
2011-05-26 02:00:00,12.630376
2011-05-26 03:00:00,8.131846
2011-05-26 04:00:00,8.624427
2011-05-26 05:00:00,29.364359
2011-05-26 06:00:00,95.64613
2011-05-26 07:00:00,245.71277
2011-05-26 08:00:00,435.4586
2011-05-26 09:00:00,219.77643
2011-05-26 10:00:00,129.66595
2011-05-26 11:00:00,154.63618
2011-05-26 12:00:00,185.01611
2011-05-26 13:00:00,177.03734
2011-05-26 14:00:00,163.63849
2011-05-26 15:00:00,162.15433
2011-05-26 16:00:00,271.30743
2011-05-26 17:00:00,532.30023
2011-05-26 18:00:00,505.04822
2011-05-26 19:00:00,367.8847
2011-05-26 20:00:00,304.7035
2011-05-26 21:00:00,236.30417
2011-05-26 22:00:00,180.70659
2011-05-26 23:00:00,134.10559
2011-05-27 00:00:00,64.427536
2011-05-27 01:00:00,30.806068
2011-05-27 02:00:00,23.41306
2011-05-27 03:00:00,11.711731
2011-05-27 04:00:00,12.412234
2011-05-27 05:00:00,36.91032
2011-05-27 06:00:00,112.85677
2011-05-27 07:00:00,293.39478
2011-05-27 08:00:00,455.9718
2011-05-27 09:00:00,239.74326
2011-05-27 10:00:00,166.54103
2011-05-27 11:00:00,179.48462
2011-05-27 12:00:00,223.11548
2011-05-27 13:00:00,233.99637
2011-05-27 14:00:00,215.10019
2011-05-27 15:00:00,225.2658
2011-05-27 16:00:00,321.68445
2011-05-27 17:00:00,546.3954
2011-05-27 18:00:00,445.15533
2011-05-27 19:00:00,304.072
2011-05-27 20:00:00,242.84476
2011-05-27 21:00:00,169.20784
2011-05-27 22:00:00,174.952
2011-05-27 23:00:00,137.71744
2011-05-28 00:00:00,105.93333
2011-05-28 01:00:00,79.71208
2011-05-28 02:00:00,53.7936
2011-05-28 03:00:00,28.15392
2011-05-28 04:00:00,14.062842
2011-05-28 05:00:00,14.373974
2011-05-28 06:00:00,29.605213
2011-05-28 07:00:00,62.042645
2011-05-28 08:00:00,124.79154
2011-05-28 09:00:00,213.10953
2011-05-28 10:00:00,298.16602
2011-05-28 11:00:00,370.37866
2011-05-28 12:00:00,401.04907
2011-05-28 13:00:00,408.97678
2011-05-28 14:00:00,399.1734
2011-05-28 15:00:00,414.44
2011-05-28 16:00:00,408.46466
2011-05-28 17:00:00,423.78766
2011-05-28 18:00:00,367.2196
2011-05-28 19:00:00,316.2023
2011-05-28 20:00:00,258.48605
2011-05-28 21:00:00,204.9032
2011-05-28 22:00:00,175.13951
2011-05-28 23:00:00,131.38705
2011-05-29 00:00:00,111.882095
2011-05-29 01:00:00,87.222305
2011-05-29 02:00:00,67.011765
2011-05-29 03:00:00,34.38475
2011-05-29 04:00:00,14.115109
2011-05-29 05:00:00,11.134579
2011-05-29 06:00:00,24.21013
2011-05-29 07:00:00,45.18821
2011-05-29 08:00:00,88.1611
2011-05-29 09:00:00,113.93995
2011-05-29 10:00:00,250.27882
2011-05-29 11:00:00,294.54352
2011-05-29 12:00:00,356.48386
2011-05-29 13:00:00,399.14703
2011-05-29 14:00:00,366.41855
2011-05-29 15:00:00,366.54437
2011-05-29 16:00:00,364.90152
2011-05-29 17:00:00,352.6615
2011-05-29 18:00:00,305.45865
2011-05-29 19:00:00,277.28934
2011-05-29 20:00:00,217.43611
2011-05-29 21:00:00,160.84645
2011-05-29 22:00:00,116.47158
2011-05-29 23:00:00,92.7936
2011-05-30 00:00:00,93.02705
2011-05-30 01:00:00,78.939545
2011-05-30 02:00:00,51.452618
2011-05-30 03:00:00,32.065357
2011-05-30 04:00:00,25.97097
2011-05-30 05:00:00,43.833836
2011-05-30 06:00:00,67.95026
2011-05-30 07:00:00,116.96209
2011-05-30 08:00:00,198.21246
2011-05-30 09:00:00,204.83603
2011-05-30 10:00:00,239.14677
2011-05-30 11:00:00,293.134
2011-05-30 12:00:00,308.32645
2011-05-30 13:00:00,316.63477
2011-05-30 14:00:00,303.86
2011-05-30 15:00:00,290.1535
2011-05-30 16:00:00,330.98624
2011-05-30 17:00:00,448.39484
2011-05-30 18:00:00,444.69806
2011-05-30 19:00:00,318.38055
2011-05-30 20:00:00,338.0327
2011-05-30 21:00:00,280.02777
2011-05-30 22:00:00,188.91632
2011-05-30 23:00:00,91.97526
2011-05-31 00:00:00,38.076046
2011-05-31 01:00:00,20.434244
2011-05-31 02:00:00,9.991257
2011-05-31 03:00:00,3.1827416
2011-05-31 04:00:00,6.96352
2011-05-31 05:00:00,26.04778
2011-05-31 06:00:00,117.363464
2011-05-31 07:00:00,312.02573
2011-05-31 08:00:00,441.6698
2011-05-31 09:00:00,200.57022
2011-05-31 10:00:00,116.59005
2011-05-31 11:00:00,121.50081
2011-05-31 12:00:00,159.63667
2011-05-31 13:00:00,160.04803
2011-05-31 14:00:00,134.01775
2011-05-31 15:00:00,151.54182
2011-05-31 16:00:00,250.27588
2011-05-31 17:00:00,536.92114
2011-05-31 18:00:00,529.86597
2011-05-31 19:00:00,387.54266
2011-05-31 20:00:00,300.00922
2011-05-31 21:00:00,226.63983
2011-05-31 22:00:00,159.48488
2011-05-31 23:00:00,108.00779
2011-06-20 00:00:00,34.194763
2011-06-20 01:00:00,15.843119
2011-06-20 02:00:00,9.376027
2011-06-20 03:00:00,9.97569
2011-06-20 04:00:00,19.015406
2011-06-20 05:00:00,32.887527
2011-06-20 06:00:00,83.98023
2011-06-20 07:00:00,171.43971
2011-06-20 08:00:00,281.58768
2011-06-20 09:00:00,205.84552
2011-06-20 10:00:00,117.46817
2011-06-20 11:00:00,125.33014
2011-06-20 12:00:00,170.24734
2011-06-20 13:00:00,178.731
2011-06-20 14:00:00,172.75563
2011-06-20 15:00:00,188.23694
2011-06-20 16:00:00,292.36444
2011-06-20 17:00:00,547.1052
2011-06-20 18:00:00,539.66284
2011-06-20 19:00:00,386.98373
2011-06-20 20:00:00,281.18863
2011-06-20 21:00:00,211.57574
2011-06-20 22:00:00,137.48807
2011-06-20 23:00:00,81.61886
2011-06-21 00:00:00,36.706253
2011-06-21 01:00:00,14.185277
2011-06-21 02:00:00,12.68624
2011-06-21 03:00:00,9.532281
2011-06-21 04:00:00,4.6624155
2011-06-21 05:00:00,22.007984
2011-06-21 06:00:00,104.40605
2011-06-21 07:00:00,240.43198
2011-06-21 08:00:00,400.3572
2011-06-21 09:00:00,197.45001
2011-06-21 10:00:00,110.33807
2011-06-21 11:00:00,121.51684
2011-06-21 12:00:00,167.85852
2011-06-21 13:00:00,171.42238
2011-06-21 14:00:00,166.41727
2011-06-21 15:00:00,172.29095
2011-06-21 16:00:00,271.2634
2011-06-21 17:00:00,543.0302
2011-06-21 18:00:00,463.86594
2011-06-21 19:00:00,342.8997
2011-06-21 20:00:00,204.64757
2011-06-21 21:00:00,222.65259
2011-06-21 22:00:00,155.52228
2011-06-21 23:00:00,97.5225
2011-06-22 00:00:00,39.698833
2011-06-22 01:00:00,17.9887
2011-06-22 02:00:00,8.5690365
2011-06-22 03:00:00,6.987841
2011-06-22 04:00:00,5.1171513
2011-06-22 05:00:00,23.740692
2011-06-22 06:00:00,110.12641
2011-06-22 07:00:00,316.76346
2011-06-22 08:00:00,439.70477
2011-06-22 09:00:00,212.34393
2011-06-22 10:00:00,110.04249
2011-06-22 11:00:00,138.10191
2011-06-22 12:00:00,172.81569
2011-06-22 13:00:00,156.7697
2011-06-22 14:00:00,154.39929
2011-06-22 15:00:00,145.04617
2011-06-22 16:00:00,242.76256
2011-06-22 17:00:00,518.609
2011-06-22 18:00:00,475.10553
2011-06-22 19:00:00,370.5384
2011-06-22 20:00:00,282.67313
2011-06-22 21:00:00,216.87363
2011-06-22 22:00:00,146.66844
2011-06-22 23:00:00,92.743744
2011-06-23 00:00:00,44.109646
2011-06-23 01:00:00,19.467663
2011-06-23 02:00:00,11.002968
2011-06-23 03:00:00,9.60618
2011-06-23 04:00:00,9.414391
2011-06-23 05:00:00,28.014988
2011-06-23 06:00:00,118.94292
2011-06-23 07:00:00,315.61945
2011-06-23 08:00:00,434.06693
2011-06-23 09:00:00,212.04054
2011-06-23 10:00:00,127.79473
2011-06-23 11:00:00,119.6972
2011-06-23 12:00:00,170.38858
2011-06-23 13:00:00,167.52727
2011-06-23 14:00:00,142.95422
2011-06-23 15:00:00,169.192
2011-06-23 16:00:00,256.12778
2011-06-23 17:00:00,430.93292
2011-06-23 18:00:00,449.15326
2011-06-23 19:00:00,337.93726
2011-06-23 20:00:00,279.27695
2011-06-23 21:00:00,226.79102
2011-06-23 22:00:00,157.3613
2011-06-23 23:00:00,117.01371
2011-06-24 00:00:00,62.484436
2011-06-24 01:00:00,28.813393
2011-06-24 02:00:00,18.571087
2011-06-24 03:00:00,10.293876
2011-06-24 04:00:00,5.988992
2011-06-24 05:00:00,24.529467
2011-06-24 06:00:00,106.901344
2011-06-24 07:00:00,280.8782
2011-06-24 08:00:00,446.79956
2011-06-24 09:00:00,231.4643
2011-06-24 10:00:00,150.74149
2011-06-24 11:00:00,186.14803
2011-06-24 12:00:00,230.47728
2011-06-24 13:00:00,241.75728
2011-06-24 14:00:00,218.33774
2011-06-24 15:00:00,234.6742
2011-06-24 16:00:00,330.48676
2011-06-24 17:00:00,565.6591
2011-06-24 18:00:00,499.86118
2011-06-24 19:00:00,374.89328
2011-06-24 20:00:00,290.0321
2011-06-24 21:00:00,241.33466
2011-06-24 22:00:00,207.20866
2011-06-24 23:00:00,174.99324
2011-06-25 00:00:00,124.476105
2011-06-25 01:00:00,88.23837
2011-06-25 02:00:00,71.52133
2011-06-25 03:00:00,38.443855
2011-06-25 04:00:00,18.459656
2011-06-25 05:00:00,18.461416
2011-06-25 06:00:00,41.407356
2011-06-25 07:00:00,82.801506
2011-06-25 08:00:00,151.84618
2011-06-25 09:00:00,222.40366
2011-06-25 10:00:00,308.11615
2011-06-25 11:00:00,375.54874
2011-06-25 12:00:00,437.75125
2011-06-25 13:00:00,441.5939
2011-06-25 14:00:00,413.3293
2011-06-25 15:00:00,399.73352
2011-06-25 16:00:00,430.11346
2011-06-25 17:00:00,445.78348
2011-06-25 18:00:00,394.06534
2011-06-25 19:00:00,344.1757
2011-06-25 20:00:00,290.0963
2011-06-25 21:00:00,239.92688
2011-06-25 22:00:00,211.16309
2011-06-25 23:00:00,157.41644
2011-06-26 00:00:00,115.489044
2011-06-26 01:00:00,96.11435
2011-06-26 02:00:00,75.78993
2011-06-26 03:00:00,34.35163
2011-06-26 04:00:00,14.903963
2011-06-26 05:00:00,11.897856
2011-06-26 06:00:00,22.04823
2011-06-26 07:00:00,55.67107
2011-06-26 08:00:00,114.490776
2011-06-26 09:00:00,195.10243
2011-06-26 10:00:00,302.65698
2011-06-26 11:00:00,375.47922
2011-06-26 12:00:00,430.05054
2011-06-26 13:00:00,412.2837
2011-06-26 14:00:00,410.89365
2011-06-26 15:00:00,395.67328
2011-06-26 16:00:00,410.58194
2011-06-26 17:00:00,403.7722
2011-06-26 18:00:00,358.1034
2011-06-26 19:00:00,315.51508
2011-06-26 20:00:00,241.52843
2011-06-26 21:00:00,192.85332
2011-06-26 22:00:00,175.93398
2011-06-26 23:00:00,121.122246
2011-06-27 00:00:00,31.729588
2011-06-27 01:00:00,15.461753
2011-06-27 02:00:00,11.303262
2011-06-27 03:00:00,7.2744565
2011-06-27 04:00:00,8.310223
2011-06-27 05:00:00,25.369408
2011-06-27 06:00:00,105.90214
2011-06-27 07:00:00,293.147
2011-06-27 08:00:00,393.0083
2011-06-27 09:00:00,204.39392
2011-06-27 10:00:00,126.07565
2011-06-27 11:00:00,147.70775
2011-06-27 12:00:00,182.89168
2011-06-27 13:00:00,179.41345
2011-06-27 14:00:00,163.11429
2011-06-27 15:00:00,168.21109
2011-06-27 16:00:00,283.03455
2011-06-27 17:00:00,564.5802
2011-06-27 18:00:00,533.4723
2011-06-27 19:00:00,391.83823
2011-06-27 20:00:00,280.66928
2011-06-27 21:00:00,206.70428
2011-06-27 22:00:00,138.5728
2011-06-27 23:00:00,84.522675
2011-06-28 00:00:00,34.620644
2011-06-28 01:00:00,15.655668
2011-06-28 02:00:00,9.626113
2011-06-28 03:00:00,5.7951655
2011-06-28 04:00:00,5.2907686
2011-06-28 05:00:00,23.025082
2011-06-28 06:00:00,113.86075
2011-06-28 07:00:00,312.15192
2011-06-28 08:00:00,425.62997
2011-06-28 09:00:00,202.44458
2011-06-28 10:00:00,128.51442
2011-06-28 11:00:00,144.5138
2011-06-28 12:00:00,172.56572
2011-06-28 13:00:00,167.68988
2011-06-28 14:00:00,147.70753
2011-06-28 15:00:00,150.50865
2011-06-28 16:00:00,251.65706
2011-06-28 17:00:00,439.003
2011-06-28 18:00:00,430.41135
2011-06-28 19:00:00,361.31995
2011-06-28 20:00:00,289.25034
2011-06-28 21:00:00,204.532
2011-06-28 22:00:00,135.25566
2011-06-28 23:00:00,86.052605
2011-06-29 00:00:00,35.23014
2011-06-29 01:00:00,16.008335
2011-06-29 02:00:00,9.6711
2011-06-29 03:00:00,4.1228704
2011-06-29 04:00:00,5.248942
2011-06-29 05:00:00,27.352869
2011-06-29 06:00:00,113.675575
2011-06-29 07:00:00,324.53738
2011-06-29 08:00:00,457.16324
2011-06-29 09:00:00,214.97226
2011-06-29 10:00:00,125.66975
2011-06-29 11:00:00,159.8093
2011-06-29 12:00:00,200.6574
2011-06-29 13:00:00,182.59802
2011-06-29 14:00:00,169.67387
2011-06-29 15:00:00,185.31366
2011-06-29 16:00:00,289.42966
2011-06-29 17:00:00,572.4305
2011-06-29 18:00:00,556.3964
2011-06-29 19:00:00,400.164
2011-06-29 20:00:00,308.98358
2011-06-29 21:00:00,251.03261
2011-06-29 22:00:00,186.45497
2011-06-29 23:00:00,125.14773
2011-06-30 00:00:00,47.46213
2011-06-30 01:00:00,22.114235
2011-06-30 02:00:00,11.942718
2011-06-30 03:00:00,8.820473
2011-06-30 04:00:00,9.03
2011-06-30 05:00:00,31.481071
2011-06-30 06:00:00,120.0661
2011-06-30 07:00:00,325.95404
2011-06-30 08:00:00,456.7666
2011-06-30 09:00:00,214.86624
2011-06-30 10:00:00,130.56087
2011-06-30 11:00:00,164.1083
2011-06-30 12:00:00,208.29874
2011-06-30 13:00:00,201.07806
2011-06-30 14:00:00,175.88849
2011-06-30 15:00:00,190.07933
2011-06-30 16:00:00,297.22836
2011-06-30 17:00:00,572.34204
2011-06-30 18:00:00,560.68896
2011-06-30 19:00:00,399.73608
2011-06-30 20:00:00,316.3368
2011-06-30 21:00:00,246.05586
2011-06-30 22:00:00,193.27667
2011-06-30 23:00:00,139.5822
2011-07-20 00:00:00,39.735424
2011-07-20 01:00:00,18.138823
2011-07-20 02:00:00,10.633543
2011-07-20 03:00:00,6.8892083
2011-07-20 04:00:00,6.0271473
2011-07-20 05:00:00,26.178654
2011-07-20 06:00:00,114.18064
2011-07-20 07:00:00,299.72552
2011-07-20 08:00:00,434.53418
2011-07-20 09:00:00,204.0803
2011-07-20 10:00:00,118.91971
2011-07-20 11:00:00,134.48553
2011-07-20 12:00:00,159.77968
2011-07-20 13:00:00,163.8778
2011-07-20 14:00:00,159.87964
2011-07-20 15:00:00,160.73645
2011-07-20 16:00:00,238.3423
2011-07-20 17:00:00,522.5991
2011-07-20 18:00:00,515.21094
2011-07-20 19:00:00,372.73218
2011-07-20 20:00:00,280.22772
2011-07-20 21:00:00,236.44485
2011-07-20 22:00:00,160.90936
2011-07-20 23:00:00,108.11784
2011-07-21 00:00:00,48.653
2011-07-21 01:00:00,20.87442
2011-07-21 02:00:00,13.910361
2011-07-21 03:00:00,8.925935
2011-07-21 04:00:00,10.817781
2011-07-21 05:00:00,29.049896
2011-07-21 06:00:00,121.11568
2011-07-21 07:00:00,309.67245
2011-07-21 08:00:00,430.34204
2011-07-21 09:00:00,185.1319
2011-07-21 10:00:00,116.64549
2011-07-21 11:00:00,136.01689
2011-07-21 12:00:00,167.36269
2011-07-21 13:00:00,164.5668
2011-07-21 14:00:00,158.46281
2011-07-21 15:00:00,159.72398
2011-07-21 16:00:00,242.93091
2011-07-21 17:00:00,479.1791
2011-07-21 18:00:00,464.83752
2011-07-21 19:00:00,326.29688
2011-07-21 20:00:00,273.59116
2011-07-21 21:00:00,218.16364
2011-07-21 22:00:00,172.28421
2011-07-21 23:00:00,120.26904
2011-07-22 00:00:00,64.88033
2011-07-22 01:00:00,24.439905
2011-07-22 02:00:00,22.3675
2011-07-22 03:00:00,10.814941
2011-07-22 04:00:00,14.474037
2011-07-22 05:00:00,27.872658
2011-07-22 06:00:00,115.17601
2011-07-22 07:00:00,279.2263
2011-07-22 08:00:00,418.8166
2011-07-22 09:00:00,198.33252
2011-07-22 10:00:00,135.86183
2011-07-22 11:00:00,159.6689
2011-07-22 12:00:00,186.97751
2011-07-22 13:00:00,187.03679
2011-07-22 14:00:00,173.68585
2011-07-22 15:00:00,183.60876
2011-07-22 16:00:00,229.86314
2011-07-22 17:00:00,465.76843
2011-07-22 18:00:00,438.49426
2011-07-22 19:00:00,327.63113
2011-07-22 20:00:00,257.21207
2011-07-22 21:00:00,226.05038
2011-07-22 22:00:00,187.80309
2011-07-22 23:00:00,151.9728
2011-07-23 00:00:00,111.87765
2011-07-23 01:00:00,89.836365
2011-07-23 02:00:00,66.01042
2011-07-23 03:00:00,38.549
2011-07-23 04:00:00,19.710781
2011-07-23 05:00:00,22.580061
2011-07-23 06:00:00,42.652462
2011-07-23 07:00:00,81.886566
2011-07-23 08:00:00,132.92519
2011-07-23 09:00:00,201.3668
2011-07-23 10:00:00,277.30014
2011-07-23 11:00:00,311.58368
2011-07-23 12:00:00,330.95453
2011-07-23 13:00:00,319.20636
2011-07-23 14:00:00,302.45517
2011-07-23 15:00:00,282.18716
2011-07-23 16:00:00,295.8105
2011-07-23 17:00:00,307.1283
2011-07-23 18:00:00,312.33032
2011-07-23 19:00:00,298.8258
2011-07-23 20:00:00,274.9074
2011-07-23 21:00:00,231.8838
2011-07-23 22:00:00,199.61359
2011-07-23 23:00:00,164.1538
2011-07-24 00:00:00,128.737
2011-07-24 01:00:00,100.147766
2011-07-24 02:00:00,80.11485
2011-07-24 03:00:00,40.495045
2011-07-24 04:00:00,22.827602
2011-07-24 05:00:00,23.881273
2011-07-24 06:00:00,32.113544
2011-07-24 07:00:00,68.74793
2011-07-24 08:00:00,110.30838
2011-07-24 09:00:00,177.84589
2011-07-24 10:00:00,275.54868
2011-07-24 11:00:00,337.14847
2011-07-24 12:00:00,342.30106
2011-07-24 13:00:00,373.51224
2011-07-24 14:00:00,350.8867
2011-07-24 15:00:00,321.60126
2011-07-24 16:00:00,322.07587
2011-07-24 17:00:00,320.51593
2011-07-24 18:00:00,321.14194
2011-07-24 19:00:00,311.73297
2011-07-24 20:00:00,274.43973
2011-07-24 21:00:00,188.61502
2011-07-24 22:00:00,136.15955
2011-07-24 23:00:00,97.51815
2011-07-25 00:00:00,41.894157
2011-07-25 01:00:00,22.398594
2011-07-25 02:00:00,14.196252
2011-07-25 03:00:00,7.6369724
2011-07-25 04:00:00,10.699893
2011-07-25 05:00:00,27.769524
2011-07-25 06:00:00,112.70353
2011-07-25 07:00:00,296.79495
2011-07-25 08:00:00,403.0734
2011-07-25 09:00:00,177.52094
2011-07-25 10:00:00,106.22654
2011-07-25 11:00:00,138.62221
2011-07-25 12:00:00,171.09755
2011-07-25 13:00:00,149.56154
2011-07-25 14:00:00,130.74762
2011-07-25 15:00:00,123.43738
2011-07-25 16:00:00,190.06859
2011-07-25 17:00:00,466.5196
2011-07-25 18:00:00,486.43933
2011-07-25 19:00:00,373.46002
2011-07-25 20:00:00,275.7005
2011-07-25 21:00:00,178.12375
2011-07-25 22:00:00,129.47264
2011-07-25 23:00:00,81.95904
2011-07-26 00:00:00,38.140373
2011-07-26 01:00:00,16.788603
2011-07-26 02:00:00,11.924394
2011-07-26 03:00:00,8.888854
2011-07-26 04:00:00,9.285587
2011-07-26 05:00:00,25.855541
2011-07-26 06:00:00,114.94218
2011-07-26 07:00:00,318.948
2011-07-26 08:00:00,437.196
2011-07-26 09:00:00,209.20744
2011-07-26 10:00:00,125.57872
2011-07-26 11:00:00,146.35667
2011-07-26 12:00:00,185.46185
2011-07-26 13:00:00,184.79184
2011-07-26 14:00:00,163.83696
2011-07-26 15:00:00,169.13628
2011-07-26 16:00:00,277.16644
2011-07-26 17:00:00,566.72284
2011-07-26 18:00:00,558.627
2011-07-26 19:00:00,395.58835
2011-07-26 20:00:00,308.78604
2011-07-26 21:00:00,247.4842
2011-07-26 22:00:00,178.25537
2011-07-26 23:00:00,108.93548
2011-07-27 00:00:00,46.429146
2011-07-27 01:00:00,20.360395
2011-07-27 02:00:00,10.416812
2011-07-27 03:00:00,7.8816013
2011-07-27 04:00:00,9.324504
2011-07-27 05:00:00,30.406523
2011-07-27 06:00:00,119.907135
2011-07-27 07:00:00,320.94327
2011-07-27 08:00:00,446.98956
2011-07-27 09:00:00,211.30121
2011-07-27 10:00:00,119.48628
2011-07-27 11:00:00,145.1333
2011-07-27 12:00:00,192.65302
2011-07-27 13:00:00,187.87865
2011-07-27 14:00:00,171.6485
2011-07-27 15:00:00,175.55737
2011-07-27 16:00:00,294.05118
2011-07-27 17:00:00,572.4975
2011-07-27 18:00:00,572.76337
2011-07-27 19:00:00,408.94333
2011-07-27 20:00:00,315.94437
2011-07-27 21:00:00,241.94954
2011-07-27 22:00:00,180.70224
2011-07-27 23:00:00,121.7221
2011-07-28 00:00:00,51.08217
2011-07-28 01:00:00,21.736223
2011-07-28 02:00:00,12.794153
2011-07-28 03:00:00,5.771572
2011-07-28 04:00:00,7.8687487
2011-07-28 05:00:00,26.824955
2011-07-28 06:00:00,114.250725
2011-07-28 07:00:00,316.93945
2011-07-28 08:00:00,446.69196
2011-07-28 09:00:00,209.3293
2011-07-28 10:00:00,127.41799
2011-07-28 11:00:00,136.40797
2011-07-28 12:00:00,174.75179
2011-07-28 13:00:00,166.15959
2011-07-28 14:00:00,155.19894
2011-07-28 15:00:00,161.29015
2011-07-28 16:00:00,262.39676
2011-07-28 17:00:00,535.8112
2011-07-28 18:00:00,499.1514
2011-07-28 19:00:00,380.5945
2011-07-28 20:00:00,288.08032
2011-07-28 21:00:00,214.4428
2011-07-28 22:00:00,143.54222
2011-07-28 23:00:00,133.08661
2011-07-29 00:00:00,63.0471
2011-07-29 01:00:00,31.311937
2011-07-29 02:00:00,21.134176
2011-07-29 03:00:00,10.8341
2011-07-29 04:00:00,13.383045
2011-07-29 05:00:00,28.21926
2011-07-29 06:00:00,116.19911
2011-07-29 07:00:00,289.88724
2011-07-29 08:00:00,427.15128
2011-07-29 09:00:00,201.03783
2011-07-29 10:00:00,136.7148
2011-07-29 11:00:00,166.68434
2011-07-29 12:00:00,171.64124
2011-07-29 13:00:00,168.0942
2011-07-29 14:00:00,161.53821
2011-07-29 15:00:00,166.7569
2011-07-29 16:00:00,259.7122
2011-07-29 17:00:00,454.79135
2011-07-29 18:00:00,413.07184
2011-07-29 19:00:00,323.02298
2011-07-29 20:00:00,263.54688
2011-07-29 21:00:00,244.63548
2011-07-29 22:00:00,210.3207
2011-07-29 23:00:00,162.56085
2011-07-30 00:00:00,127.683846
2011-07-30 01:00:00,88.80384
2011-07-30 02:00:00,72.82279
2011-07-30 03:00:00,39.642284
2011-07-30 04:00:00,19.074984
2011-07-30 05:00:00,16.354458
2011-07-30 06:00:00,31.965044
2011-07-30 07:00:00,75.954124
2011-07-30 08:00:00,138.71098
2011-07-30 09:00:00,212.80054
2011-07-30 10:00:00,302.20682
2011-07-30 11:00:00,354.8157
2011-07-30 12:00:00,398.58258
2011-07-30 13:00:00,379.10742
2011-07-30 14:00:00,344.98087
2011-07-30 15:00:00,351.65524
2011-07-30 16:00:00,356.73798
2011-07-30 17:00:00,370.9854
2011-07-30 18:00:00,368.66846
2011-07-30 19:00:00,370.63077
2011-07-30 20:00:00,286.50305
2011-07-30 21:00:00,245.92198
2011-07-30 22:00:00,207.87093
2011-07-30 23:00:00,172.20256
2011-07-31 00:00:00,124.42756
2011-07-31 01:00:00,98.89839
2011-07-31 02:00:00,78.16488
2011-07-31 03:00:00,32.051735
2011-07-31 04:00:00,14.680564
2011-07-31 05:00:00,14.870601
2011-07-31 06:00:00,23.427563
2011-07-31 07:00:00,66.54019
2011-07-31 08:00:00,117.12537
2011-07-31 09:00:00,191.44958
2011-07-31 10:00:00,289.91464
2011-07-31 11:00:00,329.23047
2011-07-31 12:00:00,348.6953
2011-07-31 13:00:00,361.24997
2011-07-31 14:00:00,341.5222
2011-07-31 15:00:00,323.78247
2011-07-31 16:00:00,330.21466
2011-07-31 17:00:00,329.52017
2011-07-31 18:00:00,345.43457
2011-07-31 19:00:00,315.72864
2011-07-31 20:00:00,260.19165
2011-07-31 21:00:00,201.02626
2011-07-31 22:00:00,123.32311
2011-07-31 23:00:00,101.908066
2011-08-20 00:00:00,106.074486
2011-08-20 01:00:00,81.23193
2011-08-20 02:00:00,61.311028
2011-08-20 03:00:00,28.332634
2011-08-20 04:00:00,9.965744
2011-08-20 05:00:00,9.907341
2011-08-20 06:00:00,20.799274
2011-08-20 07:00:00,43.60438
2011-08-20 08:00:00,116.278946
2011-08-20 09:00:00,205.40259
2011-08-20 10:00:00,293.8321
2011-08-20 11:00:00,356.03912
2011-08-20 12:00:00,393.5907
2011-08-20 13:00:00,390.41083
2011-08-20 14:00:00,393.3792
2011-08-20 15:00:00,383.20575
2011-08-20 16:00:00,381.4527
2011-08-20 17:00:00,396.75595
2011-08-20 18:00:00,345.75223
2011-08-20 19:00:00,316.3471
2011-08-20 20:00:00,253.35506
2011-08-20 21:00:00,191.81091
2011-08-20 22:00:00,140.98451
2011-08-20 23:00:00,123.535324
2011-08-21 00:00:00,114.06311
2011-08-21 01:00:00,86.17014
2011-08-21 02:00:00,74.095924
2011-08-21 03:00:00,31.90552
2011-08-21 04:00:00,10.576187
2011-08-21 05:00:00,10.44012
2011-08-21 06:00:00,14.38863
2011-08-21 07:00:00,38.33113
2011-08-21 08:00:00,76.602745
2011-08-21 09:00:00,167.33852
2011-08-21 10:00:00,247.59186
2011-08-21 11:00:00,327.60944
2011-08-21 12:00:00,367.14667
2011-08-21 13:00:00,375.06546
2011-08-21 14:00:00,256.28296
2011-08-21 15:00:00,268.9604
2011-08-21 16:00:00,284.74216
2011-08-21 17:00:00,258.47546
2011-08-21 18:00:00,242.89243
2011-08-21 19:00:00,266.60898
2011-08-21 20:00:00,187.42084
2011-08-21 21:00:00,148.45302
2011-08-21 22:00:00,115.218864
2011-08-21 23:00:00,81.16114
2011-08-22 00:00:00,34.5737
2011-08-22 01:00:00,13.937371
2011-08-22 02:00:00,9.399641
2011-08-22 03:00:00,8.079294
2011-08-22 04:00:00,3.879536
2011-08-22 05:00:00,20.84884
2011-08-22 06:00:00,99.00055
2011-08-22 07:00:00,291.92395
2011-08-22 08:00:00,395.50253
2011-08-22 09:00:00,198.08441
2011-08-22 10:00:00,121.74188
2011-08-22 11:00:00,146.18335
2011-08-22 12:00:00,188.32396
2011-08-22 13:00:00,181.4738
2011-08-22 14:00:00,175.08513
2011-08-22 15:00:00,177.16342
2011-08-22 16:00:00,288.5495
2011-08-22 17:00:00,569.79095
2011-08-22 18:00:00,554.62476
2011-08-22 19:00:00,387.77875
2011-08-22 20:00:00,287.4857
2011-08-22 21:00:00,210.02121
2011-08-22 22:00:00,138.55212
2011-08-22 23:00:00,84.41749
2011-08-23 00:00:00,32.27088
2011-08-23 01:00:00,14.787555
2011-08-23 02:00:00,7.618548
2011-08-23 03:00:00,4.5615535
2011-08-23 04:00:00,5.6194983
2011-08-23 05:00:00,25.084839
2011-08-23 06:00:00,112.890854
2011-08-23 07:00:00,316.1782
2011-08-23 08:00:00,426.90344
2011-08-23 09:00:00,208.28154
2011-08-23 10:00:00,126.38217
2011-08-23 11:00:00,153.84937
2011-08-23 12:00:00,199.70447
2011-08-23 13:00:00,200.52866
2011-08-23 14:00:00,182.9337
2011-08-23 15:00:00,190.8041
2011-08-23 16:00:00,305.66147
2011-08-23 17:00:00,584.5357
2011-08-23 18:00:00,568.5925
2011-08-23 19:00:00,374.5255
2011-08-23 20:00:00,280.29584
2011-08-23 21:00:00,204.69432
2011-08-23 22:00:00,157.83067
2011-08-23 23:00:00,93.90601
2011-08-24 00:00:00,38.93028
2011-08-24 01:00:00,14.752545
2011-08-24 02:00:00,8.657126
2011-08-24 03:00:00,5.701099
2011-08-24 04:00:00,5.5532746
2011-08-24 05:00:00,25.606094
2011-08-24 06:00:00,110.69338
2011-08-24 07:00:00,315.1199
2011-08-24 08:00:00,442.27582
2011-08-24 09:00:00,208.66882
2011-08-24 10:00:00,124.962296
2011-08-24 11:00:00,150.71368
2011-08-24 12:00:00,178.61617
2011-08-24 13:00:00,182.15178
2011-08-24 14:00:00,170.9675
2011-08-24 15:00:00,170.53563
2011-08-24 16:00:00,263.44806
2011-08-24 17:00:00,541.4933
2011-08-24 18:00:00,527.94196
2011-08-24 19:00:00,367.1426
2011-08-24 20:00:00,270.17233
2011-08-24 21:00:00,208.00896
2011-08-24 22:00:00,141.42502
2011-08-24 23:00:00,80.43958
2011-08-25 00:00:00,40.04295
2011-08-25 01:00:00,16.729319
2011-08-25 02:00:00,7.8731966
2011-08-25 03:00:00,2.4671912
2011-08-25 04:00:00,5.6670475
2011-08-25 05:00:00,22.239437
2011-08-25 06:00:00,104.81755
2011-08-25 07:00:00,290.57443
2011-08-25 08:00:00,410.04672
2011-08-25 09:00:00,204.97226
2011-08-25 10:00:00,118.34886
2011-08-25 11:00:00,109.6732
2011-08-25 12:00:00,119.77702
2011-08-25 13:00:00,130.5813
2011-08-25 14:00:00,123.117874
2011-08-25 15:00:00,130.04648
2011-08-25 16:00:00,178.12257
2011-08-25 17:00:00,348.5942
2011-08-25 18:00:00,320.36346
2011-08-25 19:00:00,266.0108
2011-08-25 20:00:00,214.93568
2011-08-25 21:00:00,178.84705
2011-08-25 22:00:00,107.71245
2011-08-25 23:00:00,79.64239
2011-08-26 00:00:00,52.09008
2011-08-26 01:00:00,22.142107
2011-08-26 02:00:00,14.140893
2011-08-26 03:00:00,6.5226116
2011-08-26 04:00:00,4.505147
2011-08-26 05:00:00,22.687155
2011-08-26 06:00:00,94.01574
2011-08-26 07:00:00,266.2936
2011-08-26 08:00:00,410.4774
2011-08-26 09:00:00,217.19736
2011-08-26 10:00:00,146.56711
2011-08-26 11:00:00,166.71417
2011-08-26 12:00:00,214.45706
2011-08-26 13:00:00,220.70007
2011-08-26 14:00:00,185.80835
2011-08-26 15:00:00,213.69276
2011-08-26 16:00:00,300.72116
2011-08-26 17:00:00,413.12595
2011-08-26 18:00:00,382.31952
2011-08-26 19:00:00,260.31522
2011-08-26 20:00:00,216.78781
2011-08-26 21:00:00,176.33916
2011-08-26 22:00:00,148.74088
2011-08-26 23:00:00,128.6752
2011-08-27 00:00:00,114.23036
2011-08-27 01:00:00,82.772514
2011-08-27 02:00:00,63.249462
2011-08-27 03:00:00,30.471138
2011-08-27 04:00:00,10.902222
2011-08-27 05:00:00,6.032311
2011-08-27 06:00:00,16.189728
2011-08-27 07:00:00,41.10405
2011-08-27 08:00:00,102.33952
2011-08-27 09:00:00,154.71654
2011-08-27 10:00:00,223.59692
2011-08-27 11:00:00,210.97897
2011-08-27 12:00:00,229.12079
2011-08-27 13:00:00,235.78836
2011-08-27 14:00:00,186.8343
2011-08-27 15:00:00,195.35864
2011-08-27 16:00:00,183.02075
2011-08-27 17:00:00,133.54897
2011-08-28 07:00:00,32.318523
2011-08-28 08:00:00,70.20748
2011-08-28 09:00:00,159.05946
2011-08-28 10:00:00,266.63666
2011-08-28 11:00:00,339.52228
2011-08-28 12:00:00,400.10754
2011-08-28 13:00:00,412.62234
2011-08-28 14:00:00,380.83694
2011-08-28 15:00:00,376.65942
2011-08-28 16:00:00,381.39468
2011-08-28 17:00:00,409.02786
2011-08-28 18:00:00,378.03952
2011-08-28 19:00:00,312.67654
2011-08-28 20:00:00,244.31247
2011-08-28 21:00:00,187.13133
2011-08-28 22:00:00,122.22517
2011-08-28 23:00:00,75.26643
2011-08-29 00:00:00,34.63178
2011-08-29 01:00:00,12.297333
2011-08-29 02:00:00,7.3643136
2011-08-29 03:00:00,3.7385914
2011-08-29 04:00:00,5.0310287
2011-08-29 05:00:00,24.807674
2011-08-29 06:00:00,105.42567
2011-08-29 07:00:00,297.9792
2011-08-29 08:00:00,401.92896
2011-08-29 09:00:00,199.10373
2011-08-29 10:00:00,121.12322
2011-08-29 11:00:00,148.0221
2011-08-29 12:00:00,197.319
2011-08-29 13:00:00,192.15201
2011-08-29 14:00:00,172.59767
2011-08-29 15:00:00,186.5034
2011-08-29 16:00:00,293.27377
2011-08-29 17:00:00,546.7791
2011-08-29 18:00:00,537.4629
2011-08-29 19:00:00,379.6289
2011-08-29 20:00:00,279.77567
2011-08-29 21:00:00,207.99213
2011-08-29 22:00:00,143.26035
2011-08-29 23:00:00,83.165535
2011-08-30 00:00:00,34.047863
2011-08-30 01:00:00,12.0434675
2011-08-30 02:00:00,7.67541
2011-08-30 03:00:00,4.854468
2011-08-30 04:00:00,6.445945
2011-08-30 05:00:00,26.551376
2011-08-30 06:00:00,113.45353
2011-08-30 07:00:00,317.9137
2011-08-30 08:00:00,439.89438
2011-08-30 09:00:00,207.6896
2011-08-30 10:00:00,127.46513
2011-08-30 11:00:00,155.83784
2011-08-30 12:00:00,199.47032
2011-08-30 13:00:00,196.85336
2011-08-30 14:00:00,178.46753
2011-08-30 15:00:00,188.44522
2011-08-30 16:00:00,299.6002
2011-08-30 17:00:00,575.4486
2011-08-30 18:00:00,553.0876
2011-08-30 19:00:00,372.13797
2011-08-30 20:00:00,273.38477
2011-08-30 21:00:00,193.025
2011-08-30 22:00:00,138.61952
2011-08-30 23:00:00,85.116844
2011-08-31 00:00:00,31.01234
2011-08-31 01:00:00,10.630817
2011-08-31 02:00:00,6.037461
2011-08-31 03:00:00,4.180324
2011-08-31 04:00:00,4.244169
2011-08-31 05:00:00,24.984066
2011-08-31 06:00:00,109.01283
2011-08-31 07:00:00,314.06793
2011-08-31 08:00:00,433.4
2011-08-31 09:00:00,204.66508
2011-08-31 10:00:00,123.324715
2011-08-31 11:00:00,151.85483
2011-08-31 12:00:00,191.19153
2011-08-31 13:00:00,195.11589
2011-08-31 14:00:00,171.4548
2011-08-31 15:00:00,181.71745
2011-08-31 16:00:00,286.9148
2011-08-31 17:00:00,562.96045
2011-08-31 18:00:00,540.01135
2011-08-31 19:00:00,372.6304
2011-08-31 20:00:00,281.62115
2011-08-31 21:00:00,210.99599
2011-08-31 22:00:00,127.37544
2011-08-31 23:00:00,79.19468
2011-09-20 00:00:00,31.447945
2011-09-20 01:00:00,12.298667
2011-09-20 02:00:00,7.851453
2011-09-20 03:00:00,5.049872
2011-09-20 04:00:00,7.1751156
2011-09-20 05:00:00,24.322151
2011-09-20 06:00:00,107.49217
2011-09-20 07:00:00,282.09067
2011-09-20 08:00:00,231.21082
2011-09-20 09:00:00,132.7183
2011-09-20 10:00:00,96.87446
2011-09-20 11:00:00,95.87903
2011-09-20 12:00:00,95.01847
2011-09-20 13:00:00,91.0917
2011-09-20 14:00:00,102.113655
2011-09-20 15:00:00,143.42888
2011-09-20 16:00:00,185.61441
2011-09-20 17:00:00,373.3248
2011-09-20 18:00:00,355.8732
2011-09-20 19:00:00,255.41322
2011-09-20 20:00:00,174.42538
2011-09-20 21:00:00,135.35327
2011-09-20 22:00:00,105.28338
2011-09-20 23:00:00,67.11411
2011-09-21 00:00:00,27.407028
2011-09-21 01:00:00,11.759716
2011-09-21 02:00:00,7.910039
2011-09-21 03:00:00,4.3826213
2011-09-21 04:00:00,5.701917
2011-09-21 05:00:00,18.17012
2011-09-21 06:00:00,92.70029
2011-09-21 07:00:00,247.89021
2011-09-21 08:00:00,359.40985
2011-09-21 09:00:00,155.06952
2011-09-21 10:00:00,95.20424
2011-09-21 11:00:00,109.291664
2011-09-21 12:00:00,140.29745
2011-09-21 13:00:00,155.42743
2011-09-21 14:00:00,141.68788
2011-09-21 15:00:00,145.20438
2011-09-21 16:00:00,237.4618
2011-09-21 17:00:00,386.4664
2011-09-21 18:00:00,274.3691
2011-09-21 19:00:00,152.30276
2011-09-21 20:00:00,106.41389
2011-09-21 21:00:00,100.70222
2011-09-21 22:00:00,80.71122
2011-09-21 23:00:00,64.95537
2011-09-22 00:00:00,32.71024
2011-09-22 01:00:00,12.497002
2011-09-22 02:00:00,8.865247
2011-09-22 03:00:00,5.742173
2011-09-22 04:00:00,6.1238036
2011-09-22 05:00:00,18.714928
2011-09-22 06:00:00,92.97014
2011-09-22 07:00:00,255.16959
2011-09-22 08:00:00,347.78543
2011-09-22 09:00:00,163.2893
2011-09-22 10:00:00,103.91513
2011-09-22 11:00:00,107.90815
2011-09-22 12:00:00,129.5186
2011-09-22 13:00:00,122.927895
2011-09-22 14:00:00,114.92584
2011-09-22 15:00:00,142.82228
2011-09-22 16:00:00,243.98872
2011-09-22 17:00:00,403.81702
2011-09-22 18:00:00,288.8972
2011-09-22 19:00:00,207.16705
2011-09-22 20:00:00,125.516525
2011-09-22 21:00:00,122.865074
2011-09-22 22:00:00,84.173294
2011-09-22 23:00:00,56.1805
2011-09-23 00:00:00,35.687637
2011-09-23 01:00:00,15.867191
2011-09-23 02:00:00,9.99396
2011-09-23 03:00:00,5.645047
2011-09-23 04:00:00,5.6562004
2011-09-23 05:00:00,15.733297
2011-09-23 06:00:00,83.32021
2011-09-23 07:00:00,144.4765
2011-09-23 08:00:00,257.5053
2011-09-23 09:00:00,135.89359
2011-09-23 10:00:00,102.983185
2011-09-23 11:00:00,106.41496
2011-09-23 12:00:00,120.125046
2011-09-23 13:00:00,109.55514
2011-09-23 14:00:00,105.425095
2011-09-23 15:00:00,127.423706
2011-09-23 16:00:00,165.20912
2011-09-23 17:00:00,261.5924
2011-09-23 18:00:00,244.38687
2011-09-23 19:00:00,190.64522
2011-09-23 20:00:00,146.61035
2011-09-23 21:00:00,112.014175
2011-09-23 22:00:00,108.83701
2011-09-23 23:00:00,77.616714
2011-09-24 00:00:00,103.22261
2011-09-24 01:00:00,74.5767
2011-09-24 02:00:00,60.3172
2011-09-24 03:00:00,32.33321
2011-09-24 04:00:00,14.671449
2011-09-24 05:00:00,13.009947
2011-09-24 06:00:00,16.578646
2011-09-24 07:00:00,50.46973
2011-09-24 08:00:00,71.00828
2011-09-24 09:00:00,167.7948
2011-09-24 10:00:00,247.21248
2011-09-24 11:00:00,299.08087
2011-09-24 12:00:00,324.9959
2011-09-24 13:00:00,354.31073
2011-09-24 14:00:00,344.77655
2011-09-24 15:00:00,354.1312
2011-09-24 16:00:00,335.9566
2011-09-24 17:00:00,350.64203
2011-09-24 18:00:00,306.66702
2011-09-24 19:00:00,198.16757
2011-09-24 20:00:00,172.19008
2011-09-24 21:00:00,152.36829
2011-09-24 22:00:00,115.593704
2011-09-24 23:00:00,113.49591
2011-09-25 00:00:00,97.08142
2011-09-25 01:00:00,80.63516
2011-09-25 02:00:00,56.918476
2011-09-25 03:00:00,29.240925
2011-09-25 04:00:00,18.952068
2011-09-25 05:00:00,19.47445
2011-09-25 06:00:00,16.544355
2011-09-25 07:00:00,32.014526
2011-09-25 08:00:00,86.231544
2011-09-25 09:00:00,154.13937
2011-09-25 10:00:00,241.16684
2011-09-25 11:00:00,319.2107
2011-09-25 12:00:00,330.04855
2011-09-25 13:00:00,342.70554
2011-09-25 14:00:00,309.6499
2011-09-25 15:00:00,314.79898
2011-09-25 16:00:00,381.85757
2011-09-25 17:00:00,340.63345
2011-09-25 18:00:00,309.4198
2011-09-25 19:00:00,197.10748
2011-09-25 20:00:00,164.20734
2011-09-25 21:00:00,120.529915
2011-09-25 22:00:00,112.93171
2011-09-25 23:00:00,69.50103
2011-09-26 00:00:00,23.860485
2011-09-26 01:00:00,12.5539
2011-09-26 02:00:00,8.239153
2011-09-26 03:00:00,3.7791784
2011-09-26 04:00:00,5.46079
2011-09-26 05:00:00,22.49739
2011-09-26 06:00:00,91.93413
2011-09-26 07:00:00,254.64197
2011-09-26 08:00:00,353.62692
2011-09-26 09:00:00,192.77493
2011-09-26 10:00:00,108.65951
2011-09-26 11:00:00,135.44334
2011-09-26 12:00:00,160.82579
2011-09-26 13:00:00,169.34187
2011-09-26 14:00:00,174.84048
2011-09-26 15:00:00,194.8646
2011-09-26 16:00:00,301.31918
2011-09-26 17:00:00,551.30646
2011-09-26 18:00:00,366.72757
2011-09-26 19:00:00,294.90723
2011-09-26 20:00:00,187.26575
2011-09-26 21:00:00,141.21568
2011-09-26 22:00:00,89.88909
2011-09-26 23:00:00,55.455563
2011-09-27 00:00:00,29.037746
2011-09-27 01:00:00,13.331588
2011-09-27 02:00:00,8.513781
2011-09-27 03:00:00,2.8771372
2011-09-27 04:00:00,14.068483
2011-09-27 05:00:00,27.329424
2011-09-27 06:00:00,96.120125
2011-09-27 07:00:00,265.6159
2011-09-27 08:00:00,401.11737
2011-09-27 09:00:00,169.97656
2011-09-27 10:00:00,107.321465
2011-09-27 11:00:00,111.34508
2011-09-27 12:00:00,132.15874
2011-09-27 13:00:00,164.39923
2011-09-27 14:00:00,138.92859
2011-09-27 15:00:00,131.18636
2011-09-27 16:00:00,204.22168
2011-09-27 17:00:00,332.47723
2011-09-27 18:00:00,308.2768
2011-09-27 19:00:00,241.49121
2011-09-27 20:00:00,237.0029
2011-09-27 21:00:00,162.5235
2011-09-27 22:00:00,123.99991
2011-09-27 23:00:00,79.91031
2011-09-28 00:00:00,31.354301
2011-09-28 01:00:00,12.608234
2011-09-28 02:00:00,9.66701
2011-09-28 03:00:00,3.7282937
2011-09-28 04:00:00,6.278381
2011-09-28 05:00:00,17.845453
2011-09-28 06:00:00,67.40935
2011-09-28 07:00:00,134.9187
2011-09-28 08:00:00,260.74536
2011-09-28 09:00:00,150.8893
2011-09-28 10:00:00,81.26888
2011-09-28 11:00:00,112.955795
2011-09-28 12:00:00,147.59221
2011-09-28 13:00:00,164.74481
2011-09-28 14:00:00,173.97351
2011-09-28 15:00:00,182.46986
2011-09-28 16:00:00,287.71545
2011-09-28 17:00:00,536.4308
2011-09-28 18:00:00,310.01733
2011-09-28 19:00:00,221.0797
2011-09-28 20:00:00,132.59663
2011-09-28 21:00:00,114.46382
2011-09-28 22:00:00,118.69476
2011-09-28 23:00:00,64.113335
2011-09-29 00:00:00,33.427673
2011-09-29 01:00:00,13.782611
2011-09-29 02:00:00,9.895328
2011-09-29 03:00:00,6.624335
2011-09-29 04:00:00,7.542333
2011-09-29 05:00:00,22.57068
2011-09-29 06:00:00,105.358574
2011-09-29 07:00:00,310.07565
2011-09-29 08:00:00,441.26105
2011-09-29 09:00:00,221.05162
2011-09-29 10:00:00,132.81932
2011-09-29 11:00:00,162.72191
2011-09-29 12:00:00,199.69331
2011-09-29 13:00:00,195.86395
2011-09-29 14:00:00,177.9576
2011-09-29 15:00:00,187.80693
2011-09-29 16:00:00,295.49265
2011-09-29 17:00:00,557.71967
2011-09-29 18:00:00,539.05774
2011-09-29 19:00:00,358.80655
2011-09-29 20:00:00,271.01224
2011-09-29 21:00:00,198.51709
2011-09-29 22:00:00,141.85631
2011-09-29 23:00:00,98.685104
2011-09-30 00:00:00,49.87269
2011-09-30 01:00:00,26.422503
2011-09-30 02:00:00,14.330123
2011-09-30 03:00:00,8.269279
2011-09-30 04:00:00,7.2081785
2011-09-30 05:00:00,26.695812
2011-09-30 06:00:00,100.96168
2011-09-30 07:00:00,271.58575
2011-09-30 08:00:00,435.6956
2011-09-30 09:00:00,226.10529
2011-09-30 10:00:00,161.17691
2011-09-30 11:00:00,195.27003
2011-09-30 12:00:00,234.65878
2011-09-30 13:00:00,227.39725
2011-09-30 14:00:00,215.8959
2011-09-30 15:00:00,229.99289
2011-09-30 16:00:00,343.65146
2011-09-30 17:00:00,540.49066
2011-09-30 18:00:00,459.51562
2011-09-30 19:00:00,286.12323
2011-09-30 20:00:00,212.53491
2011-09-30 21:00:00,173.59964
2011-09-30 22:00:00,138.55597
2011-09-30 23:00:00,114.10766
2011-10-20 00:00:00,32.922424
2011-10-20 01:00:00,17.323006
2011-10-20 02:00:00,9.880057
2011-10-20 03:00:00,5.827592
2011-10-20 04:00:00,6.53602
2011-10-20 05:00:00,29.266361
2011-10-20 06:00:00,111.48156
2011-10-20 07:00:00,292.17474
2011-10-20 08:00:00,437.7067
2011-10-20 09:00:00,203.36755
2011-10-20 10:00:00,128.23828
2011-10-20 11:00:00,148.18571
2011-10-20 12:00:00,181.28702
2011-10-20 13:00:00,165.88243
2011-10-20 14:00:00,147.77928
2011-10-20 15:00:00,154.10652
2011-10-20 16:00:00,233.00009
2011-10-20 17:00:00,454.77603
2011-10-20 18:00:00,407.72644
2011-10-20 19:00:00,291.46515
2011-10-20 20:00:00,202.24109
2011-10-20 21:00:00,155.25702
2011-10-20 22:00:00,118.22572
2011-10-20 23:00:00,87.852196
2011-10-21 00:00:00,47.744396
2011-10-21 01:00:00,23.968325
2011-10-21 02:00:00,11.94141
2011-10-21 03:00:00,6.1771474
2011-10-21 04:00:00,5.666618
2011-10-21 05:00:00,20.633352
2011-10-21 06:00:00,90.63409
2011-10-21 07:00:00,250.27132
2011-10-21 08:00:00,440.3663
2011-10-21 09:00:00,223.63756
2011-10-21 10:00:00,148.38016
2011-10-21 11:00:00,178.02203
2011-10-21 12:00:00,217.56783
2011-10-21 13:00:00,203.975
2011-10-21 14:00:00,208.10637
2011-10-21 15:00:00,218.18225
2011-10-21 16:00:00,312.05945
2011-10-21 17:00:00,445.51834
2011-10-21 18:00:00,383.1016
2011-10-21 19:00:00,245.1224
2011-10-21 20:00:00,182.58191
2011-10-21 21:00:00,150.8628
2011-10-21 22:00:00,129.31317
2011-10-21 23:00:00,99.51446
2011-10-22 00:00:00,84.379425
2011-10-22 01:00:00,64.26621
2011-10-22 02:00:00,50.54615
2011-10-22 03:00:00,25.210735
2011-10-22 04:00:00,7.5916214
2011-10-22 05:00:00,6.3606052
2011-10-22 06:00:00,14.32107
2011-10-22 07:00:00,47.39855
2011-10-22 08:00:00,100.3909
2011-10-22 09:00:00,177.68181
2011-10-22 10:00:00,244.94797
2011-10-22 11:00:00,287.7783
2011-10-22 12:00:00,358.65115
2011-10-22 13:00:00,384.85992
2011-10-22 14:00:00,348.24768
2011-10-22 15:00:00,357.82504
2011-10-22 16:00:00,374.36417
2011-10-22 17:00:00,319.02795
2011-10-22 18:00:00,260.05377
2011-10-22 19:00:00,196.5951
2011-10-22 20:00:00,150.24907
2011-10-22 21:00:00,119.94278
2011-10-22 22:00:00,106.964584
2011-10-22 23:00:00,82.23872
2011-10-23 00:00:00,81.18448
2011-10-23 01:00:00,68.328575
2011-10-23 02:00:00,56.61737
2011-10-23 03:00:00,26.652203
2011-10-23 04:00:00,8.224773
2011-10-23 05:00:00,8.218799
2011-10-23 06:00:00,12.365713
2011-10-23 07:00:00,38.343765
2011-10-23 08:00:00,77.10726
2011-10-23 09:00:00,148.01532
2011-10-23 10:00:00,249.86354
2011-10-23 11:00:00,293.13635
2011-10-23 12:00:00,363.5771
2011-10-23 13:00:00,375.57355
2011-10-23 14:00:00,369.0367
2011-10-23 15:00:00,363.39368
2011-10-23 16:00:00,363.88364
2011-10-23 17:00:00,324.43448
2011-10-23 18:00:00,282.89728
2011-10-23 19:00:00,180.71034
2011-10-23 20:00:00,143.52986
2011-10-23 21:00:00,112.45445
2011-10-23 22:00:00,85.92892
2011-10-23 23:00:00,60.203392
2011-10-24 00:00:00,28.385845
2011-10-24 01:00:00,14.528028
2011-10-24 02:00:00,7.6908665
2011-10-24 03:00:00,6.9467635
2011-10-24 04:00:00,6.2844167
2011-10-24 05:00:00,23.50344
2011-10-24 06:00:00,101.64336
2011-10-24 07:00:00,247.55962
2011-10-24 08:00:00,407.0612
2011-10-24 09:00:00,214.16191
2011-10-24 10:00:00,119.04573
2011-10-24 11:00:00,136.63304
2011-10-24 12:00:00,179.48228
2011-10-24 13:00:00,178.67514
2011-10-24 14:00:00,165.76514
2011-10-24 15:00:00,196.27197
2011-10-24 16:00:00,287.66705
2011-10-24 17:00:00,531.99493
2011-10-24 18:00:00,515.9777
2011-10-24 19:00:00,201.6891
2011-10-24 20:00:00,202.69208
2011-10-24 21:00:00,137.67465
2011-10-24 22:00:00,113.185326
2011-10-24 23:00:00,69.82235
2011-10-25 00:00:00,32.36932
2011-10-25 01:00:00,14.465984
2011-10-25 02:00:00,9.371827
2011-10-25 03:00:00,5.1342416
2011-10-25 04:00:00,7.260594
2011-10-25 05:00:00,26.281567
2011-10-25 06:00:00,107.317696
2011-10-25 07:00:00,294.2081
2011-10-25 08:00:00,447.6122
2011-10-25 09:00:00,219.55844
2011-10-25 10:00:00,127.65325
2011-10-25 11:00:00,148.43211
2011-10-25 12:00:00,190.19417
2011-10-25 13:00:00,192.37508
2011-10-25 14:00:00,173.77335
2011-10-25 15:00:00,194.51715
2011-10-25 16:00:00,302.88232
2011-10-25 17:00:00,575.435
2011-10-25 18:00:00,514.8622
2011-10-25 19:00:00,315.96863
2011-10-25 20:00:00,218.75612
2011-10-25 21:00:00,167.33124
2011-10-25 22:00:00,122.18639
2011-10-25 23:00:00,79.5297
2011-10-26 00:00:00,33.8223
2011-10-26 01:00:00,11.343596
2011-10-26 02:00:00,7.2924824
2011-10-26 03:00:00,3.7735686
2011-10-26 04:00:00,4.592058
2011-10-26 05:00:00,25.354076
2011-10-26 06:00:00,109.19626
2011-10-26 07:00:00,303.39856
2011-10-26 08:00:00,438.97952
2011-10-26 09:00:00,218.7189
2011-10-26 10:00:00,125.47351
2011-10-26 11:00:00,153.01042
2011-10-26 12:00:00,163.78835
2011-10-26 13:00:00,138.45882
2011-10-26 14:00:00,128.11258
2011-10-26 15:00:00,139.31537
2011-10-26 16:00:00,230.38782
2011-10-26 17:00:00,430.03983
2011-10-26 18:00:00,450.3209
2011-10-26 19:00:00,257.7181
2011-10-26 20:00:00,179.7602
2011-10-26 21:00:00,156.8307
2011-10-26 22:00:00,104.2764
2011-10-26 23:00:00,68.23736
2011-10-27 00:00:00,31.617323
2011-10-27 01:00:00,14.007056
2011-10-27 02:00:00,6.469975
2011-10-27 03:00:00,4.098527
2011-10-27 04:00:00,2.8761327
2011-10-27 05:00:00,21.267527
2011-10-27 06:00:00,56.388256
2011-10-27 07:00:00,264.85416
2011-10-27 08:00:00,274.82425
2011-10-27 09:00:00,220.97456
2011-10-27 10:00:00,106.83795
2011-10-27 11:00:00,106.8877
2011-10-27 12:00:00,112.13243
2011-10-27 13:00:00,129.80637
2011-10-27 14:00:00,111.745384
2011-10-27 15:00:00,128.71475
2011-10-27 16:00:00,248.77048
2011-10-27 17:00:00,404.70868
2011-10-27 18:00:00,388.18445
2011-10-27 19:00:00,244.05351
2011-10-27 20:00:00,178.93211
2011-10-27 21:00:00,142.9579
2011-10-27 22:00:00,91.18955
2011-10-27 23:00:00,68.25228
2011-10-28 00:00:00,39.996223
2011-10-28 01:00:00,15.995684
2011-10-28 02:00:00,10.298231
2011-10-28 03:00:00,3.9329636
2011-10-28 04:00:00,5.814537
2011-10-28 05:00:00,19.382685
2011-10-28 06:00:00,85.38413
2011-10-28 07:00:00,224.85641
2011-10-28 08:00:00,422.45615
2011-10-28 09:00:00,219.0336
2011-10-28 10:00:00,136.11475
2011-10-28 11:00:00,151.23343
2011-10-28 12:00:00,185.00908
2011-10-28 13:00:00,179.1227
2011-10-28 14:00:00,158.83438
2011-10-28 15:00:00,173.54141
2011-10-28 16:00:00,236.67192
2011-10-28 17:00:00,391.14172
2011-10-28 18:00:00,347.21405
2011-10-28 19:00:00,232.93086
2011-10-28 20:00:00,110.13405
2011-10-28 21:00:00,69.93672
2011-10-28 22:00:00,46.487553
2011-10-28 23:00:00,37.175106
2011-10-29 00:00:00,53.26645
2011-10-29 01:00:00,43.565125
2011-10-29 02:00:00,35.721863
2011-10-29 03:00:00,10.060788
2011-10-29 04:00:00,2.85574
2011-10-29 05:00:00,11.595874
2011-10-29 06:00:00,10.758823
2011-10-29 07:00:00,28.887371
2011-10-29 08:00:00,60.883587
2011-10-29 09:00:00,96.59123
2011-10-29 10:00:00,131.614
2011-10-29 11:00:00,143.62724
2011-10-29 12:00:00,144.14629
2011-10-29 13:00:00,136.6488
2011-10-29 14:00:00,149.28693
2011-10-29 15:00:00,152.66757
2011-10-29 16:00:00,143.52826
2011-10-29 17:00:00,112.32262
2011-10-29 18:00:00,89.43242
2011-10-29 19:00:00,110.03409
2011-10-29 20:00:00,93.36893
2011-10-29 21:00:00,75.71701
2011-10-29 22:00:00,65.984474
2011-10-29 23:00:00,57.06547
2011-10-30 00:00:00,68.69234
2011-10-30 01:00:00,57.15207
2011-10-30 02:00:00,42.68985
2011-10-30 03:00:00,14.43806
2011-10-30 04:00:00,4.1272597
2011-10-30 05:00:00,2.97281
2011-10-30 06:00:00,5.870666
2011-10-30 07:00:00,25.285143
2011-10-30 08:00:00,56.934795
2011-10-30 09:00:00,121.91458
2011-10-30 10:00:00,214.8099
2011-10-30 11:00:00,259.31244
2011-10-30 12:00:00,313.43842
2011-10-30 13:00:00,328.665
2011-10-30 14:00:00,339.5436
2011-10-30 15:00:00,338.38782
2011-10-30 16:00:00,335.17697
2011-10-30 17:00:00,272.88174
2011-10-30 18:00:00,208.1065
2011-10-30 19:00:00,261.6362
2011-10-30 20:00:00,120.162025
2011-10-30 21:00:00,86.17685
2011-10-30 22:00:00,69.518005
2011-10-30 23:00:00,44.413246
2011-10-31 00:00:00,20.682135
2011-10-31 01:00:00,9.404382
2011-10-31 02:00:00,5.4635277
2011-10-31 03:00:00,5.005376
2011-10-31 04:00:00,6.1775723
2011-10-31 05:00:00,23.008808
2011-10-31 06:00:00,88.0315
2011-10-31 07:00:00,256.55267
2011-10-31 08:00:00,411.11035
2011-10-31 09:00:00,204.11435
2011-10-31 10:00:00,116.25804
2011-10-31 11:00:00,137.04593
2011-10-31 12:00:00,170.40958
2011-10-31 13:00:00,165.14023
2011-10-31 14:00:00,149.1791
2011-10-31 15:00:00,174.69055
2011-10-31 16:00:00,251.55357
2011-10-31 17:00:00,502.23135
2011-10-31 18:00:00,423.59985
2011-10-31 19:00:00,289.64496
2011-10-31 20:00:00,199.33182
2011-10-31 21:00:00,127.84153
2011-10-31 22:00:00,88.166214
2011-10-31 23:00:00,53.061375
2011-11-20 00:00:00,82.57491
2011-11-20 01:00:00,68.21658
2011-11-20 02:00:00,54.89204
2011-11-20 03:00:00,23.780344
2011-11-20 04:00:00,4.666972
2011-11-20 05:00:00,3.9208288
2011-11-20 06:00:00,10.83988
2011-11-20 07:00:00,41.966694
2011-11-20 08:00:00,69.833824
2011-11-20 09:00:00,152.3741
2011-11-20 10:00:00,229.59828
2011-11-20 11:00:00,315.99228
2011-11-20 12:00:00,347.2303
2011-11-20 13:00:00,353.78293
2011-11-20 14:00:00,347.6257
2011-11-20 15:00:00,319.18692
2011-11-20 16:00:00,327.70993
2011-11-20 17:00:00,290.96442
2011-11-20 18:00:00,263.0404
2011-11-20 19:00:00,198.38997
2011-11-20 20:00:00,168.33722
2011-11-20 21:00:00,116.28914
2011-11-20 22:00:00,59.46445
2011-11-20 23:00:00,45.963394
2011-11-21 00:00:00,26.136717
2011-11-21 01:00:00,16.289469
2011-11-21 02:00:00,13.765134
2011-11-21 03:00:00,9.502438
2011-11-21 04:00:00,9.726833
2011-11-21 05:00:00,18.921322
2011-11-21 06:00:00,87.43142
2011-11-21 07:00:00,252.24852
2011-11-21 08:00:00,397.68423
2011-11-21 09:00:00,200.17137
2011-11-21 10:00:00,110.90164
2011-11-21 11:00:00,120.5044
2011-11-21 12:00:00,165.10179
2011-11-21 13:00:00,161.52132
2011-11-21 14:00:00,128.38263
2011-11-21 15:00:00,85.368324
2011-11-21 16:00:00,125.82008
2011-11-21 17:00:00,180.04724
2011-11-21 18:00:00,202.41815
2011-11-21 19:00:00,146.104
2011-11-21 20:00:00,118.72549
2011-11-21 21:00:00,93.29477
2011-11-21 22:00:00,67.53335
2011-11-21 23:00:00,45.50813
2011-11-22 00:00:00,17.724636
2011-11-22 01:00:00,11.131294
2011-11-22 02:00:00,8.260132
2011-11-22 03:00:00,6.421968
2011-11-22 04:00:00,8.159797
2011-11-22 05:00:00,18.123945
2011-11-22 06:00:00,89.53912
2011-11-22 07:00:00,114.9416
2011-11-22 08:00:00,220.914
2011-11-22 09:00:00,115.46403
2011-11-22 10:00:00,71.88373
2011-11-22 11:00:00,86.15709
2011-11-22 12:00:00,88.86875
2011-11-22 13:00:00,86.42522
2011-11-22 14:00:00,78.68384
2011-11-22 15:00:00,65.3064
2011-11-22 16:00:00,111.878555
2011-11-22 17:00:00,196.99774
2011-11-22 18:00:00,181.53282
2011-11-22 19:00:00,168.85739
2011-11-22 20:00:00,145.09103
2011-11-22 21:00:00,113.517456
2011-11-22 22:00:00,91.424484
2011-11-22 23:00:00,60.7156
2011-11-23 00:00:00,22.911823
2011-11-23 01:00:00,11.733895
2011-11-23 02:00:00,14.647762
2011-11-23 03:00:00,11.903219
2011-11-23 04:00:00,10.648943
2011-11-23 05:00:00,19.387035
2011-11-23 06:00:00,87.0717
2011-11-23 07:00:00,252.78293
2011-11-23 08:00:00,405.3284
2011-11-23 09:00:00,198.26001
2011-11-23 10:00:00,93.55479
2011-11-23 11:00:00,122.6934
2011-11-23 12:00:00,172.58263
2011-11-23 13:00:00,137.28464
2011-11-23 14:00:00,136.03987
2011-11-23 15:00:00,135.84317
2011-11-23 16:00:00,199.35059
2011-11-23 17:00:00,259.18115
2011-11-23 18:00:00,366.64514
2011-11-23 19:00:00,255.19649
2011-11-23 20:00:00,173.47247
2011-11-23 21:00:00,129.33789
2011-11-23 22:00:00,94.87562
2011-11-23 23:00:00,58.885952
2011-11-24 00:00:00,38.08432
2011-11-24 01:00:00,25.976675
2011-11-24 02:00:00,15.233572
2011-11-24 03:00:00,4.282737
2011-11-24 04:00:00,2.7959023
2011-11-24 05:00:00,12.302365
2011-11-24 06:00:00,38.458336
2011-11-24 07:00:00,102.591805
2011-11-24 08:00:00,211.02159
2011-11-24 09:00:00,189.32005
2011-11-24 10:00:00,182.77089
2011-11-24 11:00:00,224.14255
2011-11-24 12:00:00,269.63086
2011-11-24 13:00:00,278.06607
2011-11-24 14:00:00,280.36047
2011-11-24 15:00:00,272.77557
2011-11-24 16:00:00,286.26068
2011-11-24 17:00:00,346.98727
2011-11-24 18:00:00,284.77954
2011-11-24 19:00:00,217.38995
2011-11-24 20:00:00,152.34155
2011-11-24 21:00:00,123.845184
2011-11-24 22:00:00,97.59275
2011-11-24 23:00:00,68.71316
2011-11-25 00:00:00,40.87362
2011-11-25 01:00:00,15.352259
2011-11-25 02:00:00,10.732159
2011-11-25 03:00:00,4.6253242
2011-11-25 04:00:00,4.870309
2011-11-25 05:00:00,18.771952
2011-11-25 06:00:00,79.15851
2011-11-25 07:00:00,231.3462
2011-11-25 08:00:00,416.50623
2011-11-25 09:00:00,226.17812
2011-11-25 10:00:00,130.19438
2011-11-25 11:00:00,156.09802
2011-11-25 12:00:00,198.99878
2011-11-25 13:00:00,210.39471
2011-11-25 14:00:00,201.07675
2011-11-25 15:00:00,216.06232
2011-11-25 16:00:00,293.91132
2011-11-25 17:00:00,454.9787
2011-11-25 18:00:00,385.89285
2011-11-25 19:00:00,230.04947
2011-11-25 20:00:00,172.63449
2011-11-25 21:00:00,123.87117
2011-11-25 22:00:00,108.62648
2011-11-25 23:00:00,82.66054
2011-11-26 00:00:00,79.39908
2011-11-26 01:00:00,62.605225
2011-11-26 02:00:00,48.564575
2011-11-26 03:00:00,21.121492
2011-11-26 04:00:00,7.1085224
2011-11-26 05:00:00,7.0145073
2011-11-26 06:00:00,15.52807
2011-11-26 07:00:00,37.61504
2011-11-26 08:00:00,95.70896
2011-11-26 09:00:00,159.08633
2011-11-26 10:00:00,215.08301
2011-11-26 11:00:00,282.8672
2011-11-26 12:00:00,338.46896
2011-11-26 13:00:00,365.11496
2011-11-26 14:00:00,345.387
2011-11-26 15:00:00,353.51053
2011-11-26 16:00:00,319.06107
2011-11-26 17:00:00,275.14148
2011-11-26 18:00:00,226.6465
2011-11-26 19:00:00,184.99739
2011-11-26 20:00:00,143.53839
2011-11-26 21:00:00,106.84283
2011-11-26 22:00:00,100.06139
2011-11-26 23:00:00,74.342766
2011-11-27 00:00:00,81.56675
2011-11-27 01:00:00,70.084305
2011-11-27 02:00:00,53.237495
2011-11-27 03:00:00,26.943695
2011-11-27 04:00:00,9.3520775
2011-11-27 05:00:00,7.511903
2011-11-27 06:00:00,16.062265
2011-11-27 07:00:00,31.524044
2011-11-27 08:00:00,78.11675
2011-11-27 09:00:00,152.89275
2011-11-27 10:00:00,236.3125
2011-11-27 11:00:00,318.61237
2011-11-27 12:00:00,374.93506
2011-11-27 13:00:00,372.83636
2011-11-27 14:00:00,419.12933
2011-11-27 15:00:00,408.05878
2011-11-27 16:00:00,374.0537
2011-11-27 17:00:00,315.87204
2011-11-27 18:00:00,255.44257
2011-11-27 19:00:00,189.9941
2011-11-27 20:00:00,158.322
2011-11-27 21:00:00,108.07403
2011-11-27 22:00:00,88.391624
2011-11-27 23:00:00,59.175453
2011-11-28 00:00:00,33.321136
2011-11-28 01:00:00,13.895769
2011-11-28 03:00:00,7.176466
2011-11-28 04:00:00,8.137581
2011-11-28 05:00:00,24.611368
2011-11-28 06:00:00,105.163795
2011-11-28 07:00:00,291.04004
2011-11-28 08:00:00,401.96884
2011-11-28 09:00:00,207.53886
2011-11-28 10:00:00,118.91024
2011-11-28 11:00:00,138.00757
2011-11-28 12:00:00,190.63644
2011-11-28 13:00:00,170.85478
2011-11-28 14:00:00,171.20152
2011-11-28 15:00:00,191.75996
2011-11-28 16:00:00,283.97067
2011-11-28 17:00:00,543.11914
2011-11-28 18:00:00,504.7992
2011-11-28 19:00:00,310.21646
2011-11-28 20:00:00,219.12189
2011-11-28 21:00:00,164.77696
2011-11-28 22:00:00,104.589935
2011-11-28 23:00:00,61.792786
2011-11-29 00:00:00,27.886978
2011-11-29 01:00:00,13.225058
2011-11-29 02:00:00,7.6294303
2011-11-29 03:00:00,4.8082156
2011-11-29 04:00:00,4.5342035
2011-11-29 05:00:00,29.33312
2011-11-29 06:00:00,107.09985
2011-11-29 07:00:00,316.88312
2011-11-29 08:00:00,445.04263
2011-11-29 09:00:00,164.18828
2011-11-29 10:00:00,107.965485
2011-11-29 11:00:00,100.95373
2011-11-29 12:00:00,95.17797
2011-11-29 13:00:00,83.71574
2011-11-29 14:00:00,79.38963
2011-11-29 15:00:00,85.722115
2011-11-29 16:00:00,121.418724
2011-11-29 17:00:00,275.30917
2011-11-29 18:00:00,302.19315
2011-11-29 19:00:00,226.30917
2011-11-29 20:00:00,147.58109
2011-11-29 21:00:00,116.90212
2011-11-29 22:00:00,90.17343
2011-11-29 23:00:00,51.54946
2011-11-30 00:00:00,30.749533
2011-11-30 01:00:00,10.601797
2011-11-30 02:00:00,5.264035
2011-11-30 03:00:00,3.4862819
2011-11-30 04:00:00,4.343459
2011-11-30 05:00:00,22.2135
2011-11-30 06:00:00,91.160995
2011-11-30 07:00:00,258.45752
2011-11-30 08:00:00,431.07782
2011-11-30 09:00:00,211.3572
2011-11-30 10:00:00,114.317024
2011-11-30 11:00:00,129.13597
2011-11-30 12:00:00,140.83694
2011-11-30 13:00:00,137.61453
2011-11-30 14:00:00,126.09731
2011-11-30 15:00:00,141.63441
2011-11-30 16:00:00,197.34364
2011-11-30 17:00:00,348.56076
2011-11-30 18:00:00,343.13895
2011-11-30 19:00:00,226.29964
2011-11-30 20:00:00,158.99574
2011-11-30 21:00:00,121.52435
2011-11-30 22:00:00,87.89069
2011-11-30 23:00:00,52.62379
2011-12-20 00:00:00,27.729256
2011-12-20 01:00:00,7.2216096
2011-12-20 02:00:00,4.493364
2011-12-20 03:00:00,2.211121
2011-12-20 04:00:00,5.35891
2011-12-20 05:00:00,21.486942
2011-12-20 06:00:00,94.19495
2011-12-20 07:00:00,268.78238
2011-12-20 08:00:00,446.69513
2011-12-20 09:00:00,217.78183
2011-12-20 10:00:00,115.45368
2011-12-20 11:00:00,128.6906
2011-12-20 12:00:00,159.36353
2011-12-20 13:00:00,156.2251
2011-12-20 14:00:00,138.0585
2011-12-20 15:00:00,139.03615
2011-12-20 16:00:00,228.19641
2011-12-20 17:00:00,424.64038
2011-12-20 18:00:00,386.93127
2011-12-20 19:00:00,262.72263
2011-12-20 20:00:00,177.55072
2011-12-20 21:00:00,140.7398
2011-12-20 22:00:00,96.558426
2011-12-20 23:00:00,71.74828
2011-12-21 00:00:00,25.49496
2011-12-21 01:00:00,10.819285
2011-12-21 02:00:00,5.3819604
2011-12-21 03:00:00,3.056502
2011-12-21 04:00:00,3.5379362
2011-12-21 05:00:00,21.798012
2011-12-21 06:00:00,85.472046
2011-12-21 07:00:00,243.64256
2011-12-21 08:00:00,210.68211
2011-12-21 09:00:00,207.03717
2011-12-21 10:00:00,114.23398
2011-12-21 11:00:00,118.574646
2011-12-21 12:00:00,88.067856
2011-12-21 13:00:00,70.83643
2011-12-21 14:00:00,108.06036
2011-12-21 15:00:00,111.57527
2011-12-21 16:00:00,83.739105
2011-12-21 17:00:00,125.42499
2011-12-21 18:00:00,208.03133
2011-12-21 19:00:00,175.46457
2011-12-21 20:00:00,129.4955
2011-12-21 21:00:00,132.19928
2011-12-21 22:00:00,102.757126
2011-12-21 23:00:00,63.343575
2011-12-22 00:00:00,32.51879
2011-12-22 01:00:00,12.726021
2011-12-22 02:00:00,10.619867
2011-12-22 03:00:00,4.7653437
2011-12-22 04:00:00,6.37476
2011-12-22 05:00:00,22.393284
2011-12-22 06:00:00,88.98851
2011-12-22 07:00:00,249.75926
2011-12-22 08:00:00,412.87088
2011-12-22 09:00:00,218.80574
2011-12-22 10:00:00,112.643105
2011-12-22 11:00:00,116.62725
2011-12-22 12:00:00,154.19925
2011-12-22 13:00:00,141.14183
2011-12-22 14:00:00,124.79115
2011-12-22 15:00:00,136.07227
2011-12-22 16:00:00,210.15279
2011-12-22 17:00:00,377.70627
2011-12-22 18:00:00,371.41684
2011-12-22 19:00:00,248.50662
2011-12-22 20:00:00,106.99253
2011-12-22 21:00:00,78.58606
2011-12-22 22:00:00,56.891663
2011-12-22 23:00:00,46.685184
2011-12-23 00:00:00,30.03349
2011-12-23 01:00:00,17.051552
2011-12-23 02:00:00,12.17399
2011-12-23 03:00:00,7.521721
2011-12-23 04:00:00,5.5993624
2011-12-23 05:00:00,19.641895
2011-12-23 06:00:00,83.372444
2011-12-23 07:00:00,235.36261
2011-12-23 08:00:00,413.56262
2011-12-23 09:00:00,223.18977
2011-12-23 10:00:00,130.83424
2011-12-23 11:00:00,142.57687
2011-12-23 12:00:00,167.87625
2011-12-23 13:00:00,158.46495
2011-12-23 14:00:00,155.32874
2011-12-23 15:00:00,164.27734
2011-12-23 16:00:00,218.44519
2011-12-23 17:00:00,346.99677
2011-12-23 18:00:00,288.46573
2011-12-23 19:00:00,216.32843
2011-12-23 20:00:00,136.12682
2011-12-23 21:00:00,110.91146
2011-12-23 22:00:00,97.84091
2011-12-23 23:00:00,79.54298
2011-12-24 00:00:00,68.92813
2011-12-24 01:00:00,53.96334
2011-12-24 02:00:00,45.749447
2011-12-24 03:00:00,21.045118
2011-12-24 04:00:00,6.1113157
2011-12-24 05:00:00,6.4954886
2011-12-24 06:00:00,8.674883
2011-12-24 07:00:00,30.479746
2011-12-24 08:00:00,68.40587
2011-12-24 09:00:00,124.49736
2011-12-24 10:00:00,166.24998
2011-12-24 11:00:00,213.30475
2011-12-24 12:00:00,265.29132
2011-12-24 13:00:00,256.96014
2011-12-24 14:00:00,252.65372
2011-12-24 15:00:00,240.50403
2011-12-24 16:00:00,235.70222
2011-12-24 17:00:00,173.8325
2011-12-24 18:00:00,167.82036
2011-12-24 19:00:00,147.4427
2011-12-24 20:00:00,104.665955
2011-12-24 21:00:00,84.55417
2011-12-24 22:00:00,77.218185
2011-12-24 23:00:00,63.40309
2011-12-25 00:00:00,63.063225
2011-12-25 01:00:00,52.835823
2011-12-25 02:00:00,45.139954
2011-12-25 03:00:00,17.6385
2011-12-25 05:00:00,3.5989323
2011-12-25 06:00:00,1.587803
2011-12-25 07:00:00,13.628926
2011-12-25 08:00:00,45.51546
2011-12-25 09:00:00,97.83313
2011-12-25 10:00:00,146.86827
2011-12-25 11:00:00,205.48956
2011-12-25 12:00:00,210.71904
2011-12-25 13:00:00,228.59966
2011-12-25 14:00:00,234.78806
2011-12-25 15:00:00,236.38733
2011-12-25 16:00:00,245.86632
2011-12-25 17:00:00,196.25269
2011-12-25 18:00:00,147.44078
2011-12-25 19:00:00,136.33475
2011-12-25 20:00:00,102.9571
2011-12-25 21:00:00,78.69864
2011-12-25 22:00:00,59.16901
2011-12-25 23:00:00,39.903732
2011-12-26 00:00:00,34.022377
2011-12-26 01:00:00,20.269861
2011-12-26 02:00:00,11.616412
2011-12-26 04:00:00,2.9671936
2011-12-26 05:00:00,15.64245
2011-12-26 06:00:00,22.462305
2011-12-26 07:00:00,85.294464
2011-12-26 08:00:00,172.44484
2011-12-26 09:00:00,163.02191
2011-12-26 10:00:00,167.00256
2011-12-26 11:00:00,169.16663
2011-12-26 12:00:00,216.7646
2011-12-26 13:00:00,224.16417
2011-12-26 14:00:00,223.75252
2011-12-26 15:00:00,222.02483
2011-12-26 16:00:00,220.1273
2011-12-26 17:00:00,231.08908
2011-12-26 18:00:00,212.86264
2011-12-26 19:00:00,169.6808
2011-12-26 20:00:00,133.94492
2011-12-26 21:00:00,93.06221
2011-12-26 22:00:00,63.43498
2011-12-26 23:00:00,36.94787
2011-12-27 00:00:00,20.265438
2011-12-27 01:00:00,9.312992
2011-12-27 02:00:00,5.5227103
2011-12-27 03:00:00,5.98859
2011-12-27 04:00:00,6.364751
2011-12-27 05:00:00,21.193924
2011-12-27 06:00:00,81.8503
2011-12-27 07:00:00,235.92606
2011-12-27 08:00:00,396.28873
2011-12-27 09:00:00,120.20778
2011-12-27 10:00:00,105.91665
2011-12-27 11:00:00,68.31257
2011-12-27 12:00:00,73.93978
2011-12-27 13:00:00,75.93486
2011-12-27 14:00:00,74.09853
2011-12-27 15:00:00,78.320946
2011-12-27 16:00:00,109.086586
2011-12-27 17:00:00,200.85483
2011-12-27 18:00:00,250.9635
2011-12-27 19:00:00,196.23065
2011-12-27 20:00:00,144.90726
2011-12-27 21:00:00,121.84068
2011-12-27 22:00:00,93.99978
2011-12-27 23:00:00,51.967247
2011-12-28 00:00:00,25.308636
2011-12-28 01:00:00,11.1239195
2011-12-28 02:00:00,6.8510127
2011-12-28 03:00:00,4.696373
2011-12-28 05:00:00,23.687275
2011-12-28 06:00:00,84.94821
2011-12-28 07:00:00,240.76376
2011-12-28 08:00:00,418.89157
2011-12-28 09:00:00,212.6122
2011-12-28 10:00:00,110.6104
2011-12-28 11:00:00,118.01493
2011-12-28 12:00:00,132.67558
2011-12-28 13:00:00,128.8456
2011-12-28 14:00:00,119.2012
2011-12-28 15:00:00,128.397
2011-12-28 16:00:00,173.42824
2011-12-28 17:00:00,315.765
2011-12-28 18:00:00,293.54956
2011-12-28 19:00:00,207.95667
2011-12-28 20:00:00,149.5076
2011-12-28 21:00:00,107.8278
2011-12-28 22:00:00,80.07579
2011-12-28 23:00:00,47.138474
2011-12-29 00:00:00,19.392628
2011-12-29 01:00:00,7.0901394
2011-12-29 02:00:00,4.4249325
2011-12-29 03:00:00,3.5681634
2011-12-29 04:00:00,4.6389093
2011-12-29 05:00:00,17.26084
2011-12-29 06:00:00,73.92716
2011-12-29 07:00:00,210.04631
2011-12-29 08:00:00,384.8629
2011-12-29 09:00:00,200.6449
2011-12-29 10:00:00,97.724304
2011-12-29 11:00:00,104.768364
2011-12-29 12:00:00,127.31241
2011-12-29 13:00:00,128.35078
2011-12-29 14:00:00,111.64182
2011-12-29 15:00:00,129.53865
2011-12-29 16:00:00,186.38821
2011-12-29 17:00:00,332.23795
2011-12-29 18:00:00,310.12527
2011-12-29 19:00:00,227.28357
2011-12-29 20:00:00,155.07462
2011-12-29 21:00:00,120.36704
2011-12-29 22:00:00,95.04219
2011-12-29 23:00:00,70.415535
2011-12-30 00:00:00,33.03964
2011-12-30 01:00:00,15.253685
2011-12-30 02:00:00,8.540416
2011-12-30 03:00:00,3.6712198
2011-12-30 04:00:00,3.5752285
2011-12-30 05:00:00,15.076765
2011-12-30 06:00:00,68.852394
2011-12-30 07:00:00,204.93262
2011-12-30 08:00:00,380.37228
2011-12-30 09:00:00,216.28043
2011-12-30 10:00:00,116.74467
2011-12-30 11:00:00,133.76752
2011-12-30 12:00:00,167.4517
2011-12-30 13:00:00,160.94196
2011-12-30 14:00:00,152.55222
2011-12-30 15:00:00,167.36736
2011-12-30 16:00:00,236.0074
2011-12-30 17:00:00,364.2132
2011-12-30 18:00:00,299.95032
2011-12-30 19:00:00,196.9209
2011-12-30 20:00:00,148.2498
2011-12-30 21:00:00,118.66185
2011-12-30 22:00:00,100.21935
2011-12-30 23:00:00,74.94412
2011-12-31 00:00:00,68.59173
2011-12-31 01:00:00,57.75366
2011-12-31 02:00:00,44.670017
2011-12-31 03:00:00,20.096354
2011-12-31 04:00:00,5.8269053
2011-12-31 05:00:00,6.6851535
2011-12-31 06:00:00,13.313886
2011-12-31 07:00:00,16.406687
2011-12-31 08:00:00,88.11057
2011-12-31 09:00:00,152.0267
2011-12-31 10:00:00,219.87909
2011-12-31 11:00:00,266.8836
2011-12-31 12:00:00,373.4171
2011-12-31 13:00:00,359.63477
2011-12-31 14:00:00,309.4404
2011-12-31 15:00:00,299.04382
2011-12-31 16:00:00,280.4132
2011-12-31 17:00:00,243.89934
2011-12-31 18:00:00,221.7401
2011-12-31 19:00:00,184.3327
2011-12-31 20:00:00,147.0127
2011-12-31 21:00:00,114.45564
2011-12-31 22:00:00,102.5803
2011-12-31 23:00:00,76.49784
2012-01-20 00:00:00,26.31033
2012-01-20 01:00:00,12.184926
2012-01-20 02:00:00,7.9043
2012-01-20 03:00:00,3.2827837
2012-01-20 04:00:00,3.278468
2012-01-20 05:00:00,17.100939
2012-01-20 06:00:00,79.1401
2012-01-20 07:00:00,210.82544
2012-01-20 08:00:00,445.44736
2012-01-20 09:00:00,219.01811
2012-01-20 10:00:00,110.48323
2012-01-20 11:00:00,118.02908
2012-01-20 12:00:00,146.39677
2012-01-20 13:00:00,153.76459
2012-01-20 14:00:00,134.41592
2012-01-20 15:00:00,150.48204
2012-01-20 16:00:00,201.14886
2012-01-20 17:00:00,333.715
2012-01-20 18:00:00,299.6725
2012-01-20 19:00:00,205.479
2012-01-20 20:00:00,134.60657
2012-01-20 21:00:00,100.08059
2012-01-20 22:00:00,84.7042
2012-01-20 23:00:00,46.905746
2012-01-21 00:00:00,35.817818
2012-01-21 01:00:00,41.64017
2012-01-21 02:00:00,28.691269
2012-01-21 03:00:00,16.974373
2012-01-21 04:00:00,5.0995893
2012-01-21 05:00:00,4.53272
2012-01-21 06:00:00,7.9038973
2012-01-21 07:00:00,23.49651
2012-01-21 08:00:00,65.46532
2012-01-21 09:00:00,102.53502
2012-01-21 10:00:00,112.19632
2012-01-21 11:00:00,195.73149
2012-01-21 12:00:00,233.61359
2012-01-21 13:00:00,218.46936
2012-01-21 14:00:00,137.91649
2012-01-21 15:00:00,138.36163
2012-01-21 16:00:00,181.18814
2012-01-21 17:00:00,144.40561
2012-01-21 18:00:00,134.60225
2012-01-21 19:00:00,105.4885
2012-01-21 20:00:00,87.60182
2012-01-21 21:00:00,69.26303
2012-01-21 22:00:00,59.560867
2012-01-21 23:00:00,52.189785
2012-01-22 00:00:00,57.19053
2012-01-22 01:00:00,43.74097
2012-01-22 02:00:00,36.036537
2012-01-22 03:00:00,15.660234
2012-01-22 04:00:00,0.0
2012-01-22 05:00:00,0.0
2012-01-22 06:00:00,3.6579902
2012-01-22 07:00:00,13.276687
2012-01-22 08:00:00,45.042946
2012-01-22 09:00:00,87.67879
2012-01-22 10:00:00,132.18108
2012-01-22 11:00:00,116.668335
2012-01-22 12:00:00,198.60071
2012-01-22 13:00:00,209.7758
2012-01-22 14:00:00,189.91072
2012-01-22 15:00:00,185.25768
2012-01-22 16:00:00,174.8463
2012-01-22 17:00:00,130.9763
2012-01-22 18:00:00,95.80406
2012-01-22 19:00:00,93.664474
2012-01-22 20:00:00,71.73587
2012-01-22 21:00:00,65.05665
2012-01-22 22:00:00,62.02065
2012-01-22 23:00:00,42.089508
2012-01-23 00:00:00,11.793269
2012-01-23 01:00:00,3.5004323
2012-01-23 02:00:00,2.2165322
2012-01-23 03:00:00,1.4247744
2012-01-23 04:00:00,1.4835875
2012-01-23 05:00:00,13.538098
2012-01-23 06:00:00,69.18374
2012-01-23 07:00:00,114.43823
2012-01-23 08:00:00,234.8067
2012-01-23 09:00:00,200.11339
2012-01-23 10:00:00,89.9365
2012-01-23 11:00:00,88.534805
2012-01-23 12:00:00,99.983086
2012-01-23 13:00:00,68.90328
2012-01-23 14:00:00,52.74861
2012-01-23 15:00:00,86.34085
2012-01-23 16:00:00,125.868034
2012-01-23 17:00:00,224.56552
2012-01-23 18:00:00,227.6126
2012-01-23 19:00:00,179.4901
2012-01-23 20:00:00,124.92244
2012-01-23 21:00:00,85.830666
2012-01-23 22:00:00,57.66693
2012-01-23 23:00:00,28.404947
2012-01-24 00:00:00,10.778833
2012-01-24 01:00:00,1.9613007
2012-01-24 02:00:00,1.6550614
2012-01-24 03:00:00,0.46089196
2012-01-24 04:00:00,2.784959
2012-01-24 05:00:00,16.178373
2012-01-24 06:00:00,77.50533
2012-01-24 07:00:00,236.84879
2012-01-24 08:00:00,435.9909
2012-01-24 09:00:00,217.72844
2012-01-24 10:00:00,106.76903
2012-01-24 11:00:00,106.234314
2012-01-24 12:00:00,121.05309
2012-01-24 13:00:00,114.86807
2012-01-24 14:00:00,102.97024
2012-01-24 15:00:00,139.18564
2012-01-24 16:00:00,222.16882
2012-01-24 17:00:00,443.41504
2012-01-24 18:00:00,424.10092
2012-01-24 19:00:00,323.06058
2012-01-24 20:00:00,171.93251
2012-01-24 21:00:00,137.04723
2012-01-24 22:00:00,85.957954
2012-01-24 23:00:00,54.50449
2012-01-25 00:00:00,18.638916
2012-01-25 01:00:00,6.971222
2012-01-25 02:00:00,4.0844717
2012-01-25 03:00:00,2.4575512
2012-01-25 04:00:00,1.3214116
2012-01-25 05:00:00,15.645771
2012-01-25 06:00:00,86.50791
2012-01-25 07:00:00,245.62595
2012-01-25 08:00:00,461.43033
2012-01-25 09:00:00,218.07576
2012-01-25 10:00:00,93.15227
2012-01-25 11:00:00,98.44118
2012-01-25 12:00:00,145.89526
2012-01-25 13:00:00,142.40134
2012-01-25 14:00:00,124.19851
2012-01-25 15:00:00,145.73264
2012-01-25 16:00:00,207.73816
2012-01-25 17:00:00,403.8332
2012-01-25 18:00:00,366.11777
2012-01-25 19:00:00,260.32095
2012-01-25 20:00:00,185.95883
2012-01-25 21:00:00,133.80449
2012-01-25 22:00:00,104.23179
2012-01-25 23:00:00,55.103188
2012-01-26 00:00:00,18.67496
2012-01-26 01:00:00,7.411714
2012-01-26 02:00:00,5.418227
2012-01-26 03:00:00,2.8416147
2012-01-26 04:00:00,3.37406
2012-01-26 05:00:00,17.771368
2012-01-26 06:00:00,87.631485
2012-01-26 07:00:00,253.96666
2012-01-26 08:00:00,469.9372
2012-01-26 09:00:00,233.3729
2012-01-26 10:00:00,105.39212
2012-01-26 11:00:00,109.5322
2012-01-26 12:00:00,138.26389
2012-01-26 13:00:00,139.68997
2012-01-26 14:00:00,130.28912
2012-01-26 15:00:00,155.6207
2012-01-26 16:00:00,215.09508
2012-01-26 17:00:00,406.12836
2012-01-26 18:00:00,409.9924
2012-01-26 19:00:00,289.37155
2012-01-26 20:00:00,194.33495
2012-01-26 21:00:00,157.7552
2012-01-26 22:00:00,112.37547
2012-01-26 23:00:00,79.61955
2012-01-27 00:00:00,35.51855
2012-01-27 01:00:00,16.114916
2012-01-27 02:00:00,14.374009
2012-01-27 03:00:00,3.408593
2012-01-27 04:00:00,2.1915984
2012-01-27 05:00:00,15.702416
2012-01-27 06:00:00,82.11977
2012-01-27 07:00:00,220.46048
2012-01-27 08:00:00,276.21088
2012-01-27 09:00:00,164.53624
2012-01-27 10:00:00,94.72434
2012-01-27 11:00:00,140.64308
2012-01-27 12:00:00,198.6254
2012-01-27 13:00:00,230.36316
2012-01-27 14:00:00,213.28654
2012-01-27 15:00:00,214.58807
2012-01-27 16:00:00,269.51715
2012-01-27 17:00:00,411.56915
2012-01-27 18:00:00,377.39087
2012-01-27 19:00:00,240.45615
2012-01-27 20:00:00,163.80556
2012-01-27 21:00:00,127.6511
2012-01-27 22:00:00,107.64283
2012-01-27 23:00:00,78.9661
2012-01-28 00:00:00,64.46707
2012-01-28 01:00:00,51.97511
2012-01-28 02:00:00,39.13449
2012-01-28 03:00:00,18.95833
2012-01-28 04:00:00,5.5475984
2012-01-28 05:00:00,5.8148527
2012-01-28 06:00:00,7.970641
2012-01-28 07:00:00,31.133104
2012-01-28 08:00:00,82.13966
2012-01-28 09:00:00,130.08711
2012-01-28 10:00:00,187.01349
2012-01-28 11:00:00,246.7595
2012-01-28 12:00:00,253.03383
2012-01-28 13:00:00,300.72995
2012-01-28 14:00:00,324.84335
2012-01-28 15:00:00,336.01865
2012-01-28 16:00:00,360.36542
2012-01-28 17:00:00,306.80075
2012-01-28 18:00:00,262.20157
2012-01-28 19:00:00,187.50272
2012-01-28 20:00:00,141.98035
2012-01-28 21:00:00,105.5193
2012-01-28 22:00:00,96.04164
2012-01-28 23:00:00,77.72015
2012-01-29 00:00:00,66.519104
2012-01-29 01:00:00,49.526672
2012-01-29 02:00:00,34.71411
2012-01-29 03:00:00,17.023098
2012-01-29 04:00:00,1.1166124
2012-01-29 05:00:00,3.998229
2012-01-29 06:00:00,2.9121604
2012-01-29 07:00:00,18.301655
2012-01-29 08:00:00,50.268974
2012-01-29 09:00:00,85.16477
2012-01-29 10:00:00,167.3928
2012-01-29 11:00:00,198.37238
2012-01-29 12:00:00,255.3376
2012-01-29 13:00:00,259.63123
2012-01-29 14:00:00,248.7217
2012-01-29 15:00:00,280.83914
2012-01-29 16:00:00,260.2183
2012-01-29 17:00:00,209.07317
2012-01-29 18:00:00,154.44524
2012-01-29 19:00:00,123.93855
2012-01-29 20:00:00,93.279305
2012-01-29 21:00:00,74.25909
2012-01-29 22:00:00,58.69575
2012-01-29 23:00:00,41.11852
2012-01-30 00:00:00,22.377205
2012-01-30 01:00:00,6.096924
2012-01-30 02:00:00,5.293636
2012-01-30 03:00:00,2.208299
2012-01-30 04:00:00,3.744675
2012-01-30 05:00:00,17.357124
2012-01-30 06:00:00,79.73279
2012-01-30 07:00:00,219.82483
2012-01-30 08:00:00,406.57333
2012-01-30 09:00:00,199.14337
2012-01-30 10:00:00,92.96348
2012-01-30 11:00:00,100.76235
2012-01-30 12:00:00,130.88155
2012-01-30 13:00:00,129.94574
2012-01-30 14:00:00,123.43867
2012-01-30 15:00:00,134.85454
2012-01-30 16:00:00,199.91913
2012-01-30 17:00:00,402.43854
2012-01-30 18:00:00,394.23517
2012-01-30 19:00:00,258.07773
2012-01-30 20:00:00,180.289
2012-01-30 21:00:00,129.91376
2012-01-30 22:00:00,77.71693
2012-01-30 23:00:00,42.95861
2012-01-31 00:00:00,17.597073
2012-01-31 01:00:00,6.566572
2012-01-31 02:00:00,5.7910147
2012-01-31 03:00:00,3.2620804
2012-01-31 04:00:00,3.550048
2012-01-31 05:00:00,19.314388
2012-01-31 06:00:00,88.3816
2012-01-31 07:00:00,247.20451
2012-01-31 08:00:00,463.28116
2012-01-31 09:00:00,220.62178
2012-01-31 10:00:00,102.00412
2012-01-31 11:00:00,122.48959
2012-01-31 12:00:00,154.30376
2012-01-31 13:00:00,173.56804
2012-01-31 14:00:00,171.66342
2012-01-31 15:00:00,182.33594
2012-01-31 16:00:00,271.4224
2012-01-31 17:00:00,538.6595
2012-01-31 18:00:00,519.5428
2012-01-31 19:00:00,343.54544
2012-01-31 20:00:00,209.49896
2012-01-31 21:00:00,166.37338
2012-01-31 22:00:00,107.14864
2012-01-31 23:00:00,74.88686
2012-02-20 00:00:00,55.206013
2012-02-20 01:00:00,46.726524
2012-02-20 02:00:00,38.4413
2012-02-20 03:00:00,20.686604
2012-02-20 05:00:00,15.267435
2012-02-20 06:00:00,25.576075
2012-02-20 07:00:00,92.26464
2012-02-20 08:00:00,181.85982
2012-02-20 09:00:00,158.26477
2012-02-20 10:00:00,157.6579
2012-02-20 11:00:00,179.60161
2012-02-20 12:00:00,201.84242
2012-02-20 13:00:00,211.80327
2012-02-20 14:00:00,214.00177
2012-02-20 15:00:00,226.03998
2012-02-20 16:00:00,263.24402
2012-02-20 17:00:00,327.88974
2012-02-20 18:00:00,271.20908
2012-02-20 19:00:00,190.8324
2012-02-20 20:00:00,145.63556
2012-02-20 21:00:00,103.7295
2012-02-20 22:00:00,76.95979
2012-02-20 23:00:00,39.619896
2012-02-21 00:00:00,15.642309
2012-02-21 01:00:00,5.4291525
2012-02-21 02:00:00,3.2049875
2012-02-21 04:00:00,1.6102449
2012-02-21 05:00:00,18.685816
2012-02-21 06:00:00,87.93285
2012-02-21 07:00:00,268.67813
2012-02-21 08:00:00,491.52185
2012-02-21 09:00:00,247.33072
2012-02-21 10:00:00,105.39873
2012-02-21 11:00:00,99.78499
2012-02-21 12:00:00,138.19853
2012-02-21 13:00:00,148.42905
2012-02-21 14:00:00,121.52508
2012-02-21 15:00:00,148.69199
2012-02-21 16:00:00,221.48334
2012-02-21 17:00:00,458.3346
2012-02-21 18:00:00,450.85297
2012-02-21 19:00:00,289.2589
2012-02-21 20:00:00,203.72974
2012-02-21 21:00:00,151.82573
2012-02-21 22:00:00,92.455894
2012-02-21 23:00:00,54.329117
2012-02-22 00:00:00,21.021456
2012-02-22 01:00:00,8.425516
2012-02-22 02:00:00,3.6229973
2012-02-22 03:00:00,2.0064123
2012-02-22 04:00:00,2.6257048
2012-02-22 05:00:00,19.586784
2012-02-22 06:00:00,96.955025
2012-02-22 07:00:00,300.57953
2012-02-22 08:00:00,533.4104
2012-02-22 09:00:00,257.22418
2012-02-22 10:00:00,120.214645
2012-02-22 11:00:00,133.49759
2012-02-22 12:00:00,166.66797
2012-02-22 13:00:00,169.62819
2012-02-22 14:00:00,154.02002
2012-02-22 15:00:00,193.84087
2012-02-22 16:00:00,280.5139
2012-02-22 17:00:00,550.9816
2012-02-22 18:00:00,500.6461
2012-02-22 19:00:00,336.46533
2012-02-22 20:00:00,223.24733
2012-02-22 21:00:00,166.05334
2012-02-22 22:00:00,113.89916
2012-02-22 23:00:00,74.72019
2012-02-23 00:00:00,27.906593
2012-02-23 01:00:00,11.935252
2012-02-23 02:00:00,8.618207
2012-02-23 03:00:00,1.2439451
2012-02-23 04:00:00,4.1757765
2012-02-23 05:00:00,23.4696
2012-02-23 06:00:00,103.22868
2012-02-23 07:00:00,301.30484
2012-02-23 08:00:00,530.66364
2012-02-23 09:00:00,264.3124
2012-02-23 10:00:00,127.065895
2012-02-23 11:00:00,156.99562
2012-02-23 12:00:00,207.58691
2012-02-23 13:00:00,211.05298
2012-02-23 14:00:00,189.78194
2012-02-23 15:00:00,211.54257
2012-02-23 16:00:00,317.37363
2012-02-23 17:00:00,581.8832
2012-02-23 18:00:00,555.97174
2012-02-23 19:00:00,370.78824
2012-02-23 20:00:00,246.83334
2012-02-23 21:00:00,184.0897
2012-02-23 22:00:00,137.93335
2012-02-23 23:00:00,95.169334
2012-02-24 00:00:00,42.164864
2012-02-24 01:00:00,25.011202
2012-02-24 02:00:00,0.1113912
2012-02-24 03:00:00,8.909075
2012-02-24 04:00:00,6.3073797
2012-02-24 05:00:00,20.267256
2012-02-24 06:00:00,94.28021
2012-02-24 07:00:00,271.85156
2012-02-24 08:00:00,504.2149
2012-02-24 09:00:00,139.30016
2012-02-24 10:00:00,82.768875
2012-02-24 11:00:00,152.6891
2012-02-24 12:00:00,194.5856
2012-02-24 13:00:00,188.92558
2012-02-24 14:00:00,181.10379
2012-02-24 15:00:00,97.60037
2012-02-24 16:00:00,132.65321
2012-02-24 17:00:00,235.74263
2012-02-24 18:00:00,288.36737
2012-02-24 19:00:00,250.65584
2012-02-24 20:00:00,194.23436
2012-02-24 21:00:00,128.76335
2012-02-24 22:00:00,102.36749
2012-02-24 23:00:00,74.33941
2012-02-25 00:00:00,77.2753
2012-02-25 01:00:00,56.8649
2012-02-25 02:00:00,40.93805
2012-02-25 03:00:00,14.602009
2012-02-25 04:00:00,5.7115216
2012-02-25 05:00:00,4.4447308
2012-02-25 06:00:00,9.181256
2012-02-25 07:00:00,35.122704
2012-02-25 08:00:00,82.098404
2012-02-25 09:00:00,79.25054
2012-02-25 10:00:00,196.57173
2012-02-25 11:00:00,217.75673
2012-02-25 12:00:00,259.5031
2012-02-25 13:00:00,291.46002
2012-02-25 14:00:00,271.8946
2012-02-25 15:00:00,294.60352
2012-02-25 16:00:00,239.19754
2012-02-25 17:00:00,221.77943
2012-02-25 18:00:00,156.61064
2012-02-25 19:00:00,127.10104
2012-02-25 20:00:00,97.373695
2012-02-25 21:00:00,80.08931
2012-02-25 22:00:00,72.843254
2012-02-25 23:00:00,60.88267
2012-02-26 00:00:00,65.19542
2012-02-26 01:00:00,55.084812
2012-02-26 02:00:00,42.28501
2012-02-26 03:00:00,22.230457
2012-02-26 04:00:00,5.8143463
2012-02-26 05:00:00,2.0425847
2012-02-26 06:00:00,4.8451295
2012-02-26 07:00:00,14.171894
2012-02-26 08:00:00,51.40449
2012-02-26 09:00:00,92.48653
2012-02-26 10:00:00,181.7826
2012-02-26 11:00:00,221.67061
2012-02-26 12:00:00,289.8048
2012-02-26 13:00:00,304.40668
2012-02-26 14:00:00,321.2351
2012-02-26 15:00:00,323.05338
2012-02-26 16:00:00,303.82776
2012-02-26 17:00:00,255.77016
2012-02-26 18:00:00,193.74496
2012-02-26 19:00:00,145.23041
2012-02-26 20:00:00,98.335724
2012-02-26 21:00:00,73.81685
2012-02-26 22:00:00,63.01506
2012-02-26 23:00:00,41.160442
2012-02-27 00:00:00,15.860319
2012-02-27 01:00:00,5.3448215
2012-02-27 02:00:00,2.4009023
2012-02-27 03:00:00,1.6770885
2012-02-27 04:00:00,2.693354
2012-02-27 05:00:00,18.312304
2012-02-27 06:00:00,82.600296
2012-02-27 07:00:00,259.37842
2012-02-27 08:00:00,474.3724
2012-02-27 09:00:00,231.85056
2012-02-27 10:00:00,108.61515
2012-02-27 11:00:00,130.68555
2012-02-27 12:00:00,165.9735
2012-02-27 13:00:00,166.32376
2012-02-27 14:00:00,162.0463
2012-02-27 15:00:00,195.06021
2012-02-27 16:00:00,284.71997
2012-02-27 17:00:00,550.971
2012-02-27 18:00:00,536.85065
2012-02-27 19:00:00,362.4484
2012-02-27 20:00:00,228.91708
2012-02-27 21:00:00,167.15456
2012-02-27 22:00:00,105.98454
2012-02-27 23:00:00,62.488735
2012-02-28 00:00:00,26.097658
2012-02-28 01:00:00,9.57653
2012-02-28 02:00:00,5.3167195
2012-02-28 03:00:00,0.57968473
2012-02-28 04:00:00,4.7713766
2012-02-28 05:00:00,22.271528
2012-02-28 06:00:00,94.503235
2012-02-28 07:00:00,271.0658
2012-02-28 08:00:00,482.65866
2012-02-28 09:00:00,240.3583
2012-02-28 10:00:00,111.59458
2012-02-28 11:00:00,129.06007
2012-02-28 12:00:00,166.13124
2012-02-28 13:00:00,163.23177
2012-02-28 14:00:00,154.23386
2012-02-28 15:00:00,187.51436
2012-02-28 16:00:00,268.56525
2012-02-28 17:00:00,521.93066
2012-02-28 18:00:00,508.95496
2012-02-28 19:00:00,334.68414
2012-02-28 20:00:00,216.75333
2012-02-28 21:00:00,148.56439
2012-02-28 22:00:00,103.264984
2012-02-28 23:00:00,62.7008
2012-02-29 00:00:00,22.024624
2012-02-29 01:00:00,6.7234797
2012-02-29 02:00:00,4.995943
2012-02-29 03:00:00,1.5301003
2012-02-29 05:00:00,20.629587
2012-02-29 06:00:00,93.05824
2012-02-29 07:00:00,274.8414
2012-02-29 08:00:00,515.46124
2012-02-29 09:00:00,143.0031
2012-02-29 10:00:00,60.36679
2012-02-29 11:00:00,70.568794
2012-02-29 12:00:00,67.11478
2012-02-29 13:00:00,115.849106
2012-02-29 14:00:00,102.102
2012-02-29 15:00:00,127.30303
2012-02-29 16:00:00,102.20942
2012-02-29 17:00:00,318.2954
2012-02-29 18:00:00,270.72333
2012-02-29 19:00:00,261.26367
2012-02-29 20:00:00,140.02187
2012-02-29 21:00:00,112.9819
2012-02-29 22:00:00,66.093056
2012-02-29 23:00:00,46.13031
2012-03-20 00:00:00,29.434729
2012-03-20 01:00:00,15.145513
2012-03-20 02:00:00,8.126631
2012-03-20 03:00:00,2.4436452
2012-03-20 04:00:00,5.470224
2012-03-20 05:00:00,20.32027
2012-03-20 06:00:00,104.86619
2012-03-20 07:00:00,159.91997
2012-03-20 08:00:00,561.7834
2012-03-20 09:00:00,314.43292
2012-03-20 10:00:00,179.94324
2012-03-20 11:00:00,190.3613
2012-03-20 12:00:00,243.47147
2012-03-20 13:00:00,240.2076
2012-03-20 14:00:00,218.69916
2012-03-20 15:00:00,246.63084
2012-03-20 16:00:00,366.6682
2012-03-20 17:00:00,676.8268
2012-03-20 18:00:00,676.0369
2012-03-20 19:00:00,480.55942
2012-03-20 20:00:00,331.65887
2012-03-20 21:00:00,226.57678
2012-03-20 22:00:00,146.9532
2012-03-20 23:00:00,79.3113
2012-03-21 00:00:00,33.155148
2012-03-21 01:00:00,16.457867
2012-03-21 02:00:00,10.383544
2012-03-21 03:00:00,3.7215216
2012-03-21 04:00:00,5.3884444
2012-03-21 05:00:00,27.696844
2012-03-21 06:00:00,102.691536
2012-03-21 07:00:00,204.19586
2012-03-21 08:00:00,367.57462
2012-03-21 09:00:00,327.34738
2012-03-21 10:00:00,178.82237
2012-03-21 11:00:00,180.08226
2012-03-21 12:00:00,219.1412
2012-03-21 13:00:00,183.42659
2012-03-21 14:00:00,182.54158
2012-03-21 15:00:00,198.81178
2012-03-21 16:00:00,336.70413
2012-03-21 17:00:00,677.1943
2012-03-21 18:00:00,664.1089
2012-03-21 19:00:00,519.24475
2012-03-21 20:00:00,326.51578
2012-03-21 21:00:00,217.67273
2012-03-21 22:00:00,162.69571
2012-03-21 23:00:00,105.92087
2012-03-22 00:00:00,43.488598
2012-03-22 01:00:00,20.228298
2012-03-22 02:00:00,11.559424
2012-03-22 03:00:00,7.3323264
2012-03-22 04:00:00,4.762096
2012-03-22 05:00:00,21.348846
2012-03-22 06:00:00,108.987175
2012-03-22 07:00:00,349.26523
2012-03-22 08:00:00,587.78326
2012-03-22 09:00:00,320.71497
2012-03-22 10:00:00,179.07988
2012-03-22 11:00:00,180.58409
2012-03-22 12:00:00,221.9769
2012-03-22 13:00:00,251.86115
2012-03-22 14:00:00,234.71399
2012-03-22 15:00:00,259.54767
2012-03-22 16:00:00,382.484
2012-03-22 17:00:00,729.37866
2012-03-22 18:00:00,728.7942
2012-03-22 19:00:00,527.96216
2012-03-22 20:00:00,364.10834
2012-03-22 21:00:00,265.36826
2012-03-22 22:00:00,178.92494
2012-03-22 23:00:00,136.38823
2012-03-23 00:00:00,55.758766
2012-03-23 01:00:00,28.571997
2012-03-23 02:00:00,15.774995
2012-03-23 03:00:00,10.468157
2012-03-23 04:00:00,5.926144
2012-03-23 05:00:00,23.044151
2012-03-23 06:00:00,112.874115
2012-03-23 07:00:00,331.09512
2012-03-23 08:00:00,571.7942
2012-03-23 09:00:00,305.17786
2012-03-23 10:00:00,217.49457
2012-03-23 11:00:00,265.22012
2012-03-23 12:00:00,348.78238
2012-03-23 13:00:00,365.74866
2012-03-23 14:00:00,346.77713
2012-03-23 15:00:00,377.51495
2012-03-23 16:00:00,505.23193
2012-03-23 17:00:00,726.2355
2012-03-23 18:00:00,676.4483
2012-03-23 19:00:00,476.6127
2012-03-23 20:00:00,345.74335
2012-03-23 21:00:00,269.6865
2012-03-23 22:00:00,228.88242
2012-03-23 23:00:00,167.17676
2012-03-24 00:00:00,111.10881
2012-03-24 01:00:00,92.83913
2012-03-24 02:00:00,66.366776
2012-03-24 03:00:00,34.950363
2012-03-24 04:00:00,19.043406
2012-03-24 05:00:00,25.893337
2012-03-24 06:00:00,47.642185
2012-03-24 07:00:00,99.6918
2012-03-24 08:00:00,165.6086
2012-03-24 09:00:00,292.16013
2012-03-24 10:00:00,382.81598
2012-03-24 11:00:00,433.2146
2012-03-24 12:00:00,333.38626
2012-03-24 13:00:00,325.3038
2012-03-24 14:00:00,316.83066
2012-03-24 15:00:00,275.0022
2012-03-24 16:00:00,283.02792
2012-03-24 17:00:00,249.00941
2012-03-24 18:00:00,207.01265
2012-03-24 19:00:00,209.28853
2012-03-24 20:00:00,134.73328
2012-03-24 21:00:00,106.6914
2012-03-24 22:00:00,75.23798
2012-03-24 23:00:00,99.85422
2012-03-25 00:00:00,80.77737
2012-03-25 01:00:00,68.53452
2012-03-25 02:00:00,49.687138
2012-03-25 03:00:00,24.738047
2012-03-25 04:00:00,8.295559
2012-03-25 05:00:00,6.895599
2012-03-25 06:00:00,17.981571
2012-03-25 07:00:00,43.747295
2012-03-25 08:00:00,93.12636
2012-03-25 09:00:00,193.60349
2012-03-25 10:00:00,303.8799
2012-03-25 11:00:00,339.26636
2012-03-25 12:00:00,418.16592
2012-03-25 13:00:00,458.38058
2012-03-25 14:00:00,433.12213
2012-03-25 15:00:00,427.4782
2012-03-25 16:00:00,434.31097
2012-03-25 17:00:00,448.3906
2012-03-25 18:00:00,399.56583
2012-03-25 19:00:00,295.0348
2012-03-25 20:00:00,197.28854
2012-03-25 21:00:00,145.368
2012-03-25 22:00:00,107.66534
2012-03-25 23:00:00,71.51405
2012-03-26 00:00:00,28.36676
2012-03-26 01:00:00,13.875047
2012-03-26 02:00:00,5.706645
2012-03-26 03:00:00,4.920241
2012-03-26 04:00:00,6.260558
2012-03-26 05:00:00,26.370768
2012-03-26 06:00:00,115.68169
2012-03-26 07:00:00,382.53918
2012-03-26 08:00:00,614.6648
2012-03-26 09:00:00,312.13263
2012-03-26 10:00:00,196.56404
2012-03-26 11:00:00,213.43173
2012-03-26 12:00:00,263.60843
2012-03-26 13:00:00,251.02731
2012-03-26 14:00:00,232.37883
2012-03-26 15:00:00,246.90292
2012-03-26 16:00:00,343.76044
2012-03-26 17:00:00,616.7766
2012-03-26 18:00:00,585.598
2012-03-26 19:00:00,398.8441
2012-03-26 20:00:00,260.95538
2012-03-26 21:00:00,169.07388
2012-03-26 22:00:00,101.35612
2012-03-26 23:00:00,64.783394
2012-03-27 00:00:00,29.593536
2012-03-27 01:00:00,7.297205
2012-03-27 02:00:00,2.175155
2012-03-27 03:00:00,0.4579493
2012-03-27 04:00:00,2.3172834
2012-03-27 05:00:00,20.683983
2012-03-27 06:00:00,94.13695
2012-03-27 07:00:00,321.54022
2012-03-27 08:00:00,570.7487
2012-03-27 09:00:00,305.52924
2012-03-27 10:00:00,165.17007
2012-03-27 11:00:00,180.47052
2012-03-27 12:00:00,218.16994
2012-03-27 13:00:00,226.06136
2012-03-27 14:00:00,225.48997
2012-03-27 15:00:00,243.2969
2012-03-27 16:00:00,349.35284
2012-03-27 17:00:00,624.77026
2012-03-27 18:00:00,604.6422
2012-03-27 19:00:00,432.9279
2012-03-27 20:00:00,306.83725
2012-03-27 21:00:00,183.94421
2012-03-27 22:00:00,128.25542
2012-03-27 23:00:00,78.47866
2012-03-28 00:00:00,28.559835
2012-03-28 01:00:00,7.3681803
2012-03-28 02:00:00,2.506047
2012-03-28 03:00:00,2.741311
2012-03-28 04:00:00,3.739914
2012-03-28 05:00:00,24.639708
2012-03-28 06:00:00,108.215935
2012-03-28 07:00:00,344.08963
2012-03-28 08:00:00,614.2982
2012-03-28 09:00:00,326.47192
2012-03-28 10:00:00,191.0923
2012-03-28 11:00:00,225.78621
2012-03-28 12:00:00,269.66693
2012-03-28 13:00:00,273.66187
2012-03-28 14:00:00,250.63535
2012-03-28 15:00:00,266.25464
2012-03-28 16:00:00,349.94202
2012-03-28 17:00:00,731.15393
2012-03-28 18:00:00,733.66406
2012-03-28 19:00:00,541.1001
2012-03-28 20:00:00,385.6432
2012-03-28 21:00:00,282.41083
2012-03-28 22:00:00,201.26799
2012-03-28 23:00:00,117.548676
2012-03-29 00:00:00,41.079132
2012-03-29 01:00:00,22.250673
2012-03-29 02:00:00,12.893419
2012-03-29 03:00:00,7.8720293
2012-03-29 04:00:00,8.653907
2012-03-29 05:00:00,30.04257
2012-03-29 06:00:00,128.92696
2012-03-29 07:00:00,386.825
2012-03-29 08:00:00,635.5527
2012-03-29 09:00:00,333.31628
2012-03-29 10:00:00,185.67123
2012-03-29 11:00:00,228.0932
2012-03-29 12:00:00,277.95593
2012-03-29 13:00:00,258.6294
2012-03-29 14:00:00,251.45981
2012-03-29 15:00:00,282.165
2012-03-29 16:00:00,396.32025
2012-03-29 17:00:00,705.3884
2012-03-29 18:00:00,674.9824
2012-03-29 19:00:00,458.85098
2012-03-29 20:00:00,310.03802
2012-03-29 21:00:00,218.68347
2012-03-29 22:00:00,159.958
2012-03-29 23:00:00,112.17947
2012-03-30 00:00:00,43.776848
2012-03-30 01:00:00,21.170729
2012-03-30 02:00:00,10.346411
2012-03-30 03:00:00,7.493503
2012-03-30 04:00:00,4.9730077
2012-03-30 05:00:00,22.293129
2012-03-30 06:00:00,101.448685
2012-03-30 07:00:00,320.4897
2012-03-30 08:00:00,589.8275
2012-03-30 09:00:00,331.50647
2012-03-30 10:00:00,202.67632
2012-03-30 11:00:00,219.49416
2012-03-30 12:00:00,267.23175
2012-03-30 13:00:00,179.77232
2012-03-30 14:00:00,143.21942
2012-03-30 15:00:00,158.55057
2012-03-30 16:00:00,242.82913
2012-03-30 17:00:00,550.5616
2012-03-30 18:00:00,545.3025
2012-03-30 19:00:00,363.43967
2012-03-30 20:00:00,258.1965
2012-03-30 21:00:00,188.92046
2012-03-30 22:00:00,153.7713
2012-03-30 23:00:00,123.895935
2012-03-31 00:00:00,96.19648
2012-03-31 01:00:00,71.83705
2012-03-31 02:00:00,51.191143
2012-03-31 03:00:00,27.649815
2012-03-31 04:00:00,7.801801
2012-03-31 05:00:00,13.70737
2012-03-31 06:00:00,33.547367
2012-03-31 07:00:00,76.390656
2012-03-31 08:00:00,140.12697
2012-03-31 09:00:00,264.54507
2012-03-31 10:00:00,354.57947
2012-03-31 11:00:00,473.6633
2012-03-31 12:00:00,528.41693
2012-03-31 13:00:00,602.6447
2012-03-31 14:00:00,528.3954
2012-03-31 15:00:00,547.9536
2012-03-31 16:00:00,505.63913
2012-03-31 17:00:00,463.44003
2012-03-31 18:00:00,337.56458
2012-03-31 19:00:00,272.02466
2012-03-31 20:00:00,207.56245
2012-03-31 21:00:00,164.52983
2012-03-31 22:00:00,133.26178
2012-03-31 23:00:00,98.82637
2012-04-20 00:00:00,56.947388
2012-04-20 01:00:00,38.062122
2012-04-20 02:00:00,16.764418
2012-04-20 03:00:00,10.856818
2012-04-20 04:00:00,9.2590475
2012-04-20 05:00:00,26.888924
2012-04-20 06:00:00,123.60043
2012-04-20 07:00:00,362.97293
2012-04-20 08:00:00,622.5783
2012-04-20 09:00:00,359.98474
2012-04-20 10:00:00,221.19646
2012-04-20 11:00:00,269.1135
2012-04-20 12:00:00,353.0835
2012-04-20 13:00:00,368.3246
2012-04-20 14:00:00,338.87445
2012-04-20 15:00:00,363.56073
2012-04-20 16:00:00,501.27988
2012-04-20 17:00:00,718.7028
2012-04-20 18:00:00,653.0531
2012-04-20 19:00:00,484.10104
2012-04-20 20:00:00,342.66803
2012-04-20 21:00:00,254.51854
2012-04-20 22:00:00,208.8226
2012-04-20 23:00:00,176.83513
2012-04-21 00:00:00,118.00281
2012-04-21 01:00:00,89.966545
2012-04-21 02:00:00,67.94858
2012-04-21 03:00:00,32.46804
2012-04-21 04:00:00,14.181477
2012-04-21 05:00:00,17.66038
2012-04-21 06:00:00,39.00865
2012-04-21 07:00:00,89.91747
2012-04-21 08:00:00,187.25531
2012-04-21 09:00:00,293.1993
2012-04-21 10:00:00,427.82132
2012-04-21 11:00:00,525.4488
2012-04-21 12:00:00,616.16986
2012-04-21 13:00:00,630.93933
2012-04-21 14:00:00,614.0704
2012-04-21 15:00:00,623.4826
2012-04-21 16:00:00,614.45184
2012-04-21 17:00:00,608.2451
2012-04-21 18:00:00,492.55402
2012-04-21 19:00:00,245.2739
2012-04-21 20:00:00,122.97623
2012-04-21 21:00:00,97.25024
2012-04-21 22:00:00,153.38312
2012-04-21 23:00:00,112.80768
2012-04-22 00:00:00,109.32771
2012-04-22 01:00:00,89.03395
2012-04-22 02:00:00,59.70421
2012-04-22 03:00:00,35.85642
2012-04-22 04:00:00,16.289547
2012-04-22 05:00:00,12.883929
2012-04-22 06:00:00,18.856611
2012-04-22 07:00:00,35.54843
2012-04-22 08:00:00,83.92894
2012-04-22 09:00:00,124.57255
2012-04-22 10:00:00,207.05975
2012-04-22 11:00:00,248.13239
2012-04-22 12:00:00,265.41016
2012-04-22 13:00:00,267.093
2012-04-22 14:00:00,253.40465
2012-04-22 15:00:00,258.20538
2012-04-22 16:00:00,247.28798
2012-04-22 17:00:00,164.9316
2012-04-22 18:00:00,145.12456
2012-04-22 19:00:00,127.43802
2012-04-22 20:00:00,98.24087
2012-04-22 21:00:00,83.95785
2012-04-22 22:00:00,51.674763
2012-04-22 23:00:00,34.265793
2012-04-23 00:00:00,14.462475
2012-04-23 01:00:00,5.415651
2012-04-23 02:00:00,2.219083
2012-04-23 03:00:00,0.0
2012-04-23 04:00:00,0.0
2012-04-23 05:00:00,1.4847777
2012-04-23 06:00:00,84.57085
2012-04-23 07:00:00,156.69957
2012-04-23 08:00:00,558.7582
2012-04-23 09:00:00,269.62137
2012-04-23 10:00:00,129.67126
2012-04-23 11:00:00,132.54361
2012-04-23 12:00:00,102.29994
2012-04-23 13:00:00,109.82232
2012-04-23 14:00:00,104.372
2012-04-23 15:00:00,175.33891
2012-04-23 16:00:00,129.66766
2012-04-23 17:00:00,267.26328
2012-04-23 18:00:00,352.74973
2012-04-23 19:00:00,314.77182
2012-04-23 20:00:00,230.08546
2012-04-23 21:00:00,134.99283
2012-04-23 22:00:00,105.64391
2012-04-23 23:00:00,65.63724
2012-04-24 00:00:00,25.418476
2012-04-24 01:00:00,10.491591
2012-04-24 02:00:00,3.8139312
2012-04-24 03:00:00,0.64034605
2012-04-24 04:00:00,1.3446244
2012-04-24 05:00:00,19.577158
2012-04-24 06:00:00,102.01119
2012-04-24 07:00:00,349.4317
2012-04-24 08:00:00,616.7524
2012-04-24 09:00:00,315.9
2012-04-24 10:00:00,168.13979
2012-04-24 11:00:00,207.24217
2012-04-24 12:00:00,255.19968
2012-04-24 13:00:00,255.8857
2012-04-24 14:00:00,247.2142
2012-04-24 15:00:00,262.4735
2012-04-24 16:00:00,386.03973
2012-04-24 17:00:00,716.3634
2012-04-24 18:00:00,700.4971
2012-04-24 19:00:00,503.43997
2012-04-24 20:00:00,316.53674
2012-04-24 21:00:00,233.85307
2012-04-24 22:00:00,156.18591
2012-04-24 23:00:00,102.89375
2012-04-25 00:00:00,34.880505
2012-04-25 01:00:00,12.242705
2012-04-25 02:00:00,3.4884725
2012-04-25 03:00:00,1.2780268
2012-04-25 04:00:00,2.1213717
2012-04-25 05:00:00,20.698034
2012-04-25 06:00:00,110.24619
2012-04-25 07:00:00,385.19568
2012-04-25 08:00:00,655.05206
2012-04-25 09:00:00,323.98026
2012-04-25 10:00:00,194.50342
2012-04-25 11:00:00,228.4984
2012-04-25 12:00:00,268.74496
2012-04-25 13:00:00,273.70404
2012-04-25 14:00:00,243.63222
2012-04-25 15:00:00,282.09836
2012-04-25 16:00:00,389.53857
2012-04-25 17:00:00,750.42725
2012-04-25 18:00:00,744.3501
2012-04-25 19:00:00,546.4199
2012-04-25 20:00:00,384.336
2012-04-25 21:00:00,276.69376
2012-04-25 22:00:00,186.84818
2012-04-25 23:00:00,116.60986
2012-04-26 00:00:00,33.476414
2012-04-26 01:00:00,14.2739105
2012-04-26 02:00:00,7.04539
2012-04-26 03:00:00,3.059638
2012-04-26 04:00:00,4.05935
2012-04-26 05:00:00,29.749218
2012-04-26 06:00:00,126.81725
2012-04-26 07:00:00,259.05728
2012-04-26 08:00:00,438.54398
2012-04-26 09:00:00,245.8988
2012-04-26 10:00:00,173.44574
2012-04-26 11:00:00,170.81354
2012-04-26 12:00:00,224.89563
2012-04-26 13:00:00,216.84406
2012-04-26 14:00:00,205.9106
2012-04-26 15:00:00,198.24535
2012-04-26 16:00:00,267.5509
2012-04-26 17:00:00,606.1084
2012-04-26 18:00:00,550.98346
2012-04-26 19:00:00,423.11646
2012-04-26 20:00:00,345.99222
2012-04-26 21:00:00,236.46384
2012-04-26 22:00:00,194.70471
2012-04-26 23:00:00,133.7697
2012-04-27 00:00:00,59.701202
2012-04-27 01:00:00,26.484337
2012-04-27 02:00:00,14.436076
2012-04-27 03:00:00,5.5461745
2012-04-27 04:00:00,9.192704
2012-04-27 05:00:00,29.5341
2012-04-27 06:00:00,119.13728
2012-04-27 07:00:00,342.95938
2012-04-27 08:00:00,612.72363
2012-04-27 09:00:00,338.88135
2012-04-27 10:00:00,217.47046
2012-04-27 11:00:00,257.75833
2012-04-27 12:00:00,325.31134
2012-04-27 13:00:00,334.76117
2012-04-27 14:00:00,323.4545
2012-04-27 15:00:00,372.20245
2012-04-27 16:00:00,489.23013
2012-04-27 17:00:00,707.52637
2012-04-27 18:00:00,611.47784
2012-04-27 19:00:00,421.57913
2012-04-27 20:00:00,270.0696
2012-04-27 21:00:00,195.11246
2012-04-27 22:00:00,163.85722
2012-04-27 23:00:00,125.32098
2012-04-28 00:00:00,104.49443
2012-04-28 01:00:00,65.41581
2012-04-28 02:00:00,53.436874
2012-04-28 03:00:00,18.189714
2012-04-28 04:00:00,8.157378
2012-04-28 05:00:00,10.361188
2012-04-28 06:00:00,20.946165
2012-04-28 07:00:00,63.817116
2012-04-28 08:00:00,162.96678
2012-04-28 09:00:00,257.06204
2012-04-28 10:00:00,347.36542
2012-04-28 11:00:00,419.52618
2012-04-28 12:00:00,462.15305
2012-04-28 13:00:00,491.8334
2012-04-28 14:00:00,521.8308
2012-04-28 15:00:00,513.6362
2012-04-28 16:00:00,507.4749
2012-04-28 17:00:00,458.82886
2012-04-28 18:00:00,289.1152
2012-04-28 19:00:00,215.00227
2012-04-28 20:00:00,205.48666
2012-04-28 21:00:00,118.2304
2012-04-28 22:00:00,146.64433
2012-04-28 23:00:00,132.91812
2012-04-29 00:00:00,87.576485
2012-04-29 01:00:00,86.5707
2012-04-29 02:00:00,61.417004
2012-04-29 03:00:00,29.604996
2012-04-29 04:00:00,15.0556
2012-04-29 05:00:00,9.787444
2012-04-29 06:00:00,21.168768
2012-04-29 07:00:00,52.979267
2012-04-29 08:00:00,119.17201
2012-04-29 09:00:00,225.91084
2012-04-29 10:00:00,342.36633
2012-04-29 11:00:00,456.87006
2012-04-29 12:00:00,552.3501
2012-04-29 13:00:00,558.81976
2012-04-29 14:00:00,581.17645
2012-04-29 15:00:00,588.0878
2012-04-29 16:00:00,580.4683
2012-04-29 17:00:00,556.4982
2012-04-29 18:00:00,475.85016
2012-04-29 19:00:00,397.2207
2012-04-29 20:00:00,281.44916
2012-04-29 21:00:00,185.1574
2012-04-29 22:00:00,131.42882
2012-04-29 23:00:00,85.66923
2012-04-30 00:00:00,35.46998
2012-04-30 01:00:00,13.801525
2012-04-30 02:00:00,9.118876
2012-04-30 03:00:00,3.9432626
2012-04-30 04:00:00,2.1025777
2012-04-30 05:00:00,22.363903
2012-04-30 06:00:00,114.14835
2012-04-30 07:00:00,374.57028
2012-04-30 08:00:00,608.76825
2012-04-30 09:00:00,308.11475
2012-04-30 10:00:00,171.03894
2012-04-30 11:00:00,183.87314
2012-04-30 12:00:00,222.18283
2012-04-30 13:00:00,219.22958
2012-04-30 14:00:00,212.18121
2012-04-30 15:00:00,229.93025
2012-04-30 16:00:00,358.7538
2012-04-30 17:00:00,709.80707
2012-04-30 18:00:00,680.55145
2012-04-30 19:00:00,459.74466
2012-04-30 20:00:00,313.78406
2012-04-30 21:00:00,230.08766
2012-04-30 22:00:00,159.76848
2012-04-30 23:00:00,91.29318
2012-05-20 00:00:00,148.1841
2012-05-20 01:00:00,103.167336
2012-05-20 02:00:00,76.351
2012-05-20 03:00:00,40.988937
2012-05-20 04:00:00,17.16313
2012-05-20 05:00:00,14.384344
2012-05-20 06:00:00,30.428999
2012-05-20 07:00:00,63.058876
2012-05-20 08:00:00,160.7824
2012-05-20 09:00:00,318.32352
2012-05-20 10:00:00,478.16525
2012-05-20 11:00:00,567.6999
2012-05-20 12:00:00,655.9774
2012-05-20 13:00:00,663.9724
2012-05-20 14:00:00,625.32404
2012-05-20 15:00:00,592.234
2012-05-20 16:00:00,599.3089
2012-05-20 17:00:00,572.52435
2012-05-20 18:00:00,498.65594
2012-05-20 19:00:00,379.56003
2012-05-20 20:00:00,298.5462
2012-05-20 21:00:00,217.98459
2012-05-20 22:00:00,153.28545
2012-05-20 23:00:00,61.10023
2012-05-21 00:00:00,25.951124
2012-05-21 01:00:00,13.885037
2012-05-21 02:00:00,2.4463685
2012-05-21 03:00:00,3.086172
2012-05-21 04:00:00,3.1349936
2012-05-21 05:00:00,16.213242
2012-05-21 06:00:00,63.93008
2012-05-21 07:00:00,175.72366
2012-05-21 08:00:00,256.65994
2012-05-21 09:00:00,140.8065
2012-05-21 10:00:00,80.856606
2012-05-21 11:00:00,147.47072
2012-05-21 12:00:00,175.27383
2012-05-21 13:00:00,86.3093
2012-05-21 14:00:00,75.44617
2012-05-21 15:00:00,229.02821
2012-05-21 16:00:00,335.76605
2012-05-21 17:00:00,679.0542
2012-05-21 18:00:00,698.4962
2012-05-21 19:00:00,525.6375
2012-05-21 20:00:00,373.1061
2012-05-21 21:00:00,271.7917
2012-05-21 22:00:00,167.09384
2012-05-21 23:00:00,104.298515
2012-05-22 00:00:00,42.65489
2012-05-22 01:00:00,15.203689
2012-05-22 02:00:00,6.853679
2012-05-22 03:00:00,4.220546
2012-05-22 04:00:00,6.2190685
2012-05-22 05:00:00,23.7265
2012-05-22 06:00:00,77.14626
2012-05-22 07:00:00,198.00739
2012-05-22 08:00:00,564.9194
2012-05-22 09:00:00,305.96432
2012-05-22 10:00:00,180.3532
2012-05-22 11:00:00,191.11887
2012-05-22 12:00:00,224.22655
2012-05-22 13:00:00,215.58054
2012-05-22 14:00:00,205.10071
2012-05-22 15:00:00,277.20093
2012-05-22 16:00:00,380.3124
2012-05-22 17:00:00,812.1472
2012-05-22 18:00:00,774.96454
2012-05-22 19:00:00,525.08234
2012-05-22 20:00:00,390.0832
2012-05-22 21:00:00,270.15436
2012-05-22 22:00:00,213.53943
2012-05-22 23:00:00,140.30382
2012-05-23 00:00:00,57.199337
2012-05-23 01:00:00,26.207926
2012-05-23 02:00:00,12.417342
2012-05-23 03:00:00,11.511319
2012-05-23 04:00:00,11.037285
2012-05-23 05:00:00,28.30162
2012-05-23 06:00:00,166.0441
2012-05-23 07:00:00,454.85855
2012-05-23 08:00:00,665.87744
2012-05-23 09:00:00,329.95096
2012-05-23 10:00:00,200.30849
2012-05-23 11:00:00,225.43164
2012-05-23 12:00:00,265.15698
2012-05-23 13:00:00,247.4945
2012-05-23 14:00:00,249.01105
2012-05-23 15:00:00,255.06017
2012-05-23 16:00:00,324.08353
2012-05-23 17:00:00,548.9684
2012-05-23 18:00:00,573.13525
2012-05-23 19:00:00,368.15033
2012-05-23 20:00:00,272.70563
2012-05-23 21:00:00,201.20193
2012-05-23 22:00:00,164.18538
2012-05-23 23:00:00,131.23909
2012-05-24 00:00:00,63.467663
2012-05-24 01:00:00,26.618528
2012-05-24 02:00:00,14.525193
2012-05-24 03:00:00,8.992567
2012-05-24 04:00:00,11.700381
2012-05-24 05:00:00,39.27913
2012-05-24 06:00:00,156.26848
2012-05-24 07:00:00,473.26367
2012-05-24 08:00:00,699.73627
2012-05-24 09:00:00,354.90298
2012-05-24 10:00:00,206.68587
2012-05-24 11:00:00,245.98749
2012-05-24 12:00:00,310.57205
2012-05-24 13:00:00,308.25165
2012-05-24 14:00:00,261.4493
2012-05-24 15:00:00,281.3476
2012-05-24 16:00:00,403.5799
2012-05-24 17:00:00,802.40894
2012-05-24 18:00:00,808.35565
2012-05-24 19:00:00,561.91974
2012-05-24 20:00:00,365.5198
2012-05-24 21:00:00,204.34303
2012-05-24 22:00:00,212.09148
2012-05-24 23:00:00,161.25563
2012-05-25 00:00:00,83.511154
2012-05-25 01:00:00,44.54988
2012-05-25 02:00:00,17.906775
2012-05-25 03:00:00,13.483868
2012-05-25 04:00:00,11.700226
2012-05-25 05:00:00,38.9624
2012-05-25 06:00:00,152.70435
2012-05-25 07:00:00,407.64096
2012-05-25 08:00:00,597.102
2012-05-25 09:00:00,325.27905
2012-05-25 10:00:00,242.58498
2012-05-25 11:00:00,277.06732
2012-05-25 12:00:00,348.59448
2012-05-25 13:00:00,345.82706
2012-05-25 14:00:00,327.17133
2012-05-25 15:00:00,328.25644
2012-05-25 16:00:00,466.06082
2012-05-25 17:00:00,691.52124
2012-05-25 18:00:00,663.0269
2012-05-25 19:00:00,479.13184
2012-05-25 20:00:00,361.46338
2012-05-25 21:00:00,294.38275
2012-05-25 22:00:00,266.861
2012-05-25 23:00:00,214.84494
2012-05-26 00:00:00,157.30574
2012-05-26 01:00:00,115.88776
2012-05-26 02:00:00,83.69379
2012-05-26 03:00:00,41.446644
2012-05-26 04:00:00,22.695532
2012-05-26 05:00:00,22.351591
2012-05-26 06:00:00,47.67394
2012-05-26 07:00:00,94.31552
2012-05-26 08:00:00,208.31757
2012-05-26 09:00:00,290.48956
2012-05-26 10:00:00,410.8076
2012-05-26 11:00:00,505.78992
2012-05-26 12:00:00,544.949
2012-05-26 13:00:00,559.2199
2012-05-26 14:00:00,533.07043
2012-05-26 15:00:00,527.94885
2012-05-26 16:00:00,532.8686
2012-05-26 17:00:00,548.2364
2012-05-26 18:00:00,528.7572
2012-05-26 19:00:00,392.83035
2012-05-26 20:00:00,343.99786
2012-05-26 21:00:00,268.7645
2012-05-26 22:00:00,236.25894
2012-05-26 23:00:00,193.27878
2012-05-27 00:00:00,150.07274
2012-05-27 01:00:00,120.14976
2012-05-27 02:00:00,87.45417
2012-05-27 03:00:00,48.428955
2012-05-27 04:00:00,21.681307
2012-05-27 05:00:00,21.336025
2012-05-27 06:00:00,35.92852
2012-05-27 07:00:00,69.38424
2012-05-27 08:00:00,145.88774
2012-05-27 09:00:00,252.5137
2012-05-27 10:00:00,409.01105
2012-05-27 11:00:00,493.07654
2012-05-27 12:00:00,511.33484
2012-05-27 13:00:00,556.9511
2012-05-27 14:00:00,529.76917
2012-05-27 15:00:00,530.1126
2012-05-27 16:00:00,519.12744
2012-05-27 17:00:00,545.48016
2012-05-27 18:00:00,476.02362
2012-05-27 19:00:00,389.19778
2012-05-27 20:00:00,328.12064
2012-05-27 21:00:00,134.9869
2012-05-27 22:00:00,83.1806
2012-05-27 23:00:00,74.33258
2012-05-28 00:00:00,116.35779
2012-05-28 01:00:00,79.998344
2012-05-28 02:00:00,69.58542
2012-05-28 03:00:00,26.87983
2012-05-28 04:00:00,31.569782
2012-05-28 05:00:00,50.446384
2012-05-28 06:00:00,86.91285
2012-05-28 07:00:00,256.55106
2012-05-28 08:00:00,327.00964
2012-05-28 09:00:00,281.531
2012-05-28 10:00:00,278.31696
2012-05-28 11:00:00,329.75882
2012-05-28 12:00:00,380.85294
2012-05-28 13:00:00,371.16214
2012-05-28 14:00:00,365.09848
2012-05-28 15:00:00,375.81128
2012-05-28 16:00:00,432.78793
2012-05-28 17:00:00,628.02203
2012-05-28 18:00:00,607.90436
2012-05-28 19:00:00,511.38846
2012-05-28 20:00:00,440.50488
2012-05-28 21:00:00,335.38983
2012-05-28 22:00:00,244.53491
2012-05-28 23:00:00,147.3229
2012-05-29 00:00:00,53.21665
2012-05-29 01:00:00,21.812464
2012-05-29 02:00:00,14.7638
2012-05-29 03:00:00,8.876508
2012-05-29 04:00:00,11.582319
2012-05-29 05:00:00,41.94659
2012-05-29 06:00:00,170.42342
2012-05-29 07:00:00,476.4821
2012-05-29 08:00:00,672.80255
2012-05-29 09:00:00,320.54428
2012-05-29 10:00:00,161.06175
2012-05-29 11:00:00,211.89316
2012-05-29 12:00:00,265.61624
2012-05-29 13:00:00,261.99786
2012-05-29 14:00:00,239.75989
2012-05-29 15:00:00,265.78165
2012-05-29 16:00:00,389.83588
2012-05-29 17:00:00,803.29175
2012-05-29 18:00:00,799.80096
2012-05-29 19:00:00,572.4712
2012-05-29 20:00:00,297.04022
2012-05-29 21:00:00,131.16754
2012-05-29 22:00:00,147.21538
2012-05-29 23:00:00,65.5841
2012-05-30 00:00:00,44.624546
2012-05-30 01:00:00,28.805344
2012-05-30 02:00:00,16.152336
2012-05-30 03:00:00,14.897884
2012-05-30 04:00:00,11.168671
2012-05-30 05:00:00,43.268356
2012-05-30 06:00:00,165.1614
2012-05-30 07:00:00,285.08606
2012-05-30 08:00:00,683.3096
2012-05-30 09:00:00,339.17487
2012-05-30 10:00:00,182.44061
2012-05-30 11:00:00,227.80522
2012-05-30 12:00:00,311.31406
2012-05-30 13:00:00,304.39252
2012-05-30 14:00:00,278.41553
2012-05-30 15:00:00,289.17087
2012-05-30 16:00:00,425.131
2012-05-30 17:00:00,820.159
2012-05-30 18:00:00,826.10236
2012-05-30 19:00:00,593.6417
2012-05-30 20:00:00,359.8705
2012-05-30 21:00:00,332.74982
2012-05-30 22:00:00,248.76524
2012-05-30 23:00:00,174.0639
2012-05-31 00:00:00,64.32025
2012-05-31 01:00:00,27.328981
2012-05-31 02:00:00,15.768976
2012-05-31 03:00:00,10.596119
2012-05-31 04:00:00,9.910554
2012-05-31 05:00:00,41.692955
2012-05-31 06:00:00,173.67178
2012-05-31 07:00:00,487.86368
2012-05-31 08:00:00,689.97217
2012-05-31 09:00:00,344.55954
2012-05-31 10:00:00,224.75703
2012-05-31 11:00:00,268.00095
2012-05-31 12:00:00,330.24316
2012-05-31 13:00:00,322.1803
2012-05-31 14:00:00,282.84213
2012-05-31 15:00:00,308.7203
2012-05-31 16:00:00,441.032
2012-05-31 17:00:00,846.95337
2012-05-31 18:00:00,831.33246
2012-05-31 19:00:00,605.2601
2012-05-31 20:00:00,445.62396
2012-05-31 21:00:00,345.40543
2012-05-31 22:00:00,279.67374
2012-05-31 23:00:00,214.67993
2012-06-20 00:00:00,54.238308
2012-06-20 01:00:00,23.641523
2012-06-20 02:00:00,10.194816
2012-06-20 03:00:00,7.321043
2012-06-20 04:00:00,7.1463
2012-06-20 05:00:00,37.359077
2012-06-20 06:00:00,149.25488
2012-06-20 07:00:00,423.4613
2012-06-20 08:00:00,668.5382
2012-06-20 09:00:00,342.40152
2012-06-20 10:00:00,185.80049
2012-06-20 11:00:00,207.86945
2012-06-20 12:00:00,253.24481
2012-06-20 13:00:00,241.26039
2012-06-20 14:00:00,222.86377
2012-06-20 15:00:00,237.52739
2012-06-20 16:00:00,371.88596
2012-06-20 17:00:00,709.4447
2012-06-20 18:00:00,702.53705
2012-06-20 19:00:00,540.1364
2012-06-20 20:00:00,439.5284
2012-06-20 21:00:00,358.45486
2012-06-20 22:00:00,287.13416
2012-06-20 23:00:00,173.43843
2012-06-21 00:00:00,61.353428
2012-06-21 01:00:00,24.271315
2012-06-21 02:00:00,12.289792
2012-06-21 03:00:00,7.964445
2012-06-21 04:00:00,10.2001
2012-06-21 05:00:00,39.69145
2012-06-21 06:00:00,165.72108
2012-06-21 07:00:00,437.30875
2012-06-21 08:00:00,665.4599
2012-06-21 09:00:00,316.9608
2012-06-21 10:00:00,176.12947
2012-06-21 11:00:00,208.89427
2012-06-21 12:00:00,257.8515
2012-06-21 13:00:00,243.4728
2012-06-21 14:00:00,226.088
2012-06-21 15:00:00,231.48654
2012-06-21 16:00:00,369.5361
2012-06-21 17:00:00,729.66095
2012-06-21 18:00:00,748.7296
2012-06-21 19:00:00,522.69543
2012-06-21 20:00:00,432.84613
2012-06-21 21:00:00,357.72305
2012-06-21 22:00:00,247.6917
2012-06-21 23:00:00,183.66055
2012-06-22 00:00:00,79.52196
2012-06-22 01:00:00,43.378456
2012-06-22 02:00:00,22.445932
2012-06-22 03:00:00,12.211191
2012-06-22 04:00:00,13.319282
2012-06-22 05:00:00,43.32667
2012-06-22 06:00:00,152.73683
2012-06-22 07:00:00,426.4862
2012-06-22 08:00:00,641.2635
2012-06-22 09:00:00,335.2162
2012-06-22 10:00:00,227.83553
2012-06-22 11:00:00,279.11685
2012-06-22 12:00:00,315.82065
2012-06-22 13:00:00,306.87265
2012-06-22 14:00:00,277.56927
2012-06-22 15:00:00,284.42267
2012-06-22 16:00:00,400.25125
2012-06-22 17:00:00,747.4323
2012-06-22 18:00:00,656.2003
2012-06-22 19:00:00,468.87338
2012-06-22 20:00:00,354.597
2012-06-22 21:00:00,200.40675
2012-06-22 22:00:00,237.47467
2012-06-22 23:00:00,183.323
2012-06-23 00:00:00,159.47998
2012-06-23 01:00:00,117.13455
2012-06-23 02:00:00,75.39961
2012-06-23 03:00:00,33.878883
2012-06-23 04:00:00,13.028419
2012-06-23 05:00:00,12.565408
2012-06-23 06:00:00,34.55912
2012-06-23 07:00:00,72.27774
2012-06-23 08:00:00,175.47545
2012-06-23 09:00:00,297.92178
2012-06-23 10:00:00,433.9303
2012-06-23 11:00:00,520.317
2012-06-23 12:00:00,562.599
2012-06-23 13:00:00,579.6293
2012-06-23 14:00:00,587.10626
2012-06-23 15:00:00,530.2365
2012-06-23 16:00:00,532.53613
2012-06-23 17:00:00,564.18756
2012-06-23 18:00:00,528.00037
2012-06-23 19:00:00,434.88437
2012-06-23 20:00:00,371.90015
2012-06-23 21:00:00,320.93134
2012-06-23 22:00:00,288.9295
2012-06-23 23:00:00,230.89229
2012-06-24 00:00:00,174.05368
2012-06-24 01:00:00,129.0169
2012-06-24 02:00:00,98.15141
2012-06-24 03:00:00,45.026894
2012-06-24 04:00:00,15.56093
2012-06-24 05:00:00,15.0449505
2012-06-24 06:00:00,23.834135
2012-06-24 07:00:00,58.538162
2012-06-24 08:00:00,152.87842
2012-06-24 09:00:00,286.88467
2012-06-24 10:00:00,440.37302
2012-06-24 11:00:00,513.5727
2012-06-24 12:00:00,550.3545
2012-06-24 13:00:00,562.3005
2012-06-24 14:00:00,508.862
2012-06-24 15:00:00,474.71298
2012-06-24 16:00:00,483.55106
2012-06-24 17:00:00,513.1415
2012-06-24 18:00:00,490.17078
2012-06-24 19:00:00,412.32977
2012-06-24 20:00:00,303.62604
2012-06-24 21:00:00,248.3674
2012-06-24 22:00:00,195.62625
2012-06-24 23:00:00,129.09221
2012-06-25 00:00:00,41.53424
2012-06-25 01:00:00,14.11789
2012-06-25 02:00:00,4.7548447
2012-06-25 03:00:00,0.96305656
2012-06-25 04:00:00,5.1097765
2012-06-25 05:00:00,33.61698
2012-06-25 06:00:00,146.86177
2012-06-25 07:00:00,451.30405
2012-06-25 08:00:00,614.0884
2012-06-25 09:00:00,313.35162
2012-06-25 10:00:00,176.70724
2012-06-25 11:00:00,205.7565
2012-06-25 12:00:00,258.55313
2012-06-25 13:00:00,256.67563
2012-06-25 14:00:00,216.1159
2012-06-25 15:00:00,250.57118
2012-06-25 16:00:00,380.91666
2012-06-25 17:00:00,808.24255
2012-06-25 18:00:00,800.8163
2012-06-25 19:00:00,585.62585
2012-06-25 20:00:00,408.38742
2012-06-25 21:00:00,311.42975
2012-06-25 22:00:00,237.53412
2012-06-25 23:00:00,145.68568
2012-06-26 00:00:00,44.516933
2012-06-26 01:00:00,23.570084
2012-06-26 02:00:00,10.462511
2012-06-26 03:00:00,5.838962
2012-06-26 04:00:00,9.457584
2012-06-26 05:00:00,40.347927
2012-06-26 06:00:00,156.58022
2012-06-26 07:00:00,469.38327
2012-06-26 08:00:00,670.3704
2012-06-26 09:00:00,339.53125
2012-06-26 10:00:00,191.16159
2012-06-26 11:00:00,233.5568
2012-06-26 12:00:00,280.97595
2012-06-26 13:00:00,269.71857
2012-06-26 14:00:00,247.00061
2012-06-26 15:00:00,269.45572
2012-06-26 16:00:00,414.206
2012-06-26 17:00:00,823.0128
2012-06-26 18:00:00,812.5959
2012-06-26 19:00:00,593.43304
2012-06-26 20:00:00,428.75378
2012-06-26 21:00:00,328.80304
2012-06-26 22:00:00,244.90427
2012-06-26 23:00:00,156.99637
2012-06-27 00:00:00,51.077164
2012-06-27 01:00:00,19.903645
2012-06-27 02:00:00,11.070212
2012-06-27 03:00:00,8.030819
2012-06-27 04:00:00,9.025778
2012-06-27 05:00:00,40.33854
2012-06-27 06:00:00,161.93918
2012-06-27 07:00:00,463.5812
2012-06-27 08:00:00,665.6355
2012-06-27 09:00:00,330.6913
2012-06-27 10:00:00,204.29109
2012-06-27 11:00:00,228.21783
2012-06-27 12:00:00,280.65918
2012-06-27 13:00:00,260.91046
2012-06-27 14:00:00,250.34338
2012-06-27 15:00:00,247.4686
2012-06-27 16:00:00,383.02368
2012-06-27 17:00:00,806.3827
2012-06-27 18:00:00,788.7741
2012-06-27 19:00:00,586.60645
2012-06-27 20:00:00,445.36084
2012-06-27 21:00:00,347.2485
2012-06-27 22:00:00,273.88965
2012-06-27 23:00:00,178.80014
2012-06-28 00:00:00,65.06763
2012-06-28 01:00:00,26.763834
2012-06-28 02:00:00,16.03387
2012-06-28 03:00:00,9.933908
2012-06-28 04:00:00,10.886586
2012-06-28 05:00:00,42.885216
2012-06-28 06:00:00,163.95384
2012-06-28 07:00:00,479.39722
2012-06-28 08:00:00,669.9584
2012-06-28 09:00:00,339.67175
2012-06-28 10:00:00,202.71733
2012-06-28 11:00:00,223.61565
2012-06-28 12:00:00,280.2512
2012-06-28 13:00:00,272.66992
2012-06-28 14:00:00,252.84055
2012-06-28 15:00:00,272.91882
2012-06-28 16:00:00,404.42218
2012-06-28 17:00:00,770.38916
2012-06-28 18:00:00,758.0436
2012-06-28 19:00:00,550.2626
2012-06-28 20:00:00,454.55225
2012-06-28 21:00:00,336.49332
2012-06-28 22:00:00,264.65686
2012-06-28 23:00:00,203.239
2012-06-29 00:00:00,90.64803
2012-06-29 01:00:00,47.64083
2012-06-29 02:00:00,24.194986
2012-06-29 03:00:00,14.249797
2012-06-29 04:00:00,12.3715515
2012-06-29 05:00:00,45.1631
2012-06-29 06:00:00,158.18471
2012-06-29 07:00:00,432.45114
2012-06-29 08:00:00,652.48914
2012-06-29 09:00:00,339.26508
2012-06-29 10:00:00,203.5096
2012-06-29 11:00:00,246.6823
2012-06-29 12:00:00,282.23093
2012-06-29 13:00:00,261.17853
2012-06-29 14:00:00,222.68918
2012-06-29 15:00:00,225.31726
2012-06-29 16:00:00,343.44617
2012-06-29 17:00:00,607.2027
2012-06-29 18:00:00,542.7246
2012-06-29 19:00:00,429.634
2012-06-29 20:00:00,311.64575
2012-06-29 21:00:00,285.2323
2012-06-29 22:00:00,170.43748
2012-06-29 23:00:00,137.3127
2012-06-30 00:00:00,115.96231
2012-06-30 01:00:00,91.23742
2012-06-30 02:00:00,74.69914
2012-06-30 03:00:00,32.50521
2012-06-30 04:00:00,13.054891
2012-06-30 05:00:00,15.514842
2012-06-30 06:00:00,31.643555
2012-06-30 07:00:00,71.65617
2012-06-30 08:00:00,150.0118
2012-06-30 09:00:00,261.2264
2012-06-30 10:00:00,374.78018
2012-06-30 11:00:00,450.77252
2012-06-30 12:00:00,512.26215
2012-06-30 13:00:00,519.8486
2012-06-30 14:00:00,508.96448
2012-06-30 15:00:00,483.8853
2012-06-30 16:00:00,455.82767
2012-06-30 17:00:00,497.8295
2012-06-30 18:00:00,443.6253
2012-06-30 19:00:00,399.54187
2012-06-30 20:00:00,354.6678
2012-06-30 21:00:00,305.90228
2012-06-30 22:00:00,242.43042
2012-06-30 23:00:00,206.9482
2012-07-20 00:00:00,56.933414
2012-07-20 01:00:00,45.35018
2012-07-20 02:00:00,18.070515
2012-07-20 03:00:00,11.7979
2012-07-20 04:00:00,13.373157
2012-07-20 05:00:00,40.08909
2012-07-20 06:00:00,150.4843
2012-07-20 07:00:00,397.18683
2012-07-20 08:00:00,606.43243
2012-07-20 09:00:00,349.2111
2012-07-20 10:00:00,222.74513
2012-07-20 11:00:00,199.80217
2012-07-20 12:00:00,160.06468
2012-07-20 13:00:00,142.50256
2012-07-20 14:00:00,142.59772
2012-07-20 15:00:00,218.96526
2012-07-20 16:00:00,297.90186
2012-07-20 17:00:00,421.27716
2012-07-20 18:00:00,457.1645
2012-07-20 19:00:00,311.92566
2012-07-20 20:00:00,144.88992
2012-07-20 21:00:00,126.582664
2012-07-20 22:00:00,162.16168
2012-07-20 23:00:00,130.8165
2012-07-21 00:00:00,115.45251
2012-07-21 01:00:00,105.007545
2012-07-21 02:00:00,63.742073
2012-07-21 03:00:00,23.990465
2012-07-21 04:00:00,7.0436053
2012-07-21 05:00:00,6.651433
2012-07-21 06:00:00,11.4607725
2012-07-21 07:00:00,56.35659
2012-07-21 08:00:00,138.95145
2012-07-21 09:00:00,239.66388
2012-07-21 10:00:00,230.8
2012-07-21 11:00:00,387.8429
2012-07-21 12:00:00,254.81537
2012-07-21 13:00:00,249.7301
2012-07-21 14:00:00,385.60562
2012-07-21 15:00:00,257.83633
2012-07-21 16:00:00,235.71292
2012-07-21 17:00:00,185.85052
2012-07-21 18:00:00,262.1977
2012-07-21 19:00:00,250.41054
2012-07-21 20:00:00,145.06906
2012-07-21 21:00:00,170.34435
2012-07-21 22:00:00,140.83612
2012-07-21 23:00:00,119.81537
2012-07-22 00:00:00,131.7882
2012-07-22 01:00:00,109.80918
2012-07-22 02:00:00,83.184425
2012-07-22 03:00:00,37.347553
2012-07-22 04:00:00,12.811575
2012-07-22 05:00:00,8.62339
2012-07-22 06:00:00,12.202776
2012-07-22 07:00:00,32.933357
2012-07-22 08:00:00,119.19686
2012-07-22 09:00:00,251.6579
2012-07-22 10:00:00,380.40674
2012-07-22 11:00:00,423.3193
2012-07-22 12:00:00,468.03067
2012-07-22 13:00:00,470.75522
2012-07-22 14:00:00,455.33603
2012-07-22 15:00:00,446.36652
2012-07-22 16:00:00,403.49786
2012-07-22 17:00:00,412.617
2012-07-22 18:00:00,381.41113
2012-07-22 19:00:00,321.02917
2012-07-22 20:00:00,256.58444
2012-07-22 21:00:00,190.79262
2012-07-22 22:00:00,133.93564
2012-07-22 23:00:00,101.208336
2012-07-23 00:00:00,41.928616
2012-07-23 01:00:00,13.102728
2012-07-23 02:00:00,2.07806
2012-07-23 03:00:00,0.0
2012-07-23 04:00:00,0.6613052
2012-07-23 05:00:00,22.124031
2012-07-23 06:00:00,128.90895
2012-07-23 07:00:00,407.97473
2012-07-23 08:00:00,604.6224
2012-07-23 09:00:00,311.5061
2012-07-23 10:00:00,187.93655
2012-07-23 11:00:00,213.50726
2012-07-23 12:00:00,265.07654
2012-07-23 13:00:00,259.3011
2012-07-23 14:00:00,223.7775
2012-07-23 15:00:00,249.00273
2012-07-23 16:00:00,377.40335
2012-07-23 17:00:00,800.40564
2012-07-23 18:00:00,804.9883
2012-07-23 19:00:00,558.0194
2012-07-23 20:00:00,404.69547
2012-07-23 21:00:00,299.16983
2012-07-23 22:00:00,196.41223
2012-07-23 23:00:00,122.56462
2012-07-24 00:00:00,48.94681
2012-07-24 01:00:00,16.69711
2012-07-24 02:00:00,3.1087642
2012-07-24 03:00:00,0.0
2012-07-24 04:00:00,0.0
2012-07-24 05:00:00,28.45092
2012-07-24 06:00:00,145.33334
2012-07-24 07:00:00,484.09637
2012-07-24 08:00:00,637.2458
2012-07-24 09:00:00,301.43805
2012-07-24 10:00:00,169.3294
2012-07-24 11:00:00,192.10272
2012-07-24 12:00:00,236.508
2012-07-24 13:00:00,229.24127
2012-07-24 14:00:00,210.45184
2012-07-24 15:00:00,244.89177
2012-07-24 16:00:00,357.64514
2012-07-24 17:00:00,778.2662
2012-07-24 18:00:00,718.98474
2012-07-24 19:00:00,543.2072
2012-07-24 20:00:00,375.13388
2012-07-24 21:00:00,255.5915
2012-07-24 22:00:00,160.1681
2012-07-24 23:00:00,130.8092
2012-07-25 00:00:00,47.639507
2012-07-25 01:00:00,22.00719
2012-07-25 02:00:00,7.218972
2012-07-25 03:00:00,1.387778
2012-07-25 04:00:00,3.252564
2012-07-25 05:00:00,39.236248
2012-07-25 06:00:00,160.06064
2012-07-25 07:00:00,458.4501
2012-07-25 08:00:00,664.1584
2012-07-25 09:00:00,330.10666
2012-07-25 10:00:00,208.1398
2012-07-25 11:00:00,231.81656
2012-07-25 12:00:00,290.15546
2012-07-25 13:00:00,268.67987
2012-07-25 14:00:00,230.02931
2012-07-25 15:00:00,268.93332
2012-07-25 16:00:00,383.67377
2012-07-25 17:00:00,809.2777
2012-07-25 18:00:00,813.4228
2012-07-25 19:00:00,604.6176
2012-07-25 20:00:00,447.99478
2012-07-25 21:00:00,338.1463
2012-07-25 22:00:00,241.60246
2012-07-25 23:00:00,151.75877
2012-07-26 00:00:00,61.451046
2012-07-26 01:00:00,22.949638
2012-07-26 02:00:00,8.565491
2012-07-26 03:00:00,4.8219986
2012-07-26 04:00:00,7.5541773
2012-07-26 05:00:00,40.07471
2012-07-26 06:00:00,165.49376
2012-07-26 07:00:00,479.90222
2012-07-26 08:00:00,667.7372
2012-07-26 09:00:00,335.47372
2012-07-26 10:00:00,166.87689
2012-07-26 11:00:00,196.72179
2012-07-26 12:00:00,246.29991
2012-07-26 13:00:00,246.3613
2012-07-26 14:00:00,207.47203
2012-07-26 15:00:00,225.03209
2012-07-26 16:00:00,340.53122
2012-07-26 17:00:00,673.8905
2012-07-26 18:00:00,669.909
2012-07-26 19:00:00,512.0395
2012-07-26 20:00:00,433.3914
2012-07-26 21:00:00,335.93478
2012-07-26 22:00:00,254.18811
2012-07-26 23:00:00,149.778
2012-07-27 00:00:00,83.97951
2012-07-27 01:00:00,43.505497
2012-07-27 02:00:00,21.574774
2012-07-27 03:00:00,11.547997
2012-07-27 04:00:00,10.183018
2012-07-27 05:00:00,39.16571
2012-07-27 06:00:00,160.64105
2012-07-27 07:00:00,425.39114
2012-07-27 08:00:00,656.6246
2012-07-27 09:00:00,329.21997
2012-07-27 10:00:00,227.38374
2012-07-27 11:00:00,263.7743
2012-07-27 12:00:00,317.7486
2012-07-27 13:00:00,315.5639
2012-07-27 14:00:00,286.95145
2012-07-27 15:00:00,313.31192
2012-07-27 16:00:00,420.2326
2012-07-27 17:00:00,674.30975
2012-07-27 18:00:00,671.38983
2012-07-27 19:00:00,497.81543
2012-07-27 20:00:00,363.03305
2012-07-27 21:00:00,290.93933
2012-07-27 22:00:00,248.5618
2012-07-27 23:00:00,195.12743
2012-07-28 00:00:00,169.06946
2012-07-28 01:00:00,119.08089
2012-07-28 02:00:00,81.56484
2012-07-28 03:00:00,38.65301
2012-07-28 04:00:00,15.955462
2012-07-28 05:00:00,19.65291
2012-07-28 06:00:00,41.096786
2012-07-28 07:00:00,81.06236
2012-07-28 08:00:00,174.98262
2012-07-28 09:00:00,298.99124
2012-07-28 10:00:00,403.9365
2012-07-28 11:00:00,496.30118
2012-07-28 12:00:00,542.56274
2012-07-28 13:00:00,529.0294
2012-07-28 14:00:00,527.03357
2012-07-28 15:00:00,501.125
2012-07-28 16:00:00,503.92267
2012-07-28 17:00:00,517.31555
2012-07-28 18:00:00,484.91037
2012-07-28 19:00:00,301.00317
2012-07-28 20:00:00,254.80157
2012-07-28 21:00:00,263.0769
2012-07-28 22:00:00,224.63788
2012-07-28 23:00:00,179.40811
2012-07-29 00:00:00,164.21837
2012-07-29 01:00:00,123.45029
2012-07-29 02:00:00,92.88016
2012-07-29 03:00:00,42.65633
2012-07-29 04:00:00,16.43292
2012-07-29 05:00:00,11.423937
2012-07-29 06:00:00,19.52081
2012-07-29 07:00:00,54.022484
2012-07-29 08:00:00,133.73912
2012-07-29 09:00:00,251.58038
2012-07-29 10:00:00,404.25446
2012-07-29 11:00:00,480.13974
2012-07-29 12:00:00,532.0162
2012-07-29 13:00:00,523.1076
2012-07-29 14:00:00,508.3154
2012-07-29 15:00:00,495.76923
2012-07-29 16:00:00,480.76
2012-07-29 17:00:00,492.96942
2012-07-29 18:00:00,471.36322
2012-07-29 19:00:00,387.22385
2012-07-29 20:00:00,271.72025
2012-07-29 21:00:00,195.25478
2012-07-29 22:00:00,142.52435
2012-07-29 23:00:00,106.1591
2012-07-30 00:00:00,47.89843
2012-07-30 01:00:00,16.564848
2012-07-30 02:00:00,8.371715
2012-07-30 03:00:00,0.0
2012-07-30 04:00:00,0.0
2012-07-30 05:00:00,25.033375
2012-07-30 06:00:00,128.00458
2012-07-30 07:00:00,443.74573
2012-07-30 08:00:00,618.50916
2012-07-30 09:00:00,318.16806
2012-07-30 10:00:00,169.8834
2012-07-30 11:00:00,216.09663
2012-07-30 12:00:00,260.39194
2012-07-30 13:00:00,257.8086
2012-07-30 14:00:00,221.832
2012-07-30 15:00:00,243.31735
2012-07-30 16:00:00,370.49554
2012-07-30 17:00:00,748.79645
2012-07-30 18:00:00,743.05835
2012-07-30 19:00:00,582.5657
2012-07-30 20:00:00,340.73184
2012-07-30 21:00:00,241.35143
2012-07-30 22:00:00,154.83835
2012-07-30 23:00:00,107.50983
2012-07-31 00:00:00,47.039944
2012-07-31 01:00:00,11.241182
2012-07-31 02:00:00,3.129546
2012-07-31 03:00:00,0.0
2012-07-31 04:00:00,0.0
2012-07-31 05:00:00,28.183348
2012-07-31 06:00:00,144.73389
2012-07-31 07:00:00,429.29044
2012-07-31 08:00:00,651.7654
2012-07-31 09:00:00,324.3732
2012-07-31 10:00:00,191.64374
2012-07-31 11:00:00,215.00148
2012-07-31 12:00:00,273.06824
2012-07-31 13:00:00,239.43231
2012-07-31 14:00:00,214.00594
2012-07-31 15:00:00,235.63297
2012-07-31 16:00:00,353.06216
2012-07-31 17:00:00,786.0067
2012-07-31 18:00:00,744.02264
2012-07-31 19:00:00,474.49512
2012-07-31 20:00:00,278.0123
2012-07-31 21:00:00,252.37567
2012-07-31 22:00:00,171.59784
2012-07-31 23:00:00,101.48321
2012-08-20 00:00:00,24.261152
2012-08-20 01:00:00,9.144875
2012-08-20 02:00:00,2.632368
2012-08-20 03:00:00,0.0
2012-08-20 04:00:00,0.0
2012-08-20 05:00:00,16.684217
2012-08-20 06:00:00,143.20105
2012-08-20 07:00:00,422.79428
2012-08-20 08:00:00,645.48456
2012-08-20 09:00:00,310.80627
2012-08-20 10:00:00,177.11691
2012-08-20 11:00:00,216.08702
2012-08-20 12:00:00,267.68124
2012-08-20 13:00:00,273.28812
2012-08-20 14:00:00,249.06439
2012-08-20 15:00:00,269.99707
2012-08-20 16:00:00,404.83936
2012-08-20 17:00:00,813.84674
2012-08-20 18:00:00,597.432
2012-08-20 19:00:00,413.83954
2012-08-20 20:00:00,246.00401
2012-08-20 21:00:00,178.88504
2012-08-20 22:00:00,99.1895
2012-08-20 23:00:00,49.64402
2012-08-21 00:00:00,23.236086
2012-08-21 01:00:00,7.7964306
2012-08-21 02:00:00,3.5333924
2012-08-21 03:00:00,0.4578331
2012-08-21 04:00:00,1.6858013
2012-08-21 05:00:00,30.486906
2012-08-21 06:00:00,151.99509
2012-08-21 07:00:00,477.20496
2012-08-21 08:00:00,683.05566
2012-08-21 09:00:00,327.5383
2012-08-21 10:00:00,200.00752
2012-08-21 11:00:00,236.30724
2012-08-21 12:00:00,299.24432
2012-08-21 13:00:00,286.257
2012-08-21 14:00:00,264.05185
2012-08-21 15:00:00,284.42593
2012-08-21 16:00:00,443.6398
2012-08-21 17:00:00,834.4223
2012-08-21 18:00:00,832.50415
2012-08-21 19:00:00,388.48126
2012-08-21 20:00:00,360.3935
2012-08-21 21:00:00,260.3348
2012-08-21 22:00:00,167.88652
2012-08-21 23:00:00,84.11232
2012-08-22 00:00:00,43.0742
2012-08-22 01:00:00,18.253103
2012-08-22 02:00:00,7.7550364
2012-08-22 03:00:00,4.7393956
2012-08-22 04:00:00,5.333662
2012-08-22 05:00:00,38.528194
2012-08-22 06:00:00,167.93687
2012-08-22 07:00:00,475.67053
2012-08-22 08:00:00,693.10175
2012-08-22 09:00:00,335.4524
2012-08-22 10:00:00,207.02573
2012-08-22 11:00:00,233.28058
2012-08-22 12:00:00,287.3799
2012-08-22 13:00:00,274.84055
2012-08-22 14:00:00,239.76442
2012-08-22 15:00:00,262.37643
2012-08-22 16:00:00,360.30856
2012-08-22 17:00:00,744.26056
2012-08-22 18:00:00,719.78125
2012-08-22 19:00:00,473.4194
2012-08-22 20:00:00,385.0398
2012-08-22 21:00:00,271.88467
2012-08-22 22:00:00,206.21916
2012-08-22 23:00:00,109.296555
2012-08-23 00:00:00,57.11306
2012-08-23 01:00:00,16.6677
2012-08-23 02:00:00,5.751921
2012-08-23 03:00:00,3.1975522
2012-08-23 04:00:00,2.941617
2012-08-23 05:00:00,32.743484
2012-08-23 06:00:00,138.81392
2012-08-23 07:00:00,414.27866
2012-08-23 08:00:00,684.92456
2012-08-23 09:00:00,356.08563
2012-08-23 10:00:00,208.26445
2012-08-23 11:00:00,241.69452
2012-08-23 12:00:00,304.69598
2012-08-23 13:00:00,292.8
2012-08-23 14:00:00,237.17052
2012-08-23 15:00:00,262.10007
2012-08-23 16:00:00,425.43747
2012-08-23 17:00:00,840.1602
2012-08-23 18:00:00,834.4803
2012-08-23 19:00:00,614.1492
2012-08-23 20:00:00,431.87747
2012-08-23 21:00:00,333.6133
2012-08-23 22:00:00,242.07936
2012-08-23 23:00:00,154.96327
2012-08-24 00:00:00,78.7377
2012-08-24 01:00:00,32.218605
2012-08-24 02:00:00,23.214859
2012-08-24 03:00:00,7.277897
2012-08-24 04:00:00,4.6667366
2012-08-24 05:00:00,36.795288
2012-08-24 06:00:00,132.49515
2012-08-24 07:00:00,410.0858
2012-08-24 08:00:00,665.41016
2012-08-24 09:00:00,369.78455
2012-08-24 10:00:00,257.72818
2012-08-24 11:00:00,288.84357
2012-08-24 12:00:00,356.08533
2012-08-24 13:00:00,342.80356
2012-08-24 14:00:00,316.7739
2012-08-24 15:00:00,336.2163
2012-08-24 16:00:00,474.3413
2012-08-24 17:00:00,771.3445
2012-08-24 18:00:00,666.7456
2012-08-24 19:00:00,500.81287
2012-08-24 20:00:00,359.28516
2012-08-24 21:00:00,290.97946
2012-08-24 22:00:00,239.12416
2012-08-24 23:00:00,187.7296
2012-08-25 00:00:00,160.08138
2012-08-25 01:00:00,118.68333
2012-08-25 02:00:00,90.187325
2012-08-25 03:00:00,47.201485
2012-08-25 04:00:00,19.894613
2012-08-25 05:00:00,14.3101425
2012-08-25 06:00:00,32.176132
2012-08-25 07:00:00,71.883484
2012-08-25 08:00:00,170.14241
2012-08-25 09:00:00,277.88986
2012-08-25 10:00:00,395.02374
2012-08-25 11:00:00,473.82095
2012-08-25 12:00:00,466.2389
2012-08-25 13:00:00,559.54834
2012-08-25 14:00:00,381.81705
2012-08-25 15:00:00,441.95563
2012-08-25 16:00:00,434.68765
2012-08-25 17:00:00,425.20575
2012-08-25 18:00:00,414.85733
2012-08-25 19:00:00,320.95392
2012-08-25 20:00:00,150.52661
2012-08-25 21:00:00,197.06847
2012-08-25 22:00:00,169.0083
2012-08-25 23:00:00,130.14548
2012-08-26 00:00:00,147.82867
2012-08-26 01:00:00,115.28189
2012-08-26 02:00:00,79.43556
2012-08-26 03:00:00,36.849957
2012-08-26 04:00:00,10.940132
2012-08-26 05:00:00,9.055539
2012-08-26 06:00:00,9.572433
2012-08-26 07:00:00,35.295494
2012-08-26 08:00:00,127.84354
2012-08-26 09:00:00,243.1719
2012-08-26 10:00:00,382.8712
2012-08-26 11:00:00,451.8607
2012-08-26 12:00:00,348.6099
2012-08-26 13:00:00,302.58826
2012-08-26 14:00:00,354.0439
2012-08-26 15:00:00,219.60138
2012-08-26 16:00:00,237.03914
2012-08-26 17:00:00,290.81717
2012-08-26 18:00:00,224.38141
2012-08-26 19:00:00,206.61684
2012-08-26 20:00:00,182.51268
2012-08-26 21:00:00,141.77504
2012-08-26 22:00:00,114.39954
2012-08-26 23:00:00,82.38857
2012-08-27 00:00:00,31.345165
2012-08-27 01:00:00,9.154211
2012-08-27 02:00:00,2.6342711
2012-08-27 03:00:00,0.0
2012-08-27 04:00:00,0.0
2012-08-27 05:00:00,23.059217
2012-08-27 06:00:00,128.41711
2012-08-27 07:00:00,379.86398
2012-08-27 08:00:00,568.356
2012-08-27 09:00:00,278.73077
2012-08-27 10:00:00,175.40862
2012-08-27 11:00:00,205.32127
2012-08-27 12:00:00,268.90347
2012-08-27 13:00:00,266.3339
2012-08-27 14:00:00,249.89076
2012-08-27 15:00:00,260.1137
2012-08-27 16:00:00,394.5171
2012-08-27 17:00:00,832.95056
2012-08-27 18:00:00,821.4929
2012-08-27 19:00:00,506.4536
2012-08-27 20:00:00,366.1038
2012-08-27 21:00:00,248.07693
2012-08-27 22:00:00,153.31444
2012-08-27 23:00:00,90.12192
2012-08-28 00:00:00,35.50981
2012-08-28 01:00:00,19.518421
2012-08-28 02:00:00,3.9943113
2012-08-28 03:00:00,5.9001894
2012-08-28 04:00:00,0.5642411
2012-08-28 05:00:00,15.731955
2012-08-28 06:00:00,139.6023
2012-08-28 07:00:00,381.46475
2012-08-28 08:00:00,569.9528
2012-08-28 09:00:00,318.18848
2012-08-28 10:00:00,189.36055
2012-08-28 11:00:00,216.41055
2012-08-28 12:00:00,272.00076
2012-08-28 13:00:00,269.4884
2012-08-28 14:00:00,240.74005
2012-08-28 15:00:00,271.68152
2012-08-28 16:00:00,421.81766
2012-08-28 17:00:00,849.7632
2012-08-28 18:00:00,838.0017
2012-08-28 19:00:00,604.194
2012-08-28 20:00:00,441.3569
2012-08-28 21:00:00,334.4656
2012-08-28 22:00:00,244.47124
2012-08-28 23:00:00,164.24799
2012-08-29 00:00:00,53.253807
2012-08-29 01:00:00,20.12975
2012-08-29 02:00:00,9.192024
2012-08-29 03:00:00,6.591742
2012-08-29 04:00:00,6.9034705
2012-08-29 05:00:00,41.144596
2012-08-29 06:00:00,170.98013
2012-08-29 07:00:00,466.11688
2012-08-29 08:00:00,696.81256
2012-08-29 09:00:00,338.06335
2012-08-29 10:00:00,203.89499
2012-08-29 11:00:00,239.82167
2012-08-29 12:00:00,295.44608
2012-08-29 13:00:00,277.62958
2012-08-29 14:00:00,248.40166
2012-08-29 15:00:00,275.42593
2012-08-29 16:00:00,436.1329
2012-08-29 17:00:00,860.6547
2012-08-29 18:00:00,844.85657
2012-08-29 19:00:00,606.23376
2012-08-29 20:00:00,430.07162
2012-08-29 21:00:00,339.77594
2012-08-29 22:00:00,253.2643
2012-08-29 23:00:00,173.92435
2012-08-30 00:00:00,56.357834
2012-08-30 01:00:00,19.976446
2012-08-30 02:00:00,9.264445
2012-08-30 03:00:00,5.5587068
2012-08-30 04:00:00,6.39637
2012-08-30 05:00:00,39.699066
2012-08-30 06:00:00,160.46701
2012-08-30 07:00:00,467.61502
2012-08-30 08:00:00,693.8417
2012-08-30 09:00:00,352.51453
2012-08-30 10:00:00,209.82741
2012-08-30 11:00:00,250.83612
2012-08-30 12:00:00,297.81076
2012-08-30 13:00:00,285.6305
2012-08-30 14:00:00,247.11607
2012-08-30 15:00:00,268.352
2012-08-30 16:00:00,422.61472
2012-08-30 17:00:00,856.74414
2012-08-30 18:00:00,840.13873
2012-08-30 19:00:00,618.86206
2012-08-30 20:00:00,447.71286
2012-08-30 21:00:00,311.55075
2012-08-30 22:00:00,231.18001
2012-08-30 23:00:00,162.39833
2012-08-31 00:00:00,81.92603
2012-08-31 01:00:00,41.282784
2012-08-31 02:00:00,19.294905
2012-08-31 03:00:00,10.967508
2012-08-31 04:00:00,7.092439
2012-08-31 05:00:00,34.538486
2012-08-31 06:00:00,135.80559
2012-08-31 07:00:00,363.01862
2012-08-31 08:00:00,671.4026
2012-08-31 09:00:00,346.76703
2012-08-31 10:00:00,241.89159
2012-08-31 11:00:00,286.11346
2012-08-31 12:00:00,339.18143
2012-08-31 13:00:00,332.52423
2012-08-31 14:00:00,313.73218
2012-08-31 15:00:00,324.73254
2012-08-31 16:00:00,454.16248
2012-08-31 17:00:00,758.79236
2012-08-31 18:00:00,678.7431
2012-08-31 19:00:00,522.643
2012-08-31 20:00:00,397.97916
2012-08-31 21:00:00,306.87872
2012-08-31 22:00:00,256.96503
2012-08-31 23:00:00,210.7212
2012-09-20 00:00:00,55.622616
2012-09-20 01:00:00,21.668957
2012-09-20 02:00:00,12.075249
2012-09-20 03:00:00,9.546926
2012-09-20 04:00:00,10.885812
2012-09-20 05:00:00,47.977783
2012-09-20 06:00:00,182.0496
2012-09-20 07:00:00,522.8723
2012-09-20 08:00:00,777.2468
2012-09-20 09:00:00,360.78278
2012-09-20 10:00:00,216.77637
2012-09-20 11:00:00,244.67163
2012-09-20 12:00:00,312.1778
2012-09-20 13:00:00,302.51505
2012-09-20 14:00:00,281.32825
2012-09-20 15:00:00,316.97556
2012-09-20 16:00:00,460.9175
2012-09-20 17:00:00,874.2943
2012-09-20 18:00:00,846.29974
2012-09-20 19:00:00,598.10846
2012-09-20 20:00:00,417.32993
2012-09-20 21:00:00,322.6998
2012-09-20 22:00:00,217.96584
2012-09-20 23:00:00,162.96126
2012-09-21 00:00:00,74.83767
2012-09-21 01:00:00,40.87726
2012-09-21 02:00:00,21.85605
2012-09-21 03:00:00,13.623705
2012-09-21 04:00:00,12.669342
2012-09-21 05:00:00,45.64737
2012-09-21 06:00:00,176.88562
2012-09-21 07:00:00,468.4877
2012-09-21 08:00:00,716.2289
2012-09-21 09:00:00,362.85162
2012-09-21 10:00:00,264.71524
2012-09-21 11:00:00,315.42953
2012-09-21 12:00:00,372.6323
2012-09-21 13:00:00,382.36438
2012-09-21 14:00:00,363.31934
2012-09-21 15:00:00,387.70306
2012-09-21 16:00:00,541.0587
2012-09-21 17:00:00,820.18915
2012-09-21 18:00:00,723.50903
2012-09-21 19:00:00,523.91846
2012-09-21 20:00:00,354.08014
2012-09-21 21:00:00,272.42627
2012-09-21 22:00:00,231.81377
2012-09-21 23:00:00,182.73615
2012-09-22 00:00:00,161.0242
2012-09-22 01:00:00,114.44907
2012-09-22 02:00:00,80.88308
2012-09-22 03:00:00,38.802376
2012-09-22 04:00:00,16.247095
2012-09-22 05:00:00,17.245146
2012-09-22 06:00:00,33.231052
2012-09-22 07:00:00,88.98789
2012-09-22 08:00:00,203.85628
2012-09-22 09:00:00,330.1583
2012-09-22 10:00:00,459.48358
2012-09-22 11:00:00,557.83813
2012-09-22 12:00:00,650.1437
2012-09-22 13:00:00,634.20404
2012-09-22 14:00:00,613.78375
2012-09-22 15:00:00,604.26013
2012-09-22 16:00:00,605.8086
2012-09-22 17:00:00,613.4474
2012-09-22 18:00:00,552.7357
2012-09-22 19:00:00,449.09396
2012-09-22 20:00:00,369.30765
2012-09-22 21:00:00,309.69022
2012-09-22 22:00:00,256.58487
2012-09-22 23:00:00,215.52075
2012-09-23 00:00:00,191.24843
2012-09-23 01:00:00,111.62975
2012-09-23 02:00:00,90.139175
2012-09-23 03:00:00,44.374825
2012-09-23 04:00:00,26.109665
2012-09-23 05:00:00,25.392834
2012-09-23 06:00:00,29.907097
2012-09-23 07:00:00,77.28018
2012-09-23 08:00:00,157.49387
2012-09-23 09:00:00,282.04535
2012-09-23 10:00:00,437.76886
2012-09-23 11:00:00,524.6291
2012-09-23 12:00:00,616.48395
2012-09-23 13:00:00,651.4336
2012-09-23 14:00:00,626.2699
2012-09-23 15:00:00,627.1779
2012-09-23 16:00:00,628.01807
2012-09-23 17:00:00,592.6381
2012-09-23 18:00:00,513.6336
2012-09-23 19:00:00,369.68045
2012-09-23 20:00:00,267.60538
2012-09-23 21:00:00,174.62994
2012-09-23 22:00:00,155.7245
2012-09-23 23:00:00,92.74387
2012-09-24 00:00:00,40.229763
2012-09-24 01:00:00,15.425964
2012-09-24 02:00:00,9.907547
2012-09-24 03:00:00,7.750943
2012-09-24 04:00:00,8.850019
2012-09-24 05:00:00,45.690308
2012-09-24 06:00:00,169.72658
2012-09-24 07:00:00,492.71967
2012-09-24 08:00:00,730.7909
2012-09-24 09:00:00,346.90472
2012-09-24 10:00:00,203.74919
2012-09-24 11:00:00,250.8723
2012-09-24 12:00:00,324.4257
2012-09-24 13:00:00,308.69003
2012-09-24 14:00:00,287.2753
2012-09-24 15:00:00,305.7358
2012-09-24 16:00:00,483.2758
2012-09-24 17:00:00,866.0732
2012-09-24 18:00:00,837.6128
2012-09-24 19:00:00,567.9345
2012-09-24 20:00:00,373.37598
2012-09-24 21:00:00,272.48093
2012-09-24 22:00:00,173.83224
2012-09-24 23:00:00,100.01238
2012-09-25 00:00:00,39.72863
2012-09-25 01:00:00,16.662663
2012-09-25 02:00:00,9.933229
2012-09-25 03:00:00,7.5033784
2012-09-25 04:00:00,10.335709
2012-09-25 05:00:00,44.589035
2012-09-25 06:00:00,173.02321
2012-09-25 07:00:00,505.97443
2012-09-25 08:00:00,762.11786
2012-09-25 09:00:00,363.9519
2012-09-25 10:00:00,211.82396
2012-09-25 11:00:00,244.50937
2012-09-25 12:00:00,320.00626
2012-09-25 13:00:00,313.28577
2012-09-25 14:00:00,293.60828
2012-09-25 15:00:00,331.51218
2012-09-25 16:00:00,493.72537
2012-09-25 17:00:00,903.27655
2012-09-25 18:00:00,890.49066
2012-09-25 19:00:00,595.0911
2012-09-25 20:00:00,425.96964
2012-09-25 21:00:00,307.66757
2012-09-25 22:00:00,231.86757
2012-09-25 23:00:00,155.81866
2012-09-26 00:00:00,53.116203
2012-09-26 01:00:00,26.556927
2012-09-26 02:00:00,19.16444
2012-09-26 03:00:00,17.532375
2012-09-26 04:00:00,10.7501335
2012-09-26 05:00:00,48.824905
2012-09-26 06:00:00,183.20859
2012-09-26 07:00:00,523.7383
2012-09-26 08:00:00,756.8179
2012-09-26 09:00:00,375.56952
2012-09-26 10:00:00,210.32228
2012-09-26 11:00:00,256.87543
2012-09-26 12:00:00,321.80252
2012-09-26 13:00:00,318.81915
2012-09-26 14:00:00,276.79523
2012-09-26 15:00:00,305.19458
2012-09-26 16:00:00,462.99493
2012-09-26 17:00:00,876.7139
2012-09-26 18:00:00,872.4407
2012-09-26 19:00:00,625.9252
2012-09-26 20:00:00,417.98788
2012-09-26 21:00:00,333.07803
2012-09-26 22:00:00,194.15549
2012-09-26 23:00:00,133.33925
2012-09-27 00:00:00,63.88093
2012-09-27 01:00:00,27.174065
2012-09-27 02:00:00,16.1257
2012-09-27 03:00:00,11.211828
2012-09-27 04:00:00,9.206996
2012-09-27 05:00:00,43.40794
2012-09-27 06:00:00,167.59549
2012-09-27 07:00:00,516.3066
2012-09-27 08:00:00,755.31055
2012-09-27 09:00:00,365.90768
2012-09-27 10:00:00,226.77155
2012-09-27 11:00:00,255.6886
2012-09-27 12:00:00,311.4403
2012-09-27 13:00:00,296.74335
2012-09-27 14:00:00,267.78348
2012-09-27 15:00:00,300.23984
2012-09-27 16:00:00,464.6563
2012-09-27 17:00:00,768.07526
2012-09-27 18:00:00,765.6267
2012-09-27 19:00:00,593.42694
2012-09-27 20:00:00,411.64377
2012-09-27 21:00:00,204.44368
2012-09-27 22:00:00,142.0482
2012-09-27 23:00:00,120.45838
2012-09-28 00:00:00,56.117416
2012-09-28 01:00:00,15.199995
2012-09-28 02:00:00,26.286999
2012-09-28 03:00:00,11.838168
2012-09-28 04:00:00,5.4149885
2012-09-28 05:00:00,35.6721
2012-09-28 06:00:00,131.91412
2012-09-28 07:00:00,368.99875
2012-09-28 08:00:00,683.74304
2012-09-28 09:00:00,332.65704
2012-09-28 10:00:00,231.25821
2012-09-28 11:00:00,275.6301
2012-09-28 12:00:00,389.1139
2012-09-28 13:00:00,383.9699
2012-09-28 14:00:00,359.03638
2012-09-28 15:00:00,382.1793
2012-09-28 16:00:00,540.3507
2012-09-28 17:00:00,813.6377
2012-09-28 18:00:00,733.2118
2012-09-28 19:00:00,473.9861
2012-09-28 20:00:00,327.83145
2012-09-28 21:00:00,271.74374
2012-09-28 22:00:00,245.01158
2012-09-28 23:00:00,195.53091
2012-09-29 00:00:00,158.70142
2012-09-29 01:00:00,117.98978
2012-09-29 02:00:00,86.056114
2012-09-29 03:00:00,46.846283
2012-09-29 04:00:00,29.093729
2012-09-29 05:00:00,32.03517
2012-09-29 06:00:00,52.71793
2012-09-29 07:00:00,95.07517
2012-09-29 08:00:00,204.71225
2012-09-29 09:00:00,322.49078
2012-09-29 10:00:00,443.7238
2012-09-29 11:00:00,540.6614
2012-09-29 12:00:00,667.73157
2012-09-29 13:00:00,669.8789
2012-09-29 14:00:00,642.744
2012-09-29 15:00:00,614.89465
2012-09-29 16:00:00,645.9957
2012-09-29 17:00:00,636.79675
2012-09-29 18:00:00,498.87936
2012-09-29 19:00:00,373.54126
2012-09-29 20:00:00,284.59882
2012-09-29 21:00:00,253.58388
2012-09-29 22:00:00,205.23747
2012-09-29 23:00:00,195.86465
2012-09-30 00:00:00,155.49106
2012-09-30 01:00:00,126.17607
2012-09-30 02:00:00,80.812675
2012-09-30 03:00:00,43.21492
2012-09-30 04:00:00,18.375
2012-09-30 05:00:00,11.86087
2012-09-30 06:00:00,26.747438
2012-09-30 07:00:00,60.459885
2012-09-30 08:00:00,146.60596
2012-09-30 09:00:00,293.74182
2012-09-30 10:00:00,445.8795
2012-09-30 11:00:00,551.00995
2012-09-30 12:00:00,646.0026
2012-09-30 13:00:00,649.7153
2012-09-30 14:00:00,615.37103
2012-09-30 15:00:00,641.4846
2012-09-30 16:00:00,651.6396
2012-09-30 17:00:00,608.3078
2012-09-30 18:00:00,420.52417
2012-09-30 19:00:00,188.7304
2012-09-30 20:00:00,139.83308
2012-09-30 21:00:00,152.26094
2012-09-30 22:00:00,115.03661
2012-09-30 23:00:00,88.56171
2012-10-20 00:00:00,150.01434
2012-10-20 01:00:00,107.19708
2012-10-20 02:00:00,72.40539
2012-10-20 03:00:00,37.203465
2012-10-20 04:00:00,13.08862
2012-10-20 05:00:00,15.345078
2012-10-20 06:00:00,38.694828
2012-10-20 07:00:00,90.18918
2012-10-20 08:00:00,205.6357
2012-10-20 09:00:00,337.65808
2012-10-20 10:00:00,445.13434
2012-10-20 11:00:00,537.49896
2012-10-20 12:00:00,620.5883
2012-10-20 13:00:00,626.056
2012-10-20 14:00:00,603.00757
2012-10-20 15:00:00,584.4711
2012-10-20 16:00:00,601.482
2012-10-20 17:00:00,590.81934
2012-10-20 18:00:00,503.0224
2012-10-20 19:00:00,346.0173
2012-10-20 20:00:00,285.68567
2012-10-20 21:00:00,209.47134
2012-10-20 22:00:00,175.90854
2012-10-20 23:00:00,160.05435
2012-10-21 00:00:00,147.50676
2012-10-21 01:00:00,118.604645
2012-10-21 02:00:00,76.1097
2012-10-21 03:00:00,40.5845
2012-10-21 04:00:00,14.79983
2012-10-21 05:00:00,17.2411
2012-10-21 06:00:00,30.661333
2012-10-21 07:00:00,66.57095
2012-10-21 08:00:00,140.44362
2012-10-21 09:00:00,281.27542
2012-10-21 10:00:00,412.5927
2012-10-21 11:00:00,517.41315
2012-10-21 12:00:00,626.5344
2012-10-21 13:00:00,655.9124
2012-10-21 14:00:00,630.29956
2012-10-21 15:00:00,622.44727
2012-10-21 16:00:00,614.135
2012-10-21 17:00:00,540.28406
2012-10-21 18:00:00,468.21964
2012-10-21 19:00:00,325.28128
2012-10-21 20:00:00,206.21664
2012-10-21 21:00:00,140.23836
2012-10-21 22:00:00,118.39559
2012-10-21 23:00:00,89.13374
2012-10-22 00:00:00,39.597404
2012-10-22 01:00:00,13.758334
2012-10-22 02:00:00,7.2836194
2012-10-22 03:00:00,7.5631785
2012-10-22 04:00:00,7.3820286
2012-10-22 05:00:00,35.71843
2012-10-22 06:00:00,142.58737
2012-10-22 07:00:00,441.3821
2012-10-22 08:00:00,740.2399
2012-10-22 09:00:00,358.5937
2012-10-22 10:00:00,210.8383
2012-10-22 11:00:00,250.40709
2012-10-22 12:00:00,321.40323
2012-10-22 13:00:00,311.05566
2012-10-22 14:00:00,305.38477
2012-10-22 15:00:00,316.50827
2012-10-22 16:00:00,479.8147
2012-10-22 17:00:00,846.27075
2012-10-22 18:00:00,693.6895
2012-10-22 19:00:00,512.06866
2012-10-22 20:00:00,342.09637
2012-10-22 21:00:00,219.8042
2012-10-22 22:00:00,127.0062
2012-10-22 23:00:00,85.57372
2012-10-23 00:00:00,37.732273
2012-10-23 01:00:00,17.212843
2012-10-23 02:00:00,7.169979
2012-10-23 03:00:00,7.0494986
2012-10-23 04:00:00,9.722171
2012-10-23 05:00:00,45.530636
2012-10-23 06:00:00,164.91098
2012-10-23 07:00:00,472.42984
2012-10-23 08:00:00,735.70905
2012-10-23 09:00:00,364.8344
2012-10-23 10:00:00,225.89484
2012-10-23 11:00:00,249.69356
2012-10-23 12:00:00,307.30957
2012-10-23 13:00:00,288.6549
2012-10-23 14:00:00,284.27823
2012-10-23 15:00:00,322.598
2012-10-23 16:00:00,471.14108
2012-10-23 17:00:00,851.19617
2012-10-23 18:00:00,796.41296
2012-10-23 19:00:00,557.8835
2012-10-23 20:00:00,387.09344
2012-10-23 21:00:00,247.67953
2012-10-23 22:00:00,176.49992
2012-10-23 23:00:00,120.75513
2012-10-24 00:00:00,50.18199
2012-10-24 01:00:00,21.182274
2012-10-24 02:00:00,12.217994
2012-10-24 03:00:00,11.361073
2012-10-24 04:00:00,13.251904
2012-10-24 05:00:00,48.59155
2012-10-24 06:00:00,180.16129
2012-10-24 07:00:00,495.45963
2012-10-24 08:00:00,697.34106
2012-10-24 09:00:00,373.33972
2012-10-24 10:00:00,209.78429
2012-10-24 11:00:00,264.3876
2012-10-24 12:00:00,329.70834
2012-10-24 13:00:00,310.55466
2012-10-24 14:00:00,287.07516
2012-10-24 15:00:00,318.79047
2012-10-24 16:00:00,495.04324
2012-10-24 17:00:00,827.2707
2012-10-24 18:00:00,810.0442
2012-10-24 19:00:00,553.4899
2012-10-24 20:00:00,397.80075
2012-10-24 21:00:00,303.1263
2012-10-24 22:00:00,226.3463
2012-10-24 23:00:00,137.40092
2012-10-25 00:00:00,66.14873
2012-10-25 01:00:00,28.458673
2012-10-25 02:00:00,13.854318
2012-10-25 03:00:00,6.853445
2012-10-25 04:00:00,7.246093
2012-10-25 05:00:00,41.564407
2012-10-25 06:00:00,163.2636
2012-10-25 07:00:00,446.43597
2012-10-25 08:00:00,694.2876
2012-10-25 09:00:00,345.2218
2012-10-25 10:00:00,174.38821
2012-10-25 11:00:00,178.6561
2012-10-25 12:00:00,249.34277
2012-10-25 13:00:00,223.14786
2012-10-25 14:00:00,260.16602
2012-10-25 15:00:00,322.84995
2012-10-25 16:00:00,437.17426
2012-10-25 17:00:00,733.7208
2012-10-25 18:00:00,439.72513
2012-10-25 19:00:00,345.32428
2012-10-25 20:00:00,261.5413
2012-10-25 21:00:00,208.89615
2012-10-25 22:00:00,157.0155
2012-10-25 23:00:00,118.733734
2012-10-26 00:00:00,66.10329
2012-10-26 01:00:00,28.431616
2012-10-26 02:00:00,11.373017
2012-10-26 03:00:00,8.26568
2012-10-26 04:00:00,7.660202
2012-10-26 05:00:00,32.19673
2012-10-26 06:00:00,141.97992
2012-10-26 07:00:00,393.03827
2012-10-26 08:00:00,626.47705
2012-10-26 09:00:00,330.2413
2012-10-26 10:00:00,199.32568
2012-10-26 11:00:00,259.3714
2012-10-26 12:00:00,330.9701
2012-10-26 13:00:00,333.13968
2012-10-26 14:00:00,330.97208
2012-10-26 15:00:00,361.19678
2012-10-26 16:00:00,448.28485
2012-10-26 17:00:00,534.194
2012-10-26 18:00:00,439.84402
2012-10-26 19:00:00,253.6122
2012-10-26 20:00:00,194.37787
2012-10-26 21:00:00,204.88919
2012-10-26 22:00:00,144.79128
2012-10-26 23:00:00,127.18821
2012-10-27 00:00:00,146.13562
2012-10-27 01:00:00,103.80516
2012-10-27 02:00:00,71.60437
2012-10-27 03:00:00,38.385677
2012-10-27 04:00:00,15.081346
2012-10-27 05:00:00,21.803532
2012-10-27 06:00:00,39.700333
2012-10-27 07:00:00,88.34105
2012-10-27 08:00:00,206.79367
2012-10-27 09:00:00,291.09937
2012-10-27 10:00:00,407.0608
2012-10-27 11:00:00,525.61255
2012-10-27 12:00:00,647.00793
2012-10-27 13:00:00,658.99506
2012-10-27 14:00:00,604.5552
2012-10-27 15:00:00,529.47577
2012-10-27 16:00:00,517.8406
2012-10-27 17:00:00,486.32108
2012-10-27 18:00:00,412.30756
2012-10-27 19:00:00,279.93542
2012-10-27 20:00:00,227.82892
2012-10-27 21:00:00,189.0267
2012-10-27 22:00:00,158.0689
2012-10-27 23:00:00,123.33828
2012-10-28 00:00:00,125.37419
2012-10-28 01:00:00,107.881546
2012-10-28 02:00:00,79.105965
2012-10-28 03:00:00,44.046494
2012-10-28 04:00:00,18.86609
2012-10-28 05:00:00,21.250223
2012-10-28 06:00:00,41.522976
2012-10-28 07:00:00,73.45988
2012-10-28 08:00:00,161.87505
2012-10-28 09:00:00,254.13287
2012-10-28 10:00:00,348.45053
2012-10-28 11:00:00,440.07825
2012-10-28 12:00:00,482.28214
2012-10-28 13:00:00,479.04605
2012-10-28 14:00:00,477.35608
2012-10-28 15:00:00,450.91138
2012-10-28 16:00:00,334.18454
2012-10-28 17:00:00,250.85513
2012-10-28 18:00:00,127.78103
2012-10-28 19:00:00,102.9262
2012-10-28 20:00:00,91.1583
2012-10-28 21:00:00,86.74723
2012-10-28 22:00:00,53.439377
2012-10-28 23:00:00,36.781746
2012-10-29 00:00:00,41.713795
2012-10-30 13:00:00,126.532684
2012-10-30 14:00:00,120.09963
2012-10-30 15:00:00,116.734566
2012-10-30 16:00:00,191.977
2012-10-30 17:00:00,337.0685
2012-10-30 18:00:00,327.15656
2012-10-30 19:00:00,496.22653
2012-10-30 20:00:00,221.2851
2012-10-30 21:00:00,158.31366
2012-10-30 22:00:00,127.49622
2012-10-30 23:00:00,92.87371
2012-10-31 00:00:00,47.458416
2012-10-31 01:00:00,23.223825
2012-10-31 02:00:00,12.233141
2012-10-31 03:00:00,8.569576
2012-10-31 04:00:00,9.612178
2012-10-31 05:00:00,37.49392
2012-10-31 06:00:00,146.31876
2012-10-31 07:00:00,393.08856
2012-10-31 08:00:00,714.36426
2012-10-31 09:00:00,352.5081
2012-10-31 10:00:00,181.52443
2012-10-31 11:00:00,188.0179
2012-10-31 12:00:00,266.01675
2012-10-31 13:00:00,257.4831
2012-10-31 14:00:00,220.89488
2012-10-31 15:00:00,275.29013
2012-10-31 16:00:00,372.95355
2012-10-31 17:00:00,650.46436
2012-10-31 18:00:00,622.72766
2012-10-31 19:00:00,447.14255
2012-10-31 20:00:00,313.02325
2012-10-31 21:00:00,235.62086
2012-10-31 22:00:00,173.90228
2012-10-31 23:00:00,135.51498
2012-11-20 00:00:00,30.934595
2012-11-20 01:00:00,12.74234
2012-11-20 02:00:00,7.848737
2012-11-20 03:00:00,5.605206
2012-11-20 04:00:00,10.315035
2012-11-20 05:00:00,40.483192
2012-11-20 06:00:00,136.7571
2012-11-20 07:00:00,414.38815
2012-11-20 08:00:00,678.9615
2012-11-20 09:00:00,333.70697
2012-11-20 10:00:00,168.33812
2012-11-20 11:00:00,194.98955
2012-11-20 12:00:00,229.798
2012-11-20 13:00:00,232.22609
2012-11-20 14:00:00,220.73624
2012-11-20 15:00:00,260.48077
2012-11-20 16:00:00,353.52905
2012-11-20 17:00:00,589.44147
2012-11-20 18:00:00,570.48
2012-11-20 19:00:00,395.56274
2012-11-20 20:00:00,261.58813
2012-11-20 21:00:00,204.03265
2012-11-20 22:00:00,148.55415
2012-11-20 23:00:00,91.578224
2012-11-21 00:00:00,38.599976
2012-11-21 01:00:00,17.206484
2012-11-21 02:00:00,9.047181
2012-11-21 03:00:00,6.6606774
2012-11-21 04:00:00,7.856824
2012-11-21 05:00:00,32.94624
2012-11-21 06:00:00,137.55096
2012-11-21 07:00:00,397.77982
2012-11-21 08:00:00,668.867
2012-11-21 09:00:00,336.73822
2012-11-21 10:00:00,182.20135
2012-11-21 11:00:00,190.31207
2012-11-21 12:00:00,239.57066
2012-11-21 13:00:00,241.67625
2012-11-21 14:00:00,237.18723
2012-11-21 15:00:00,260.4747
2012-11-21 16:00:00,357.1701
2012-11-21 17:00:00,619.4531
2012-11-21 18:00:00,590.5249
2012-11-21 19:00:00,392.94278
2012-11-21 20:00:00,269.34546
2012-11-21 21:00:00,204.76718
2012-11-21 22:00:00,148.70583
2012-11-21 23:00:00,112.997955
2012-11-22 00:00:00,71.78195
2012-11-22 01:00:00,42.67723
2012-11-22 02:00:00,26.384361
2012-11-22 03:00:00,9.729445
2012-11-22 04:00:00,17.525894
2012-11-22 05:00:00,23.52182
2012-11-22 06:00:00,58.17557
2012-11-22 07:00:00,184.92197
2012-11-22 08:00:00,369.97992
2012-11-22 09:00:00,303.71442
2012-11-22 10:00:00,301.47995
2012-11-22 11:00:00,355.70447
2012-11-22 12:00:00,418.0632
2012-11-22 13:00:00,426.22705
2012-11-22 14:00:00,419.27036
2012-11-22 15:00:00,421.28235
2012-11-22 16:00:00,423.39026
2012-11-22 17:00:00,487.39923
2012-11-22 18:00:00,395.84317
2012-11-22 19:00:00,312.968
2012-11-22 20:00:00,245.24802
2012-11-22 21:00:00,205.61554
2012-11-22 22:00:00,160.68854
2012-11-22 23:00:00,122.98316
2012-11-23 00:00:00,48.45212
2012-11-23 01:00:00,27.85667
2012-11-23 02:00:00,11.023071
2012-11-23 03:00:00,5.9327297
2012-11-23 04:00:00,6.496853
2012-11-23 05:00:00,32.164303
2012-11-23 06:00:00,126.87054
2012-11-23 07:00:00,369.85428
2012-11-23 08:00:00,627.5417
2012-11-23 09:00:00,328.90073
2012-11-23 10:00:00,197.73685
2012-11-23 11:00:00,227.93365
2012-11-23 12:00:00,294.1187
2012-11-23 13:00:00,307.76938
2012-11-23 14:00:00,329.48206
2012-11-23 15:00:00,331.14542
2012-11-23 16:00:00,423.56287
2012-11-23 17:00:00,621.8599
2012-11-23 18:00:00,530.23535
2012-11-23 19:00:00,389.0272
2012-11-23 20:00:00,251.49017
2012-11-23 21:00:00,210.34633
2012-11-23 22:00:00,166.42484
2012-11-23 23:00:00,127.944595
2012-11-24 00:00:00,126.25241
2012-11-24 01:00:00,81.300705
2012-11-24 02:00:00,50.57607
2012-11-24 03:00:00,21.54934
2012-11-24 04:00:00,7.318756
2012-11-24 05:00:00,13.655352
2012-11-24 06:00:00,20.37917
2012-11-24 07:00:00,61.292927
2012-11-24 08:00:00,131.21217
2012-11-24 09:00:00,201.79994
2012-11-24 10:00:00,271.5224
2012-11-24 11:00:00,346.25784
2012-11-24 12:00:00,395.07324
2012-11-24 13:00:00,454.83997
2012-11-24 14:00:00,434.30405
2012-11-24 15:00:00,417.6666
2012-11-24 16:00:00,393.6279
2012-11-24 17:00:00,328.38092
2012-11-24 18:00:00,273.38788
2012-11-24 19:00:00,216.62013
2012-11-24 20:00:00,160.12871
2012-11-24 21:00:00,133.20625
2012-11-24 22:00:00,118.009
2012-11-24 23:00:00,100.65
2012-11-25 00:00:00,107.921814
2012-11-25 01:00:00,89.28302
2012-11-25 02:00:00,55.48425
2012-11-25 03:00:00,22.99595
2012-11-25 04:00:00,6.5992746
2012-11-25 05:00:00,9.782464
2012-11-25 06:00:00,11.48963
2012-11-25 07:00:00,40.88663
2012-11-25 08:00:00,101.98303
2012-11-25 09:00:00,170.94728
2012-11-25 10:00:00,273.8135
2012-11-25 11:00:00,328.29123
2012-11-25 12:00:00,384.36197
2012-11-25 13:00:00,378.833
2012-11-25 14:00:00,371.9302
2012-11-25 15:00:00,381.32248
2012-11-25 16:00:00,384.06586
2012-11-25 17:00:00,293.56726
2012-11-25 18:00:00,221.47166
2012-11-25 19:00:00,178.41017
2012-11-25 20:00:00,134.51411
2012-11-25 21:00:00,105.27123
2012-11-25 22:00:00,97.26469
2012-11-25 23:00:00,75.18033
2012-11-26 00:00:00,23.61627
2012-11-26 01:00:00,9.334931
2012-11-26 02:00:00,5.3102946
2012-11-26 03:00:00,3.7505167
2012-11-26 04:00:00,5.5592604
2012-11-26 05:00:00,27.08744
2012-11-26 06:00:00,124.47759
2012-11-26 07:00:00,388.91296
2012-11-26 08:00:00,659.66016
2012-11-26 09:00:00,316.4735
2012-11-26 10:00:00,159.5884
2012-11-26 11:00:00,182.03453
2012-11-26 12:00:00,240.90419
2012-11-26 13:00:00,234.33368
2012-11-26 14:00:00,207.08273
2012-11-26 15:00:00,242.14688
2012-11-26 16:00:00,352.37274
2012-11-26 17:00:00,629.61926
2012-11-26 18:00:00,553.3468
2012-11-26 19:00:00,376.83783
2012-11-26 20:00:00,250.04031
2012-11-26 21:00:00,176.42935
2012-11-26 22:00:00,118.49044
2012-11-26 23:00:00,75.13745
2012-11-27 00:00:00,37.81881
2012-11-27 01:00:00,15.599204
2012-11-27 02:00:00,7.6791215
2012-11-27 03:00:00,1.9355721
2012-11-27 04:00:00,0.0
2012-11-27 05:00:00,28.31686
2012-11-27 06:00:00,126.857445
2012-11-27 07:00:00,178.25597
2012-11-27 08:00:00,328.6839
2012-11-27 09:00:00,307.14456
2012-11-27 10:00:00,86.75975
2012-11-27 11:00:00,92.398506
2012-11-27 12:00:00,127.33329
2012-11-27 13:00:00,114.54283
2012-11-27 14:00:00,116.04572
2012-11-27 15:00:00,184.70451
2012-11-27 16:00:00,276.79462
2012-11-27 17:00:00,511.2041
2012-11-27 18:00:00,432.00504
2012-11-27 19:00:00,318.2062
2012-11-27 20:00:00,229.49728
2012-11-27 21:00:00,162.14613
2012-11-27 22:00:00,117.33306
2012-11-27 23:00:00,73.96104
2012-11-28 00:00:00,42.45793
2012-11-28 01:00:00,20.9354
2012-11-28 02:00:00,10.16335
2012-11-28 03:00:00,7.162308
2012-11-28 04:00:00,9.344501
2012-11-28 05:00:00,35.507755
2012-11-28 06:00:00,136.50005
2012-11-28 07:00:00,391.0725
2012-11-28 08:00:00,673.79675
2012-11-28 09:00:00,320.45172
2012-11-28 10:00:00,161.85208
2012-11-28 11:00:00,174.63434
2012-11-28 12:00:00,222.4712
2012-11-28 13:00:00,221.76273
2012-11-28 14:00:00,198.97928
2012-11-28 15:00:00,229.38318
2012-11-28 16:00:00,327.2243
2012-11-28 17:00:00,588.4338
2012-11-28 18:00:00,544.0295
2012-11-28 19:00:00,384.03458
2012-11-28 20:00:00,261.53915
2012-11-28 21:00:00,196.04163
2012-11-28 22:00:00,130.7879
2012-11-28 23:00:00,92.25347
2012-11-29 00:00:00,42.87744
2012-11-29 01:00:00,16.311886
2012-11-29 02:00:00,7.5013533
2012-11-29 04:00:00,7.538314
2012-11-29 05:00:00,34.16295
2012-11-29 06:00:00,132.88237
2012-11-29 07:00:00,393.94632
2012-11-29 08:00:00,659.68933
2012-11-29 09:00:00,333.97937
2012-11-29 10:00:00,170.14705
2012-11-29 11:00:00,192.65646
2012-11-29 12:00:00,232.75996
2012-11-29 13:00:00,230.95505
2012-11-29 14:00:00,208.47307
2012-11-29 15:00:00,234.65747
2012-11-29 16:00:00,337.06342
2012-11-29 17:00:00,588.3315
2012-11-29 18:00:00,540.4631
2012-11-29 19:00:00,366.77362
2012-11-29 20:00:00,262.3938
2012-11-29 21:00:00,188.96815
2012-11-29 22:00:00,144.96895
2012-11-29 23:00:00,128.45876
2012-11-30 00:00:00,47.607445
2012-11-30 01:00:00,24.678282
2012-11-30 02:00:00,10.228237
2012-11-30 03:00:00,6.035419
2012-11-30 04:00:00,6.3960805
2012-11-30 05:00:00,30.940247
2012-11-30 06:00:00,121.06222
2012-11-30 07:00:00,358.33575
2012-11-30 08:00:00,595.6004
2012-11-30 09:00:00,328.76556
2012-11-30 10:00:00,185.19516
2012-11-30 11:00:00,217.35272
2012-11-30 12:00:00,264.6849
2012-11-30 13:00:00,268.3725
2012-11-30 14:00:00,237.32442
2012-11-30 15:00:00,277.41583
2012-11-30 16:00:00,383.34024
2012-11-30 17:00:00,551.59247
2012-11-30 18:00:00,459.10254
2012-11-30 19:00:00,299.29465
2012-11-30 20:00:00,215.11667
2012-11-30 21:00:00,172.4987
2012-11-30 22:00:00,148.58705
2012-11-30 23:00:00,126.16384
2012-12-20 00:00:00,40.303665
2012-12-20 01:00:00,13.38363
2012-12-20 02:00:00,6.305605
2012-12-20 03:00:00,4.442395
2012-12-20 04:00:00,6.5112443
2012-12-20 05:00:00,28.74258
2012-12-20 06:00:00,127.30861
2012-12-20 07:00:00,389.00937
2012-12-20 08:00:00,669.5834
2012-12-20 09:00:00,320.14044
2012-12-20 10:00:00,161.3909
2012-12-20 11:00:00,187.95407
2012-12-20 12:00:00,231.78238
2012-12-20 13:00:00,230.48859
2012-12-20 14:00:00,202.53835
2012-12-20 15:00:00,231.74268
2012-12-20 16:00:00,321.41647
2012-12-20 17:00:00,556.24725
2012-12-20 18:00:00,516.1905
2012-12-20 19:00:00,284.1757
2012-12-20 20:00:00,205.57878
2012-12-20 21:00:00,151.79727
2012-12-20 22:00:00,97.034546
2012-12-20 23:00:00,80.01682
2012-12-21 00:00:00,54.683376
2012-12-21 01:00:00,43.947044
2012-12-21 02:00:00,36.13586
2012-12-21 03:00:00,28.168884
2012-12-21 04:00:00,3.443872
2012-12-21 05:00:00,22.996105
2012-12-21 06:00:00,111.127846
2012-12-21 07:00:00,352.19626
2012-12-21 08:00:00,619.7175
2012-12-21 09:00:00,306.02478
2012-12-21 10:00:00,169.79088
2012-12-21 11:00:00,195.36995
2012-12-21 12:00:00,255.45558
2012-12-21 13:00:00,248.79984
2012-12-21 14:00:00,235.66351
2012-12-21 15:00:00,249.99751
2012-12-21 16:00:00,357.94174
2012-12-21 17:00:00,488.97147
2012-12-21 18:00:00,423.74194
2012-12-21 19:00:00,273.77426
2012-12-21 20:00:00,193.59666
2012-12-21 21:00:00,147.4443
2012-12-21 22:00:00,116.9603
2012-12-21 23:00:00,92.86834
2012-12-22 00:00:00,87.283356
2012-12-22 01:00:00,66.11012
2012-12-22 02:00:00,42.717525
2012-12-22 03:00:00,12.032341
2012-12-22 04:00:00,4.493837
2012-12-22 05:00:00,2.1563582
2012-12-22 06:00:00,9.455776
2012-12-22 07:00:00,48.71388
2012-12-22 08:00:00,123.81224
2012-12-22 09:00:00,190.91812
2012-12-22 10:00:00,266.748
2012-12-22 11:00:00,341.70795
2012-12-22 12:00:00,388.06067
2012-12-22 13:00:00,416.6756
2012-12-22 14:00:00,400.39026
2012-12-22 15:00:00,388.30258
2012-12-22 16:00:00,381.463
2012-12-22 17:00:00,296.66144
2012-12-22 18:00:00,234.91815
2012-12-22 19:00:00,180.73468
2012-12-22 20:00:00,138.78299
2012-12-22 21:00:00,118.9474
2012-12-22 22:00:00,96.79184
2012-12-22 23:00:00,86.852325
2012-12-23 00:00:00,98.837524
2012-12-23 01:00:00,81.73498
2012-12-23 02:00:00,54.43275
2012-12-23 03:00:00,26.418766
2012-12-23 04:00:00,7.186531
2012-12-23 05:00:00,6.04452
2012-12-23 06:00:00,9.567393
2012-12-23 07:00:00,38.149254
2012-12-23 08:00:00,98.32463
2012-12-23 09:00:00,169.68768
2012-12-23 10:00:00,253.96906
2012-12-23 11:00:00,309.03488
2012-12-23 12:00:00,382.0478
2012-12-23 13:00:00,412.33563
2012-12-23 14:00:00,418.52927
2012-12-23 15:00:00,416.87256
2012-12-23 16:00:00,406.30624
2012-12-23 17:00:00,267.77875
2012-12-23 18:00:00,206.34186
2012-12-23 19:00:00,158.59973
2012-12-23 20:00:00,122.782166
2012-12-23 21:00:00,99.617935
2012-12-23 22:00:00,80.29191
2012-12-23 23:00:00,67.35713
2012-12-24 00:00:00,22.609882
2012-12-24 01:00:00,9.695874
2012-12-24 02:00:00,5.4757347
2012-12-24 03:00:00,3.8863816
2012-12-24 05:00:00,26.025616
2012-12-24 06:00:00,109.215416
2012-12-24 07:00:00,352.5109
2012-12-24 08:00:00,619.3886
2012-12-24 09:00:00,278.49268
2012-12-24 10:00:00,136.77347
2012-12-24 11:00:00,161.68178
2012-12-24 12:00:00,205.99904
2012-12-24 13:00:00,142.67815
2012-12-24 14:00:00,121.258575
2012-12-24 15:00:00,135.44174
2012-12-24 16:00:00,204.2048
2012-12-24 17:00:00,332.25607
2012-12-24 18:00:00,334.3241
2012-12-24 19:00:00,245.83707
2012-12-24 20:00:00,163.67427
2012-12-24 21:00:00,133.01099
2012-12-24 22:00:00,85.451294
2012-12-24 23:00:00,58.19865
2012-12-25 00:00:00,61.61254
2012-12-25 01:00:00,56.998707
2012-12-25 02:00:00,43.476295
2012-12-25 04:00:00,20.651249
2012-12-25 05:00:00,28.102764
2012-12-25 06:00:00,56.128754
2012-12-25 07:00:00,171.10637
2012-12-25 08:00:00,342.4745
2012-12-25 09:00:00,274.2996
2012-12-25 10:00:00,273.5486
2012-12-25 11:00:00,289.6277
2012-12-25 12:00:00,335.59286
2012-12-25 13:00:00,350.87775
2012-12-25 14:00:00,338.92294
2012-12-25 15:00:00,306.6189
2012-12-25 16:00:00,342.10013
2012-12-25 17:00:00,373.9574
2012-12-25 18:00:00,348.01932
2012-12-25 19:00:00,268.15015
2012-12-25 20:00:00,196.94524
2012-12-25 21:00:00,144.84232
2012-12-25 22:00:00,99.29013
2012-12-25 23:00:00,68.51359
2012-12-26 00:00:00,47.962208
2012-12-26 01:00:00,24.776379
2012-12-26 02:00:00,14.819378
2012-12-26 03:00:00,6.1027822
2012-12-26 04:00:00,7.4283376
2012-12-26 05:00:00,34.270477
2012-12-26 06:00:00,118.18085
2012-12-26 07:00:00,182.82474
2012-12-26 08:00:00,326.06683
2012-12-26 09:00:00,173.27742
2012-12-26 10:00:00,96.40309
2012-12-26 11:00:00,110.97783
2012-12-26 12:00:00,133.63896
2012-12-26 13:00:00,128.04738
2012-12-26 14:00:00,115.43371
2012-12-26 15:00:00,133.21341
2012-12-26 16:00:00,186.31456
2012-12-26 17:00:00,298.86658
2012-12-26 18:00:00,291.7812
2012-12-26 19:00:00,214.65717
2012-12-26 20:00:00,146.85718
2012-12-26 21:00:00,143.63626
2012-12-26 22:00:00,84.7624
2012-12-26 23:00:00,56.048164
2012-12-27 00:00:00,37.9213
2012-12-27 01:00:00,22.96548
2012-12-27 02:00:00,9.598605
2012-12-27 03:00:00,7.531066
2012-12-27 04:00:00,9.86904
2012-12-27 05:00:00,28.977541
2012-12-27 06:00:00,114.45393
2012-12-27 07:00:00,365.29153
2012-12-27 08:00:00,660.42883
2012-12-27 09:00:00,316.58783
2012-12-27 10:00:00,165.88596
2012-12-27 11:00:00,169.91647
2012-12-27 12:00:00,206.04361
2012-12-27 13:00:00,199.90202
2012-12-27 14:00:00,179.6469
2012-12-27 15:00:00,200.48697
2012-12-27 16:00:00,284.9611
2012-12-27 17:00:00,504.01022
2012-12-27 18:00:00,484.29645
2012-12-27 19:00:00,329.00647
2012-12-27 20:00:00,233.20706
2012-12-27 21:00:00,170.82333
2012-12-27 22:00:00,120.452484
2012-12-27 23:00:00,90.649284
2012-12-28 00:00:00,45.605125
2012-12-28 01:00:00,23.648415
2012-12-28 02:00:00,12.824861
2012-12-28 03:00:00,7.4354315
2012-12-28 04:00:00,6.6450505
2012-12-28 05:00:00,28.848242
2012-12-28 06:00:00,117.423035
2012-12-28 07:00:00,336.89703
2012-12-28 08:00:00,590.13947
2012-12-28 09:00:00,301.6161
2012-12-28 10:00:00,175.22293
2012-12-28 11:00:00,196.59312
2012-12-28 12:00:00,238.92673
2012-12-28 13:00:00,234.18587
2012-12-28 14:00:00,212.14403
2012-12-28 15:00:00,234.12035
2012-12-28 16:00:00,326.6053
2012-12-28 17:00:00,489.16302
2012-12-28 18:00:00,405.8797
2012-12-28 19:00:00,279.89154
2012-12-28 20:00:00,191.27313
2012-12-28 21:00:00,142.97852
2012-12-28 22:00:00,119.34265
2012-12-28 23:00:00,104.221054
2012-12-29 00:00:00,97.206406
2012-12-29 01:00:00,83.48531
2012-12-29 02:00:00,53.51107
2012-12-29 03:00:00,20.264734
2012-12-29 04:00:00,7.678752
2012-12-29 05:00:00,7.8997645
2012-12-29 06:00:00,10.669891
2012-12-29 07:00:00,42.624
2012-12-29 08:00:00,131.08105
2012-12-29 09:00:00,192.75601
2012-12-29 10:00:00,199.61473
2012-12-29 11:00:00,230.98227
2012-12-29 12:00:00,254.65097
2012-12-29 13:00:00,248.36343
2012-12-29 14:00:00,316.04327
2012-12-29 15:00:00,308.28952
2012-12-29 16:00:00,346.8256
2012-12-29 17:00:00,253.59718
2012-12-29 18:00:00,233.0369
2012-12-29 19:00:00,197.50243
2012-12-29 20:00:00,149.15675
2012-12-29 21:00:00,121.15265
2012-12-29 22:00:00,102.144775
2012-12-29 23:00:00,101.186005
2012-12-30 00:00:00,103.03166
2012-12-30 01:00:00,82.43588
2012-12-30 02:00:00,61.449474
2012-12-30 03:00:00,22.548248
2012-12-30 04:00:00,10.733343
2012-12-30 05:00:00,3.2550416
2012-12-30 06:00:00,0.0
2012-12-30 07:00:00,35.499954
2012-12-30 08:00:00,89.20092
2012-12-30 09:00:00,162.60768
2012-12-30 10:00:00,250.76463
2012-12-30 11:00:00,310.56158
2012-12-30 12:00:00,374.13837
2012-12-30 13:00:00,374.5166
2012-12-30 14:00:00,377.15814
2012-12-30 15:00:00,376.00302
2012-12-30 16:00:00,362.85162
2012-12-30 17:00:00,269.9213
2012-12-30 18:00:00,199.33289
2012-12-30 19:00:00,181.73877
2012-12-30 20:00:00,114.44483
2012-12-30 21:00:00,78.121475
2012-12-30 22:00:00,66.05215
2012-12-30 23:00:00,42.58342
2012-12-31 00:00:00,23.61348
2012-12-31 01:00:00,9.993682
2012-12-31 02:00:00,6.026878
2012-12-31 03:00:00,5.965763
2012-12-31 04:00:00,6.243275
2012-12-31 05:00:00,28.114557
2012-12-31 06:00:00,108.86915
2012-12-31 07:00:00,341.95203
2012-12-31 08:00:00,575.7983
2012-12-31 09:00:00,272.44785
2012-12-31 10:00:00,130.66228
2012-12-31 11:00:00,161.42252
2012-12-31 12:00:00,203.48837
2012-12-31 13:00:00,196.44284
2012-12-31 14:00:00,181.68741
2012-12-31 15:00:00,196.61159
2012-12-31 16:00:00,287.75317
2012-12-31 17:00:00,510.5385
2012-12-31 18:00:00,479.4526
2012-12-31 19:00:00,319.70816
2012-12-31 20:00:00,215.95872
2012-12-31 21:00:00,143.29689
2012-12-31 22:00:00,92.46156
2012-12-31 23:00:00,51.301968
