datetime,count
2011-01-20 00:00:00,84.43051
2011-01-20 01:00:00,87.82997
2011-01-20 02:00:00,87.83097
2011-01-20 03:00:00,90.85227
2011-01-20 04:00:00,90.85309
2011-01-20 05:00:00,76.9211
2011-01-20 06:00:00,78.801544
2011-01-20 07:00:00,82.58894
2011-01-20 08:00:00,91.0074
2011-01-20 09:00:00,80.43692
2011-01-20 10:00:00,63.07862
2011-01-20 11:00:00,73.9034
2011-01-20 12:00:00,98.18997
2011-01-20 13:00:00,79.36177
2011-01-20 14:00:00,80.00569
2011-01-20 15:00:00,78.85293
2011-01-20 16:00:00,75.22693
2011-01-20 17:00:00,78.90462
2011-01-20 18:00:00,110.01544
2011-01-20 19:00:00,87.91931
2011-01-20 20:00:00,90.99575
2011-01-20 21:00:00,93.287476
2011-01-20 22:00:00,95.43245
2011-01-20 23:00:00,79.3916
2011-01-21 00:00:00,77.13843
2011-01-21 01:00:00,77.1387
2011-01-21 02:00:00,44.063423
2011-01-21 03:00:00,44.63504
2011-01-21 04:00:00,57.619102
2011-01-21 05:00:00,84.70714
2011-01-21 06:00:00,82.28317
2011-01-21 07:00:00,57.52752
2011-01-21 08:00:00,69.82156
2011-01-21 09:00:00,65.49436
2011-01-21 10:00:00,68.3159
2011-01-21 11:00:00,70.39603
2011-01-21 12:00:00,112.09563
2011-01-21 13:00:00,119.18733
2011-01-21 14:00:00,78.149216
2011-01-21 15:00:00,69.263954
2011-01-21 16:00:00,88.861496
2011-01-21 17:00:00,74.866135
2011-01-21 18:00:00,56.106827
2011-01-21 19:00:00,56.63725
2011-01-21 20:00:00,45.384293
2011-01-21 21:00:00,48.308136
2011-01-21 22:00:00,63.798103
2011-01-21 23:00:00,52.10182
2011-01-22 00:00:00,54.83567
2011-01-22 01:00:00,31.251812
2011-01-22 02:00:00,46.008316
2011-01-22 03:00:00,46.23379
2011-01-22 04:00:00,57.840088
2011-01-22 06:00:00,58.430183
2011-01-22 07:00:00,53.268345
2011-01-22 08:00:00,41.85929
2011-01-22 09:00:00,45.84816
2011-01-22 10:00:00,48.043465
2011-01-22 11:00:00,40.791794
2011-01-22 12:00:00,44.092377
2011-01-22 13:00:00,72.5215
2011-01-22 14:00:00,79.80711
2011-01-22 15:00:00,66.42545
2011-01-22 16:00:00,70.69919
2011-01-22 17:00:00,63.191452
2011-01-22 18:00:00,46.563248
2011-01-22 19:00:00,42.069965
2011-01-22 20:00:00,45.979824
2011-01-22 21:00:00,46.830437
2011-01-22 22:00:00,25.488014
2011-01-22 23:00:00,14.856997
2011-01-23 00:00:00,13.279921
2011-01-23 01:00:00,13.280074
2011-01-23 02:00:00,10.166688
2011-01-23 03:00:00,10.16674
2011-01-23 05:00:00,14.424025
2011-01-23 06:00:00,14.39514
2011-01-23 07:00:00,17.051199
2011-01-23 08:00:00,10.528265
2011-01-23 09:00:00,33.86365
2011-01-23 10:00:00,46.28561
2011-01-23 11:00:00,51.31364
2011-01-23 12:00:00,58.538807
2011-01-23 13:00:00,49.3181
2011-01-23 14:00:00,79.75273
2011-01-23 15:00:00,79.755295
2011-01-23 16:00:00,69.341225
2011-01-23 17:00:00,47.40951
2011-01-23 18:00:00,46.128696
2011-01-23 19:00:00,45.901413
2011-01-23 20:00:00,37.43345
2011-01-23 21:00:00,46.25943
2011-01-23 22:00:00,39.884964
2011-01-23 23:00:00,42.146633
2011-01-24 00:00:00,67.62099
2011-01-24 01:00:00,46.43267
2011-01-24 03:00:00,56.54736
2011-01-24 04:00:00,57.075417
2011-01-24 05:00:00,57.07638
2011-01-24 06:00:00,61.547157
2011-01-24 07:00:00,51.704445
2011-01-24 08:00:00,54.727036
2011-01-24 09:00:00,103.338425
2011-01-24 10:00:00,99.534515
2011-01-24 11:00:00,36.819626
2011-01-24 12:00:00,77.48236
2011-01-24 13:00:00,41.344093
2011-01-24 14:00:00,41.980568
2011-01-24 15:00:00,92.843124
2011-01-24 16:00:00,62.076767
2011-01-24 17:00:00,61.94854
2011-01-24 18:00:00,39.285873
2011-01-24 19:00:00,52.39473
2011-01-24 20:00:00,39.301754
2011-01-24 21:00:00,54.832302
2011-01-24 22:00:00,56.819645
2011-01-24 23:00:00,59.71806
2011-01-25 00:00:00,46.318214
2011-01-25 01:00:00,62.370773
2011-01-25 02:00:00,49.738373
2011-01-25 04:00:00,40.886673
2011-01-25 05:00:00,51.169785
2011-01-25 06:00:00,35.180733
2011-01-25 07:00:00,51.601265
2011-01-25 08:00:00,45.18905
2011-01-25 09:00:00,26.903381
2011-01-25 10:00:00,70.95059
2011-01-25 11:00:00,77.848434
2011-01-25 12:00:00,83.820694
2011-01-25 13:00:00,101.06392
2011-01-25 14:00:00,90.039795
2011-01-25 15:00:00,95.11026
2011-01-25 16:00:00,95.11087
2011-01-25 17:00:00,66.37636
2011-01-25 18:00:00,69.56096
2011-01-25 19:00:00,79.68555
2011-01-25 20:00:00,55.038044
2011-01-25 21:00:00,55.038994
2011-01-25 22:00:00,63.898384
2011-01-25 23:00:00,80.340454
2011-01-26 00:00:00,45.146095
2011-01-26 01:00:00,59.43724
2011-01-26 02:00:00,36.38314
2011-01-26 05:00:00,18.736813
2011-01-26 06:00:00,18.736876
2011-01-26 07:00:00,28.695702
2011-01-26 08:00:00,28.695736
2011-01-26 09:00:00,28.69577
2011-01-26 10:00:00,16.496113
2011-01-26 11:00:00,14.369139
2011-01-26 12:00:00,14.3691635
2011-01-26 13:00:00,14.369188
2011-01-26 14:00:00,15.0528
2011-01-26 15:00:00,15.957335
2011-01-26 16:00:00,13.136048
2011-01-26 17:00:00,13.066315
2011-01-27 16:00:00,76.3748
2011-01-27 17:00:00,75.17666
2011-01-27 18:00:00,33.13144
2011-01-27 19:00:00,33.132267
2011-01-27 20:00:00,41.272434
2011-01-27 21:00:00,41.27333
2011-01-27 22:00:00,41.274223
2011-01-27 23:00:00,52.259224
2011-01-28 00:00:00,59.50195
2011-01-28 01:00:00,59.502426
2011-01-28 02:00:00,66.39441
2011-01-28 03:00:00,47.594612
2011-01-28 05:00:00,55.594784
2011-01-28 06:00:00,67.82731
2011-01-28 07:00:00,57.12358
2011-01-28 08:00:00,57.124123
2011-01-28 09:00:00,33.42707
2011-01-28 10:00:00,28.93312
2011-01-28 11:00:00,28.592882
2011-01-28 12:00:00,28.593079
2011-01-28 13:00:00,28.593267
2011-01-28 14:00:00,38.338173
2011-01-28 15:00:00,46.75837
2011-01-28 16:00:00,61.16758
2011-01-28 17:00:00,76.10539
2011-01-28 18:00:00,72.807014
2011-01-28 19:00:00,74.07609
2011-01-28 20:00:00,74.93604
2011-01-28 21:00:00,69.05068
2011-01-28 22:00:00,72.6006
2011-01-28 23:00:00,72.71766
2011-01-29 00:00:00,38.605686
2011-01-29 01:00:00,19.556366
2011-01-29 02:00:00,17.132053
2011-01-29 03:00:00,19.628948
2011-01-29 04:00:00,15.650077
2011-01-29 06:00:00,19.90606
2011-01-29 07:00:00,20.944624
2011-01-29 08:00:00,35.89595
2011-01-29 09:00:00,16.209719
2011-01-29 10:00:00,14.9948225
2011-01-29 11:00:00,20.836952
2011-01-29 12:00:00,29.730143
2011-01-29 13:00:00,24.261015
2011-01-29 14:00:00,14.847233
2011-01-29 15:00:00,24.308609
2011-01-29 16:00:00,17.942356
2011-01-29 17:00:00,15.636225
2011-01-29 18:00:00,16.182804
2011-01-29 19:00:00,22.263487
2011-01-29 20:00:00,13.032568
2011-01-29 21:00:00,13.032655
2011-01-29 22:00:00,15.898197
2011-01-29 23:00:00,15.909632
2011-01-30 00:00:00,16.262486
2011-01-30 01:00:00,11.647346
2011-01-30 02:00:00,11.741822
2011-01-30 03:00:00,13.339441
2011-01-30 04:00:00,13.339595
2011-01-30 05:00:00,12.429668
2011-01-30 07:00:00,12.466536
2011-01-30 08:00:00,10.80435
2011-01-30 09:00:00,12.020741
2011-01-30 10:00:00,12.462561
2011-01-30 11:00:00,11.538348
2011-01-30 12:00:00,44.99585
2011-01-30 13:00:00,20.73706
2011-01-30 14:00:00,23.946121
2011-01-30 15:00:00,37.806072
2011-01-30 16:00:00,37.806656
2011-01-30 17:00:00,32.423798
2011-01-30 18:00:00,15.592266
2011-01-30 19:00:00,16.604345
2011-01-30 20:00:00,12.263897
2011-01-30 21:00:00,15.391203
2011-01-30 22:00:00,15.62866
2011-01-30 23:00:00,17.064196
2011-01-31 00:00:00,59.818615
2011-01-31 01:00:00,53.939095
2011-01-31 02:00:00,51.474857
2011-01-31 03:00:00,51.475754
2011-01-31 04:00:00,36.669792
2011-01-31 05:00:00,38.080338
2011-01-31 06:00:00,40.17399
2011-01-31 07:00:00,40.4757
2011-01-31 08:00:00,41.13202
2011-01-31 09:00:00,39.73791
2011-01-31 10:00:00,44.409607
2011-01-31 11:00:00,44.410126
2011-01-31 12:00:00,47.921944
2011-01-31 13:00:00,44.11911
2011-01-31 14:00:00,49.322617
2011-01-31 15:00:00,45.878227
2011-01-31 16:00:00,58.879456
2011-01-31 17:00:00,44.40899
2011-01-31 18:00:00,46.80225
2011-01-31 19:00:00,55.106155
2011-01-31 20:00:00,45.346405
2011-01-31 21:00:00,31.888073
2011-01-31 22:00:00,46.734077
2011-01-31 23:00:00,26.002193
2011-02-20 00:00:00,39.302673
2011-02-20 01:00:00,30.454361
2011-02-20 02:00:00,30.593094
2011-02-20 03:00:00,50.15045
2011-02-20 04:00:00,50.15078
2011-02-20 06:00:00,52.90309
2011-02-20 07:00:00,43.429436
2011-02-20 08:00:00,26.710835
2011-02-20 09:00:00,51.2713
2011-02-20 10:00:00,45.880558
2011-02-20 11:00:00,61.86274
2011-02-20 12:00:00,76.60817
2011-02-20 13:00:00,92.31298
2011-02-20 14:00:00,72.09976
2011-02-20 15:00:00,101.13545
2011-02-20 16:00:00,101.909775
2011-02-20 17:00:00,59.278744
2011-02-20 18:00:00,67.26614
2011-02-20 19:00:00,67.2663
2011-02-20 20:00:00,86.631
2011-02-20 21:00:00,78.81281
2011-02-20 22:00:00,55.15213
2011-02-20 23:00:00,43.40029
2011-02-21 00:00:00,71.18028
2011-02-21 01:00:00,71.17995
2011-02-21 02:00:00,71.179596
2011-02-21 03:00:00,70.40593
2011-02-21 04:00:00,69.24655
2011-02-21 05:00:00,91.01518
2011-02-21 06:00:00,93.76155
2011-02-21 07:00:00,95.125565
2011-02-21 08:00:00,91.516914
2011-02-21 09:00:00,90.87033
2011-02-21 10:00:00,96.76343
2011-02-21 11:00:00,120.942955
2011-02-21 12:00:00,118.63577
2011-02-21 13:00:00,34.132378
2011-02-21 14:00:00,134.41267
2011-02-21 15:00:00,55.606754
2011-02-21 16:00:00,33.64425
2011-02-21 17:00:00,52.4154
2011-02-21 18:00:00,43.853714
2011-02-21 19:00:00,43.853897
2011-02-21 20:00:00,33.742783
2011-02-21 21:00:00,31.074099
2011-02-21 22:00:00,27.60839
2011-02-21 23:00:00,27.608387
2011-02-22 06:00:00,92.74692
2011-02-22 07:00:00,92.74777
2011-02-22 08:00:00,95.21414
2011-02-22 09:00:00,91.81386
2011-02-22 10:00:00,57.97814
2011-02-22 11:00:00,55.221992
2011-02-22 12:00:00,65.17232
2011-02-22 13:00:00,126.31264
2011-02-22 14:00:00,122.747795
2011-02-22 15:00:00,60.479984
2011-02-22 16:00:00,79.6879
2011-02-22 17:00:00,68.768524
2011-02-22 18:00:00,61.49785
2011-02-22 19:00:00,63.86103
2011-02-22 20:00:00,50.730305
2011-02-22 21:00:00,59.125805
2011-02-22 22:00:00,51.34111
2011-02-22 23:00:00,51.451054
2011-02-23 00:00:00,57.172565
2011-02-23 01:00:00,63.30983
2011-02-23 02:00:00,56.7953
2011-02-23 03:00:00,67.55313
2011-02-23 05:00:00,53.1584
2011-02-23 06:00:00,53.148697
2011-02-23 07:00:00,58.985107
2011-02-23 08:00:00,84.98045
2011-02-23 09:00:00,53.831646
2011-02-23 10:00:00,50.65441
2011-02-23 11:00:00,51.075737
2011-02-23 12:00:00,68.49187
2011-02-23 13:00:00,105.40779
2011-02-23 14:00:00,90.85721
2011-02-23 15:00:00,107.70046
2011-02-23 16:00:00,102.32113
2011-02-23 17:00:00,107.70143
2011-02-23 18:00:00,111.22877
2011-02-23 19:00:00,99.60355
2011-02-23 20:00:00,87.922165
2011-02-23 21:00:00,53.916283
2011-02-23 22:00:00,53.917107
2011-02-23 23:00:00,89.96989
2011-02-24 00:00:00,85.88237
2011-02-24 01:00:00,86.69601
2011-02-24 02:00:00,51.57065
2011-02-24 03:00:00,53.866608
2011-02-24 05:00:00,47.76911
2011-02-24 06:00:00,51.48439
2011-02-24 07:00:00,59.031548
2011-02-24 08:00:00,66.975525
2011-02-24 09:00:00,97.07534
2011-02-24 10:00:00,96.50343
2011-02-24 11:00:00,83.294495
2011-02-24 12:00:00,78.54822
2011-02-24 13:00:00,89.86105
2011-02-24 14:00:00,71.29699
2011-02-24 15:00:00,64.536575
2011-02-24 16:00:00,98.49286
2011-02-24 17:00:00,103.98628
2011-02-24 18:00:00,72.2395
2011-02-24 19:00:00,71.60504
2011-02-24 20:00:00,90.40539
2011-02-24 21:00:00,72.24034
2011-02-24 22:00:00,62.19241
2011-02-24 23:00:00,101.04875
2011-02-25 00:00:00,105.56064
2011-02-25 01:00:00,81.46354
2011-02-25 02:00:00,81.46405
2011-02-25 03:00:00,83.47009
2011-02-25 05:00:00,83.4709
2011-02-25 06:00:00,59.16669
2011-02-25 07:00:00,46.056744
2011-02-25 08:00:00,68.981514
2011-02-25 09:00:00,73.97296
2011-02-25 10:00:00,36.53665
2011-02-25 11:00:00,86.04064
2011-02-25 12:00:00,107.743805
2011-02-25 13:00:00,107.7428
2011-02-25 14:00:00,131.96988
2011-02-25 15:00:00,160.11661
2011-02-25 16:00:00,47.057434
2011-02-25 17:00:00,57.384567
2011-02-25 18:00:00,45.71547
2011-02-25 19:00:00,59.346474
2011-02-25 20:00:00,65.25864
2011-02-25 21:00:00,67.53941
2011-02-25 22:00:00,75.51165
2011-02-25 23:00:00,75.144775
2011-02-26 00:00:00,36.36222
2011-02-26 01:00:00,43.667374
2011-02-26 02:00:00,25.32446
2011-02-26 03:00:00,25.221952
2011-02-26 04:00:00,14.781078
2011-02-26 05:00:00,16.96639
2011-02-26 06:00:00,17.527805
2011-02-26 07:00:00,18.59209
2011-02-26 08:00:00,22.127754
2011-02-26 09:00:00,27.127428
2011-02-26 10:00:00,50.84516
2011-02-26 11:00:00,55.836304
2011-02-26 12:00:00,59.209187
2011-02-26 13:00:00,51.992626
2011-02-26 14:00:00,46.050938
2011-02-26 15:00:00,54.741524
2011-02-26 16:00:00,58.053947
2011-02-26 17:00:00,66.21166
2011-02-26 18:00:00,55.654686
2011-02-26 19:00:00,47.828773
2011-02-26 20:00:00,48.783783
2011-02-26 21:00:00,36.68534
2011-02-26 22:00:00,30.320923
2011-02-26 23:00:00,33.367973
2011-02-27 00:00:00,16.065567
2011-02-27 01:00:00,16.026249
2011-02-27 02:00:00,17.26364
2011-02-27 03:00:00,21.299036
2011-02-27 04:00:00,13.454835
2011-02-27 06:00:00,15.923752
2011-02-27 07:00:00,13.45529
2011-02-27 08:00:00,38.477158
2011-02-27 09:00:00,31.945763
2011-02-27 10:00:00,30.747705
2011-02-27 11:00:00,58.61876
2011-02-27 12:00:00,91.01769
2011-02-27 13:00:00,99.26004
2011-02-27 14:00:00,162.33804
2011-02-27 15:00:00,176.86009
2011-02-27 16:00:00,170.58575
2011-02-27 17:00:00,79.55557
2011-02-27 18:00:00,59.953037
2011-02-27 19:00:00,70.05794
2011-02-27 20:00:00,90.8522
2011-02-27 21:00:00,47.949722
2011-02-27 22:00:00,65.726685
2011-02-27 23:00:00,55.62948
2011-02-28 00:00:00,122.25745
2011-02-28 01:00:00,62.611378
2011-02-28 03:00:00,71.9618
2011-02-28 05:00:00,124.34259
2011-02-28 06:00:00,44.93002
2011-02-28 07:00:00,77.27947
2011-02-28 08:00:00,81.1849
2011-02-28 09:00:00,99.56673
2011-02-28 10:00:00,100.98721
2011-02-28 11:00:00,108.51213
2011-02-28 12:00:00,108.51192
2011-02-28 13:00:00,22.085358
2011-02-28 14:00:00,23.431946
2011-02-28 15:00:00,23.43193
2011-02-28 16:00:00,38.522884
2011-02-28 17:00:00,25.418552
2011-02-28 18:00:00,22.610203
2011-02-28 19:00:00,68.00701
2011-02-28 20:00:00,68.00659
2011-02-28 21:00:00,71.63681
2011-02-28 22:00:00,65.92126
2011-02-28 23:00:00,87.84833
2011-03-20 00:00:00,52.882557
2011-03-20 01:00:00,48.263386
2011-03-20 02:00:00,48.655434
2011-03-20 03:00:00,40.419952
2011-03-20 04:00:00,31.20449
2011-03-20 05:00:00,29.56667
2011-03-20 06:00:00,28.769077
2011-03-20 07:00:00,26.593616
2011-03-20 08:00:00,39.153236
2011-03-20 09:00:00,48.829346
2011-03-20 10:00:00,77.91768
2011-03-20 11:00:00,89.48935
2011-03-20 12:00:00,99.285614
2011-03-20 13:00:00,96.037506
2011-03-20 14:00:00,123.450356
2011-03-20 15:00:00,127.62688
2011-03-20 16:00:00,126.96588
2011-03-20 17:00:00,78.945366
2011-03-20 18:00:00,66.825645
2011-03-20 19:00:00,66.44621
2011-03-20 20:00:00,58.82773
2011-03-20 21:00:00,49.90451
2011-03-20 22:00:00,52.958656
2011-03-20 23:00:00,47.176132
2011-03-21 00:00:00,84.45318
2011-03-21 01:00:00,97.62718
2011-03-21 02:00:00,107.19843
2011-03-21 03:00:00,107.198975
2011-03-21 05:00:00,79.60485
2011-03-21 06:00:00,99.689804
2011-03-21 07:00:00,51.711517
2011-03-21 08:00:00,89.50093
2011-03-21 09:00:00,98.73296
2011-03-21 10:00:00,116.42584
2011-03-21 11:00:00,129.64308
2011-03-21 12:00:00,129.88943
2011-03-21 13:00:00,181.64273
2011-03-21 14:00:00,126.97545
2011-03-21 15:00:00,135.52037
2011-03-21 16:00:00,132.61676
2011-03-21 17:00:00,131.12532
2011-03-21 18:00:00,138.03467
2011-03-21 19:00:00,137.3078
2011-03-21 20:00:00,87.09583
2011-03-21 21:00:00,41.266396
2011-03-21 22:00:00,59.91057
2011-03-21 23:00:00,75.296326
2011-03-22 00:00:00,57.462063
2011-03-22 01:00:00,72.7374
2011-03-22 02:00:00,78.76488
2011-03-22 03:00:00,87.91802
2011-03-22 04:00:00,103.837555
2011-03-22 05:00:00,90.51051
2011-03-22 06:00:00,83.75635
2011-03-22 07:00:00,118.60788
2011-03-22 08:00:00,91.47026
2011-03-22 09:00:00,82.36177
2011-03-22 10:00:00,161.02199
2011-03-22 11:00:00,132.98055
2011-03-22 12:00:00,160.37674
2011-03-22 13:00:00,155.04874
2011-03-22 14:00:00,161.52216
2011-03-22 15:00:00,152.2945
2011-03-22 16:00:00,145.38573
2011-03-22 17:00:00,145.38591
2011-03-22 18:00:00,142.60909
2011-03-22 19:00:00,156.30205
2011-03-22 20:00:00,157.29218
2011-03-22 21:00:00,93.77121
2011-03-22 22:00:00,98.80021
2011-03-22 23:00:00,98.80022
2011-03-23 00:00:00,97.91579
2011-03-23 01:00:00,92.73506
2011-03-23 02:00:00,92.73505
2011-03-23 03:00:00,114.13852
2011-03-23 05:00:00,70.22942
2011-03-23 06:00:00,74.33275
2011-03-23 07:00:00,97.92697
2011-03-23 08:00:00,59.85521
2011-03-23 09:00:00,93.25604
2011-03-23 10:00:00,93.45238
2011-03-23 11:00:00,72.52748
2011-03-23 12:00:00,71.18928
2011-03-23 13:00:00,76.58273
2011-03-23 14:00:00,73.96785
2011-03-23 15:00:00,92.273315
2011-03-23 16:00:00,123.26224
2011-03-23 17:00:00,123.262405
2011-03-23 18:00:00,88.50151
2011-03-23 19:00:00,88.50126
2011-03-23 20:00:00,79.82717
2011-03-23 21:00:00,52.596256
2011-03-23 22:00:00,97.57916
2011-03-23 23:00:00,131.35538
2011-03-24 00:00:00,102.44371
2011-03-24 01:00:00,77.917175
2011-03-24 02:00:00,79.09102
2011-03-24 03:00:00,63.109127
2011-03-24 04:00:00,62.862892
2011-03-24 05:00:00,50.382843
2011-03-24 06:00:00,50.273705
2011-03-24 07:00:00,18.747028
2011-03-24 08:00:00,20.009144
2011-03-24 09:00:00,55.70574
2011-03-24 10:00:00,58.110046
2011-03-24 11:00:00,97.59694
2011-03-24 12:00:00,117.41497
2011-03-24 13:00:00,106.52042
2011-03-24 14:00:00,98.067505
2011-03-24 15:00:00,124.8025
2011-03-24 16:00:00,106.9301
2011-03-24 17:00:00,120.17899
2011-03-24 18:00:00,107.23093
2011-03-24 19:00:00,101.0752
2011-03-24 20:00:00,106.075455
2011-03-24 21:00:00,101.23247
2011-03-24 22:00:00,90.46095
2011-03-24 23:00:00,81.13101
2011-03-25 00:00:00,95.71205
2011-03-25 01:00:00,93.703384
2011-03-25 02:00:00,97.604904
2011-03-25 03:00:00,69.83533
2011-03-25 04:00:00,94.998184
2011-03-25 05:00:00,112.788864
2011-03-25 06:00:00,120.97151
2011-03-25 07:00:00,106.72537
2011-03-25 08:00:00,96.224106
2011-03-25 09:00:00,87.840965
2011-03-25 10:00:00,86.01727
2011-03-25 11:00:00,81.21866
2011-03-25 12:00:00,73.331696
2011-03-25 13:00:00,85.8212
2011-03-25 14:00:00,80.843475
2011-03-25 15:00:00,84.20355
2011-03-25 16:00:00,81.77079
2011-03-25 17:00:00,83.35946
2011-03-25 18:00:00,91.84052
2011-03-25 19:00:00,98.41417
2011-03-25 20:00:00,90.9832
2011-03-25 21:00:00,90.90556
2011-03-25 22:00:00,88.06703
2011-03-25 23:00:00,90.30899
2011-03-26 00:00:00,68.44609
2011-03-26 01:00:00,78.07971
2011-03-26 02:00:00,44.782734
2011-03-26 03:00:00,41.624336
2011-03-26 04:00:00,44.783592
2011-03-26 05:00:00,30.233698
2011-03-26 06:00:00,27.797533
2011-03-26 07:00:00,30.234455
2011-03-26 08:00:00,41.543304
2011-03-26 09:00:00,47.394356
2011-03-26 10:00:00,56.497368
2011-03-26 11:00:00,59.35736
2011-03-26 12:00:00,69.47039
2011-03-26 13:00:00,77.51468
2011-03-26 14:00:00,93.191986
2011-03-26 15:00:00,92.25217
2011-03-26 16:00:00,97.50551
2011-03-26 17:00:00,102.429276
2011-03-26 18:00:00,90.313286
2011-03-26 19:00:00,52.16165
2011-03-26 20:00:00,52.1618
2011-03-26 21:00:00,44.401276
2011-03-26 22:00:00,53.34771
2011-03-26 23:00:00,47.606285
2011-03-27 00:00:00,51.53221
2011-03-27 01:00:00,30.617655
2011-03-27 02:00:00,19.379927
2011-03-27 03:00:00,14.353467
2011-03-27 04:00:00,15.60305
2011-03-27 06:00:00,20.330004
2011-03-27 07:00:00,19.791595
2011-03-27 08:00:00,17.040018
2011-03-27 09:00:00,20.616076
2011-03-27 10:00:00,23.953295
2011-03-27 11:00:00,45.967495
2011-03-27 12:00:00,45.80461
2011-03-27 13:00:00,67.0345
2011-03-27 14:00:00,79.67058
2011-03-27 15:00:00,71.50553
2011-03-27 16:00:00,86.25377
2011-03-27 17:00:00,95.65988
2011-03-27 18:00:00,68.19304
2011-03-27 19:00:00,77.10152
2011-03-27 20:00:00,56.164543
2011-03-27 21:00:00,53.5587
2011-03-27 22:00:00,53.559185
2011-03-27 23:00:00,40.239937
2011-03-28 00:00:00,114.38414
2011-03-28 01:00:00,75.18312
2011-03-28 02:00:00,71.68367
2011-03-28 03:00:00,71.684525
2011-03-28 05:00:00,65.67213
2011-03-28 06:00:00,103.87741
2011-03-28 07:00:00,119.08624
2011-03-28 08:00:00,86.18866
2011-03-28 09:00:00,83.58925
2011-03-28 10:00:00,88.722916
2011-03-28 11:00:00,86.52419
2011-03-28 12:00:00,82.35775
2011-03-28 13:00:00,100.67255
2011-03-28 14:00:00,114.85009
2011-03-28 15:00:00,102.91237
2011-03-28 16:00:00,117.37047
2011-03-28 17:00:00,103.069855
2011-03-28 18:00:00,111.00696
2011-03-28 19:00:00,144.67462
2011-03-28 20:00:00,118.04852
2011-03-28 21:00:00,111.91189
2011-03-28 22:00:00,124.321686
2011-03-28 23:00:00,96.34709
2011-03-29 00:00:00,97.27785
2011-03-29 01:00:00,100.848526
2011-03-29 02:00:00,100.84927
2011-03-29 03:00:00,100.850006
2011-03-29 04:00:00,64.86451
2011-03-29 05:00:00,85.13826
2011-03-29 06:00:00,90.42285
2011-03-29 07:00:00,100.899704
2011-03-29 08:00:00,110.23955
2011-03-29 09:00:00,86.150665
2011-03-29 10:00:00,101.71425
2011-03-29 11:00:00,101.27161
2011-03-29 12:00:00,103.604645
2011-03-29 13:00:00,93.08502
2011-03-29 14:00:00,97.960266
2011-03-29 15:00:00,109.50122
2011-03-29 16:00:00,117.6989
2011-03-29 17:00:00,124.81024
2011-03-29 18:00:00,139.10197
2011-03-29 19:00:00,111.39185
2011-03-29 20:00:00,139.10223
2011-03-29 21:00:00,90.293434
2011-03-29 22:00:00,69.414505
2011-03-29 23:00:00,97.92207
2011-03-30 00:00:00,110.00688
2011-03-30 01:00:00,93.996056
2011-03-30 02:00:00,110.00747
2011-03-30 03:00:00,88.58937
2011-03-30 04:00:00,111.13953
2011-03-30 05:00:00,119.53659
2011-03-30 06:00:00,94.932785
2011-03-30 07:00:00,87.90953
2011-03-30 08:00:00,78.9172
2011-03-30 09:00:00,80.51213
2011-03-30 10:00:00,80.64613
2011-03-30 11:00:00,79.578094
2011-03-30 12:00:00,77.61004
2011-03-30 13:00:00,80.040245
2011-03-30 14:00:00,75.391235
2011-03-30 15:00:00,45.916824
2011-03-30 16:00:00,46.301933
2011-03-30 17:00:00,24.655537
2011-03-30 18:00:00,48.227562
2011-03-30 19:00:00,48.22797
2011-03-30 20:00:00,50.441517
2011-03-30 21:00:00,48.036644
2011-03-30 22:00:00,32.349327
2011-03-30 23:00:00,50.314484
2011-03-31 00:00:00,31.337822
2011-03-31 01:00:00,29.514471
2011-03-31 02:00:00,29.514557
2011-03-31 03:00:00,31.335499
2011-03-31 04:00:00,23.636509
2011-03-31 05:00:00,31.33555
2011-03-31 06:00:00,52.133034
2011-03-31 07:00:00,23.636703
2011-03-31 08:00:00,59.499012
2011-03-31 09:00:00,24.060398
2011-03-31 10:00:00,24.060398
2011-03-31 11:00:00,20.319752
2011-03-31 12:00:00,20.319777
2011-03-31 13:00:00,47.84108
2011-03-31 14:00:00,47.84096
2011-03-31 15:00:00,37.796925
2011-03-31 16:00:00,86.995346
2011-03-31 17:00:00,86.99551
2011-03-31 18:00:00,76.98169
2011-03-31 19:00:00,76.98194
2011-03-31 20:00:00,18.192318
2011-03-31 21:00:00,41.05487
2011-03-31 22:00:00,17.511374
2011-03-31 23:00:00,15.1665535
2011-04-20 00:00:00,35.6109
2011-04-20 01:00:00,43.428925
2011-04-20 02:00:00,43.42991
2011-04-20 03:00:00,32.579887
2011-04-20 04:00:00,40.017937
2011-04-20 05:00:00,45.581703
2011-04-20 06:00:00,43.433807
2011-04-20 07:00:00,33.739017
2011-04-20 08:00:00,259.11728
2011-04-20 09:00:00,265.1634
2011-04-20 10:00:00,286.68542
2011-04-20 11:00:00,286.686
2011-04-20 12:00:00,310.72223
2011-04-20 13:00:00,310.72382
2011-04-20 14:00:00,255.53645
2011-04-20 15:00:00,232.05714
2011-04-20 16:00:00,232.05627
2011-04-20 17:00:00,244.18503
2011-04-20 18:00:00,261.58966
2011-04-20 19:00:00,272.8012
2011-04-20 20:00:00,268.5794
2011-04-20 21:00:00,294.1808
2011-04-20 22:00:00,260.1402
2011-04-20 23:00:00,258.18954
2011-04-21 00:00:00,236.96536
2011-04-21 01:00:00,208.69589
2011-04-21 02:00:00,206.94093
2011-04-21 03:00:00,151.16692
2011-04-21 04:00:00,149.53268
2011-04-21 05:00:00,152.03455
2011-04-21 06:00:00,163.79742
2011-04-21 07:00:00,162.85004
2011-04-21 08:00:00,168.7677
2011-04-21 09:00:00,172.91107
2011-04-21 10:00:00,201.60701
2011-04-21 11:00:00,168.52942
2011-04-21 12:00:00,165.0344
2011-04-21 13:00:00,233.7801
2011-04-21 14:00:00,227.26704
2011-04-21 15:00:00,239.81058
2011-04-21 16:00:00,241.19016
2011-04-21 17:00:00,246.88556
2011-04-21 18:00:00,264.5211
2011-04-21 19:00:00,237.04335
2011-04-21 20:00:00,229.4078
2011-04-21 21:00:00,111.02494
2011-04-21 22:00:00,177.9437
2011-04-21 23:00:00,180.46672
2011-04-22 00:00:00,60.43666
2011-04-22 01:00:00,137.77138
2011-04-22 02:00:00,141.95206
2011-04-22 03:00:00,141.95364
2011-04-22 04:00:00,117.357544
2011-04-22 05:00:00,102.344406
2011-04-22 06:00:00,117.45152
2011-04-22 07:00:00,132.00728
2011-04-22 08:00:00,131.90837
2011-04-22 09:00:00,118.90234
2011-04-22 10:00:00,107.21405
2011-04-22 11:00:00,103.320625
2011-04-22 12:00:00,65.0955
2011-04-22 13:00:00,42.173782
2011-04-22 14:00:00,38.111137
2011-04-22 15:00:00,42.110146
2011-04-22 16:00:00,41.288345
2011-04-22 17:00:00,56.96195
2011-04-22 18:00:00,56.961864
2011-04-22 19:00:00,56.96179
2011-04-22 20:00:00,47.310204
2011-04-22 21:00:00,50.00278
2011-04-22 22:00:00,77.28908
2011-04-22 23:00:00,65.3599
2011-04-23 00:00:00,66.27974
2011-04-23 01:00:00,66.280075
2011-04-23 02:00:00,59.61902
2011-04-23 03:00:00,55.93312
2011-04-23 04:00:00,46.03009
2011-04-23 05:00:00,46.030243
2011-04-23 06:00:00,51.22408
2011-04-23 07:00:00,51.368767
2011-04-23 08:00:00,58.16343
2011-04-23 09:00:00,50.589752
2011-04-23 10:00:00,45.978622
2011-04-23 11:00:00,40.845123
2011-04-23 12:00:00,147.79013
2011-04-23 13:00:00,150.79187
2011-04-23 14:00:00,181.05661
2011-04-23 15:00:00,248.04172
2011-04-23 16:00:00,254.62766
2011-04-23 17:00:00,250.54886
2011-04-23 18:00:00,177.18045
2011-04-23 19:00:00,159.64445
2011-04-23 20:00:00,167.09094
2011-04-23 21:00:00,165.65195
2011-04-23 22:00:00,173.9734
2011-04-23 23:00:00,162.54373
2011-04-24 00:00:00,141.52814
2011-04-24 01:00:00,78.9745
2011-04-24 02:00:00,78.97473
2011-04-24 03:00:00,47.933205
2011-04-24 04:00:00,47.93357
2011-04-24 05:00:00,47.933933
2011-04-24 06:00:00,57.989155
2011-04-24 07:00:00,57.98932
2011-04-24 08:00:00,68.44769
2011-04-24 09:00:00,125.162605
2011-04-24 10:00:00,195.92606
2011-04-24 11:00:00,353.13684
2011-04-24 12:00:00,357.76868
2011-04-24 13:00:00,341.5216
2011-04-24 14:00:00,311.8723
2011-04-24 15:00:00,318.7527
2011-04-24 16:00:00,387.70297
2011-04-24 17:00:00,357.6196
2011-04-24 18:00:00,348.84882
2011-04-24 19:00:00,173.86383
2011-04-24 20:00:00,173.37361
2011-04-24 21:00:00,137.6371
2011-04-24 22:00:00,136.51224
2011-04-24 23:00:00,117.49994
2011-04-25 00:00:00,104.29698
2011-04-25 01:00:00,100.561295
2011-04-25 02:00:00,100.56215
2011-04-25 03:00:00,34.215424
2011-04-25 04:00:00,83.8466
2011-04-25 05:00:00,36.555542
2011-04-25 06:00:00,32.7534
2011-04-25 07:00:00,92.7148
2011-04-25 08:00:00,84.39736
2011-04-25 09:00:00,158.06375
2011-04-25 10:00:00,246.6799
2011-04-25 11:00:00,246.67976
2011-04-25 12:00:00,292.5296
2011-04-25 13:00:00,302.27557
2011-04-25 14:00:00,250.04248
2011-04-25 15:00:00,229.21683
2011-04-25 16:00:00,289.16742
2011-04-25 17:00:00,284.05676
2011-04-25 18:00:00,247.11617
2011-04-25 19:00:00,242.04091
2011-04-25 20:00:00,250.34926
2011-04-25 21:00:00,258.6156
2011-04-25 22:00:00,215.88132
2011-04-25 23:00:00,170.90594
2011-04-26 00:00:00,285.9678
2011-04-26 01:00:00,226.97607
2011-04-26 02:00:00,142.90005
2011-04-26 03:00:00,152.0791
2011-04-26 04:00:00,125.09182
2011-04-26 05:00:00,103.39986
2011-04-26 06:00:00,81.00952
2011-04-26 07:00:00,131.71342
2011-04-26 08:00:00,131.71295
2011-04-26 09:00:00,257.5006
2011-04-26 10:00:00,268.85645
2011-04-26 11:00:00,306.92038
2011-04-26 12:00:00,256.76883
2011-04-26 13:00:00,260.92697
2011-04-26 14:00:00,279.47116
2011-04-26 15:00:00,266.0731
2011-04-26 16:00:00,251.61838
2011-04-26 17:00:00,260.53107
2011-04-26 18:00:00,282.13754
2011-04-26 19:00:00,255.38531
2011-04-26 20:00:00,257.50183
2011-04-26 21:00:00,185.52185
2011-04-26 22:00:00,164.0729
2011-04-26 23:00:00,157.25925
2011-04-27 00:00:00,150.69418
2011-04-27 01:00:00,142.22168
2011-04-27 02:00:00,98.71568
2011-04-27 03:00:00,175.64804
2011-04-27 04:00:00,96.541115
2011-04-27 05:00:00,124.250565
2011-04-27 06:00:00,93.011536
2011-04-27 07:00:00,175.64711
2011-04-27 08:00:00,168.0568
2011-04-27 09:00:00,168.08559
2011-04-27 10:00:00,163.1708
2011-04-27 11:00:00,176.93097
2011-04-27 12:00:00,251.66626
2011-04-27 13:00:00,196.55807
2011-04-27 14:00:00,273.5478
2011-04-27 15:00:00,288.52695
2011-04-27 16:00:00,281.77655
2011-04-27 17:00:00,187.83887
2011-04-27 18:00:00,187.8382
2011-04-27 19:00:00,206.00931
2011-04-27 20:00:00,158.46442
2011-04-27 21:00:00,145.57198
2011-04-27 22:00:00,172.7716
2011-04-27 23:00:00,169.3099
2011-04-28 00:00:00,197.61157
2011-04-28 01:00:00,154.58362
2011-04-28 02:00:00,150.41833
2011-04-28 03:00:00,178.07037
2011-04-28 04:00:00,153.91724
2011-04-28 05:00:00,154.5805
2011-04-28 06:00:00,176.525
2011-04-28 07:00:00,175.1882
2011-04-28 08:00:00,224.3619
2011-04-28 09:00:00,176.43982
2011-04-28 10:00:00,167.97815
2011-04-28 11:00:00,160.10776
2011-04-28 12:00:00,176.22882
2011-04-28 13:00:00,152.05214
2011-04-28 14:00:00,148.02023
2011-04-28 15:00:00,296.40094
2011-04-28 16:00:00,169.73581
2011-04-28 17:00:00,299.81213
2011-04-28 18:00:00,299.88812
2011-04-28 19:00:00,265.66693
2011-04-28 20:00:00,292.79816
2011-04-28 21:00:00,244.70697
2011-04-28 22:00:00,203.03018
2011-04-28 23:00:00,192.86526
2011-04-29 00:00:00,201.07233
2011-04-29 01:00:00,148.01791
2011-04-29 02:00:00,121.8163
2011-04-29 03:00:00,100.05084
2011-04-29 04:00:00,128.25986
2011-04-29 05:00:00,118.861786
2011-04-29 06:00:00,159.69365
2011-04-29 07:00:00,181.7531
2011-04-29 08:00:00,208.74153
2011-04-29 09:00:00,206.78522
2011-04-29 10:00:00,226.28943
2011-04-29 11:00:00,251.14545
2011-04-29 12:00:00,224.24965
2011-04-29 13:00:00,219.85228
2011-04-29 14:00:00,248.58301
2011-04-29 15:00:00,205.18828
2011-04-29 16:00:00,197.435
2011-04-29 17:00:00,184.8529
2011-04-29 18:00:00,183.22057
2011-04-29 19:00:00,147.92691
2011-04-29 20:00:00,131.8089
2011-04-29 21:00:00,111.54826
2011-04-29 22:00:00,72.17665
2011-04-29 23:00:00,119.34141
2011-04-30 00:00:00,143.11942
2011-04-30 01:00:00,124.16757
2011-04-30 02:00:00,128.21301
2011-04-30 03:00:00,114.895515
2011-04-30 04:00:00,125.39748
2011-04-30 05:00:00,136.49825
2011-04-30 06:00:00,113.61005
2011-04-30 07:00:00,121.466225
2011-04-30 08:00:00,121.47488
2011-04-30 09:00:00,140.93796
2011-04-30 10:00:00,199.69803
2011-04-30 11:00:00,238.58582
2011-04-30 12:00:00,254.0035
2011-04-30 13:00:00,260.11536
2011-04-30 14:00:00,233.45844
2011-04-30 15:00:00,229.74127
2011-04-30 16:00:00,299.18164
2011-04-30 17:00:00,235.00964
2011-04-30 18:00:00,231.7023
2011-04-30 19:00:00,231.70227
2011-04-30 20:00:00,80.858116
2011-04-30 21:00:00,80.85851
2011-04-30 22:00:00,74.740585
2011-04-30 23:00:00,74.74094
2011-05-20 00:00:00,77.47593
2011-05-20 01:00:00,103.35504
2011-05-20 02:00:00,108.34538
2011-05-20 03:00:00,105.1985
2011-05-20 04:00:00,83.34375
2011-05-20 05:00:00,78.221924
2011-05-20 06:00:00,148.49738
2011-05-20 07:00:00,211.73865
2011-05-20 08:00:00,237.11691
2011-05-20 09:00:00,248.47679
2011-05-20 10:00:00,283.36926
2011-05-20 11:00:00,290.2713
2011-05-20 12:00:00,310.24792
2011-05-20 13:00:00,299.8722
2011-05-20 14:00:00,275.80835
2011-05-20 15:00:00,314.35587
2011-05-20 16:00:00,290.47067
2011-05-20 17:00:00,268.43924
2011-05-20 18:00:00,302.65875
2011-05-20 19:00:00,282.08066
2011-05-20 20:00:00,288.1348
2011-05-20 21:00:00,275.63397
2011-05-20 22:00:00,191.72592
2011-05-20 23:00:00,235.95088
2011-05-21 00:00:00,170.04993
2011-05-21 01:00:00,172.63116
2011-05-21 02:00:00,191.27649
2011-05-21 03:00:00,130.56201
2011-05-21 04:00:00,124.19093
2011-05-21 05:00:00,106.6904
2011-05-21 06:00:00,128.2285
2011-05-21 07:00:00,226.68619
2011-05-21 08:00:00,301.5045
2011-05-21 09:00:00,357.65503
2011-05-21 10:00:00,385.84564
2011-05-21 11:00:00,303.93896
2011-05-21 12:00:00,330.33215
2011-05-21 13:00:00,344.85605
2011-05-21 14:00:00,381.4088
2011-05-21 15:00:00,408.1313
2011-05-21 16:00:00,382.7256
2011-05-21 17:00:00,368.39764
2011-05-21 18:00:00,348.296
2011-05-21 19:00:00,360.95673
2011-05-21 20:00:00,343.99728
2011-05-21 21:00:00,385.83435
2011-05-21 22:00:00,357.07974
2011-05-21 23:00:00,227.78621
2011-05-22 00:00:00,133.08156
2011-05-22 01:00:00,60.205757
2011-05-22 02:00:00,55.645943
2011-05-22 03:00:00,62.39886
2011-05-22 04:00:00,79.79759
2011-05-22 05:00:00,62.3994
2011-05-22 06:00:00,55.647373
2011-05-22 07:00:00,119.85078
2011-05-22 08:00:00,238.38899
2011-05-22 09:00:00,379.3091
2011-05-22 10:00:00,388.91547
2011-05-22 11:00:00,367.7329
2011-05-22 12:00:00,371.05917
2011-05-22 13:00:00,302.4472
2011-05-22 14:00:00,358.9409
2011-05-22 15:00:00,359.36407
2011-05-22 16:00:00,383.80243
2011-05-22 17:00:00,401.41724
2011-05-22 18:00:00,383.0738
2011-05-22 19:00:00,381.90182
2011-05-22 20:00:00,380.14606
2011-05-22 21:00:00,286.88425
2011-05-22 22:00:00,212.26883
2011-05-22 23:00:00,210.81369
2011-05-23 00:00:00,170.37039
2011-05-23 01:00:00,123.24478
2011-05-23 02:00:00,154.38293
2011-05-23 03:00:00,74.65094
2011-05-23 04:00:00,133.18073
2011-05-23 05:00:00,133.18152
2011-05-23 06:00:00,167.23245
2011-05-23 07:00:00,94.04758
2011-05-23 08:00:00,153.74864
2011-05-23 09:00:00,157.54251
2011-05-23 10:00:00,286.12402
2011-05-23 11:00:00,315.7704
2011-05-23 12:00:00,315.7711
2011-05-23 13:00:00,265.27496
2011-05-23 14:00:00,315.98682
2011-05-23 15:00:00,314.79755
2011-05-23 16:00:00,298.01678
2011-05-23 17:00:00,277.90292
2011-05-23 18:00:00,313.09
2011-05-23 19:00:00,314.54016
2011-05-23 20:00:00,244.36942
2011-05-23 21:00:00,149.84128
2011-05-23 22:00:00,58.457474
2011-05-23 23:00:00,155.13792
2011-05-24 00:00:00,75.79642
2011-05-24 01:00:00,80.56224
2011-05-24 02:00:00,75.79641
2011-05-24 03:00:00,78.88591
2011-05-24 04:00:00,128.488
2011-05-24 05:00:00,84.918686
2011-05-24 06:00:00,65.217445
2011-05-24 07:00:00,230.05614
2011-05-24 08:00:00,217.10136
2011-05-24 09:00:00,272.4193
2011-05-24 10:00:00,333.66315
2011-05-24 11:00:00,230.37794
2011-05-24 12:00:00,255.14444
2011-05-24 13:00:00,258.75082
2011-05-24 14:00:00,253.20741
2011-05-24 15:00:00,259.84338
2011-05-24 16:00:00,330.89276
2011-05-24 17:00:00,293.6825
2011-05-24 18:00:00,329.46808
2011-05-24 19:00:00,302.96408
2011-05-24 20:00:00,306.23138
2011-05-24 21:00:00,245.35704
2011-05-24 22:00:00,154.8425
2011-05-24 23:00:00,268.26736
2011-05-25 00:00:00,181.978
2011-05-25 01:00:00,170.08615
2011-05-25 02:00:00,117.90991
2011-05-25 03:00:00,55.515778
2011-05-25 04:00:00,55.99605
2011-05-25 05:00:00,137.09113
2011-05-25 06:00:00,40.85783
2011-05-25 07:00:00,250.41309
2011-05-25 08:00:00,314.69986
2011-05-25 09:00:00,338.86923
2011-05-25 10:00:00,292.13852
2011-05-25 11:00:00,206.00394
2011-05-25 12:00:00,248.35275
2011-05-25 13:00:00,248.35272
2011-05-25 14:00:00,269.998
2011-05-25 15:00:00,247.20703
2011-05-25 16:00:00,253.42766
2011-05-25 17:00:00,225.61496
2011-05-25 18:00:00,290.44348
2011-05-25 19:00:00,294.30945
2011-05-25 20:00:00,292.32455
2011-05-25 21:00:00,308.6617
2011-05-25 22:00:00,333.47253
2011-05-25 23:00:00,274.8225
2011-05-26 00:00:00,289.35895
2011-05-26 01:00:00,289.35956
2011-05-26 02:00:00,218.3346
2011-05-26 03:00:00,136.07715
2011-05-26 04:00:00,145.66621
2011-05-26 05:00:00,180.72061
2011-05-26 06:00:00,140.31982
2011-05-26 07:00:00,71.682724
2011-05-26 08:00:00,256.2134
2011-05-26 09:00:00,322.40582
2011-05-26 10:00:00,343.80203
2011-05-26 11:00:00,285.31104
2011-05-26 12:00:00,294.89734
2011-05-26 13:00:00,256.53976
2011-05-26 14:00:00,256.5398
2011-05-26 15:00:00,236.02109
2011-05-26 16:00:00,249.43805
2011-05-26 17:00:00,280.31543
2011-05-26 18:00:00,282.3601
2011-05-26 19:00:00,269.29138
2011-05-26 20:00:00,337.51752
2011-05-26 21:00:00,328.2379
2011-05-26 22:00:00,339.83856
2011-05-26 23:00:00,346.75403
2011-05-27 00:00:00,358.05786
2011-05-27 01:00:00,343.30905
2011-05-27 02:00:00,327.11487
2011-05-27 03:00:00,319.29178
2011-05-27 04:00:00,318.8849
2011-05-27 05:00:00,339.1985
2011-05-27 06:00:00,316.71057
2011-05-27 07:00:00,289.10193
2011-05-27 08:00:00,332.60016
2011-05-27 09:00:00,356.2937
2011-05-27 10:00:00,269.4442
2011-05-27 11:00:00,243.76962
2011-05-27 12:00:00,239.57526
2011-05-27 13:00:00,309.36206
2011-05-27 14:00:00,276.9398
2011-05-27 15:00:00,290.33252
2011-05-27 16:00:00,239.46567
2011-05-27 17:00:00,295.4657
2011-05-27 18:00:00,307.86844
2011-05-27 19:00:00,172.85788
2011-05-27 20:00:00,231.12262
2011-05-27 21:00:00,200.89658
2011-05-27 22:00:00,227.99493
2011-05-27 23:00:00,134.19656
2011-05-28 00:00:00,121.034805
2011-05-28 01:00:00,141.85358
2011-05-28 02:00:00,39.04692
2011-05-28 03:00:00,130.70804
2011-05-28 04:00:00,138.2812
2011-05-28 05:00:00,130.70781
2011-05-28 06:00:00,185.67107
2011-05-28 07:00:00,190.57495
2011-05-28 08:00:00,216.59496
2011-05-28 09:00:00,341.58914
2011-05-28 10:00:00,385.30045
2011-05-28 11:00:00,385.30145
2011-05-28 12:00:00,376.68854
2011-05-28 13:00:00,385.17432
2011-05-28 14:00:00,313.58765
2011-05-28 15:00:00,396.96405
2011-05-28 16:00:00,394.56476
2011-05-28 17:00:00,398.95734
2011-05-28 18:00:00,386.97418
2011-05-28 19:00:00,388.26776
2011-05-28 20:00:00,385.02792
2011-05-28 21:00:00,372.162
2011-05-28 22:00:00,303.45282
2011-05-28 23:00:00,216.90204
2011-05-29 00:00:00,209.06544
2011-05-29 01:00:00,112.37317
2011-05-29 02:00:00,103.164215
2011-05-29 03:00:00,103.164
2011-05-29 04:00:00,83.22598
2011-05-29 05:00:00,38.945065
2011-05-29 06:00:00,123.19083
2011-05-29 07:00:00,113.594666
2011-05-29 08:00:00,113.94928
2011-05-29 09:00:00,73.10487
2011-05-29 10:00:00,309.22665
2011-05-29 11:00:00,312.63266
2011-05-29 12:00:00,362.4052
2011-05-29 13:00:00,382.32825
2011-05-29 14:00:00,328.95148
2011-05-29 15:00:00,326.78223
2011-05-29 16:00:00,328.95435
2011-05-29 17:00:00,328.95575
2011-05-29 18:00:00,378.58704
2011-05-29 19:00:00,378.74146
2011-05-29 20:00:00,345.99725
2011-05-29 21:00:00,328.38373
2011-05-29 22:00:00,130.0038
2011-05-29 23:00:00,138.8487
2011-05-30 00:00:00,62.68773
2011-05-30 01:00:00,62.119595
2011-05-30 02:00:00,62.68757
2011-05-30 03:00:00,62.657135
2011-05-30 04:00:00,64.972015
2011-05-30 05:00:00,103.34018
2011-05-30 06:00:00,119.00312
2011-05-30 07:00:00,129.98471
2011-05-30 08:00:00,189.11722
2011-05-30 09:00:00,329.3532
2011-05-30 10:00:00,345.29776
2011-05-30 11:00:00,368.528
2011-05-30 12:00:00,363.93262
2011-05-30 13:00:00,381.57162
2011-05-30 14:00:00,385.9887
2011-05-30 15:00:00,371.77682
2011-05-30 16:00:00,376.72504
2011-05-30 17:00:00,386.2517
2011-05-30 18:00:00,384.26947
2011-05-30 19:00:00,197.84726
2011-05-30 20:00:00,295.54822
2011-05-30 21:00:00,279.32275
2011-05-30 22:00:00,295.43378
2011-05-30 23:00:00,309.0079
2011-05-31 00:00:00,303.55603
2011-05-31 01:00:00,312.7475
2011-05-31 02:00:00,77.40139
2011-05-31 03:00:00,99.11633
2011-05-31 04:00:00,255.21391
2011-05-31 05:00:00,255.21391
2011-05-31 06:00:00,295.1353
2011-05-31 07:00:00,247.83842
2011-05-31 08:00:00,269.6093
2011-05-31 09:00:00,235.37439
2011-05-31 10:00:00,259.02884
2011-05-31 11:00:00,186.09943
2011-05-31 12:00:00,196.1659
2011-05-31 13:00:00,206.25526
2011-05-31 14:00:00,207.5188
2011-05-31 15:00:00,213.76006
2011-05-31 16:00:00,207.25124
2011-05-31 17:00:00,212.91797
2011-05-31 18:00:00,207.47263
2011-05-31 19:00:00,250.49268
2011-05-31 20:00:00,250.49283
2011-05-31 21:00:00,263.42953
2011-05-31 22:00:00,263.38226
2011-05-31 23:00:00,306.77057
2011-06-20 00:00:00,73.3407
2011-06-20 01:00:00,57.92463
2011-06-20 02:00:00,57.92472
2011-06-20 03:00:00,104.83208
2011-06-20 04:00:00,116.46043
2011-06-20 05:00:00,84.33191
2011-06-20 06:00:00,100.278015
2011-06-20 07:00:00,117.99265
2011-06-20 08:00:00,97.92818
2011-06-20 09:00:00,128.34169
2011-06-20 10:00:00,128.34087
2011-06-20 11:00:00,100.0878
2011-06-20 12:00:00,136.25241
2011-06-20 13:00:00,160.22656
2011-06-20 14:00:00,156.28088
2011-06-20 15:00:00,170.61166
2011-06-20 16:00:00,246.76094
2011-06-20 17:00:00,208.6911
2011-06-20 18:00:00,213.59537
2011-06-20 19:00:00,162.33746
2011-06-20 20:00:00,136.44916
2011-06-20 21:00:00,49.0411
2011-06-20 22:00:00,87.711334
2011-06-20 23:00:00,115.48172
2011-06-21 00:00:00,76.74607
2011-06-21 01:00:00,103.87646
2011-06-21 02:00:00,94.83149
2011-06-21 03:00:00,94.830986
2011-06-21 04:00:00,119.84061
2011-06-21 05:00:00,130.18906
2011-06-21 06:00:00,130.1892
2011-06-21 07:00:00,143.17918
2011-06-21 08:00:00,111.74484
2011-06-21 09:00:00,133.72626
2011-06-21 10:00:00,117.342094
2011-06-21 11:00:00,84.26282
2011-06-21 12:00:00,155.79665
2011-06-21 13:00:00,221.37158
2011-06-21 14:00:00,319.54535
2011-06-21 15:00:00,298.90756
2011-06-21 16:00:00,335.30838
2011-06-21 17:00:00,256.51883
2011-06-21 18:00:00,260.63782
2011-06-21 19:00:00,236.03397
2011-06-21 20:00:00,237.97198
2011-06-21 21:00:00,170.95306
2011-06-21 22:00:00,154.42564
2011-06-21 23:00:00,133.40448
2011-06-22 00:00:00,138.00916
2011-06-22 01:00:00,129.11374
2011-06-22 02:00:00,108.38411
2011-06-22 03:00:00,129.11298
2011-06-22 04:00:00,64.46176
2011-06-22 05:00:00,92.812126
2011-06-22 06:00:00,111.54802
2011-06-22 07:00:00,160.30844
2011-06-22 08:00:00,221.67998
2011-06-22 09:00:00,218.34615
2011-06-22 10:00:00,247.05441
2011-06-22 11:00:00,235.21262
2011-06-22 12:00:00,276.89508
2011-06-22 13:00:00,223.7832
2011-06-22 14:00:00,255.39911
2011-06-22 15:00:00,227.58029
2011-06-22 16:00:00,258.10278
2011-06-22 17:00:00,267.72693
2011-06-22 18:00:00,271.82715
2011-06-22 19:00:00,239.70242
2011-06-22 20:00:00,224.56628
2011-06-22 21:00:00,228.89822
2011-06-22 22:00:00,230.62984
2011-06-22 23:00:00,235.45999
2011-06-23 00:00:00,231.31073
2011-06-23 01:00:00,228.27023
2011-06-23 02:00:00,228.27008
2011-06-23 03:00:00,202.25807
2011-06-23 04:00:00,183.22586
2011-06-23 05:00:00,197.35867
2011-06-23 06:00:00,197.35858
2011-06-23 07:00:00,224.59274
2011-06-23 08:00:00,230.6517
2011-06-23 09:00:00,225.00003
2011-06-23 10:00:00,254.94144
2011-06-23 11:00:00,254.86588
2011-06-23 12:00:00,249.75916
2011-06-23 13:00:00,236.89194
2011-06-23 14:00:00,256.1617
2011-06-23 15:00:00,216.04373
2011-06-23 16:00:00,213.79156
2011-06-23 17:00:00,205.03258
2011-06-23 18:00:00,209.2836
2011-06-23 19:00:00,206.8966
2011-06-23 20:00:00,203.63882
2011-06-23 21:00:00,200.66798
2011-06-23 22:00:00,224.41025
2011-06-23 23:00:00,230.03357
2011-06-24 00:00:00,168.82498
2011-06-24 01:00:00,213.55241
2011-06-24 02:00:00,213.19919
2011-06-24 03:00:00,153.17584
2011-06-24 04:00:00,151.58536
2011-06-24 05:00:00,60.936954
2011-06-24 06:00:00,152.66989
2011-06-24 07:00:00,171.47786
2011-06-24 08:00:00,199.86394
2011-06-24 09:00:00,261.25208
2011-06-24 10:00:00,332.56064
2011-06-24 11:00:00,358.64795
2011-06-24 12:00:00,339.8238
2011-06-24 13:00:00,311.4314
2011-06-24 14:00:00,334.13214
2011-06-24 15:00:00,321.855
2011-06-24 16:00:00,333.2816
2011-06-24 17:00:00,374.12454
2011-06-24 18:00:00,380.4488
2011-06-24 19:00:00,356.26355
2011-06-24 20:00:00,330.023
2011-06-24 21:00:00,288.10394
2011-06-24 22:00:00,225.779
2011-06-24 23:00:00,248.3154
2011-06-25 00:00:00,259.13983
2011-06-25 01:00:00,232.86095
2011-06-25 02:00:00,219.39055
2011-06-25 03:00:00,140.06253
2011-06-25 04:00:00,140.0617
2011-06-25 05:00:00,136.9394
2011-06-25 06:00:00,141.66039
2011-06-25 07:00:00,183.26941
2011-06-25 08:00:00,306.5144
2011-06-25 09:00:00,360.1894
2011-06-25 10:00:00,357.30466
2011-06-25 11:00:00,372.65195
2011-06-25 12:00:00,416.61505
2011-06-25 13:00:00,416.61554
2011-06-25 14:00:00,412.49286
2011-06-25 15:00:00,369.4822
2011-06-25 16:00:00,438.07874
2011-06-25 17:00:00,410.3512
2011-06-25 18:00:00,361.06036
2011-06-25 19:00:00,358.14304
2011-06-25 20:00:00,303.49478
2011-06-25 21:00:00,231.87918
2011-06-25 22:00:00,253.64828
2011-06-25 23:00:00,242.53409
2011-06-26 00:00:00,193.83325
2011-06-26 01:00:00,206.91193
2011-06-26 02:00:00,106.09186
2011-06-26 03:00:00,116.85266
2011-06-26 04:00:00,102.99438
2011-06-26 05:00:00,97.04358
2011-06-26 06:00:00,97.043755
2011-06-26 07:00:00,112.37019
2011-06-26 08:00:00,133.05785
2011-06-26 09:00:00,216.97302
2011-06-26 10:00:00,344.86517
2011-06-26 11:00:00,350.43335
2011-06-26 12:00:00,394.95322
2011-06-26 13:00:00,374.70868
2011-06-26 14:00:00,388.498
2011-06-26 15:00:00,374.70905
2011-06-26 16:00:00,392.08975
2011-06-26 17:00:00,348.2801
2011-06-26 18:00:00,354.59915
2011-06-26 19:00:00,338.86212
2011-06-26 20:00:00,287.8012
2011-06-26 21:00:00,272.12244
2011-06-26 22:00:00,296.03528
2011-06-26 23:00:00,279.8341
2011-06-27 00:00:00,145.98413
2011-06-27 01:00:00,109.34602
2011-06-27 02:00:00,98.63727
2011-06-27 03:00:00,98.63674
2011-06-27 04:00:00,100.42897
2011-06-27 05:00:00,97.13577
2011-06-27 06:00:00,111.366005
2011-06-27 07:00:00,111.20102
2011-06-27 08:00:00,118.815414
2011-06-27 09:00:00,184.124
2011-06-27 10:00:00,224.3953
2011-06-27 11:00:00,190.30594
2011-06-27 12:00:00,183.824
2011-06-27 13:00:00,185.66165
2011-06-27 14:00:00,214.16727
2011-06-27 15:00:00,180.54123
2011-06-27 16:00:00,238.82764
2011-06-27 17:00:00,282.52063
2011-06-27 18:00:00,201.99997
2011-06-27 19:00:00,220.96362
2011-06-27 20:00:00,156.85101
2011-06-27 21:00:00,151.2763
2011-06-27 22:00:00,106.656845
2011-06-27 23:00:00,106.65663
2011-06-28 00:00:00,67.44077
2011-06-28 01:00:00,99.238716
2011-06-28 02:00:00,95.07335
2011-06-28 03:00:00,95.04335
2011-06-28 04:00:00,99.23804
2011-06-28 05:00:00,76.3156
2011-06-28 06:00:00,81.22242
2011-06-28 07:00:00,185.59222
2011-06-28 08:00:00,156.27171
2011-06-28 09:00:00,183.4377
2011-06-28 10:00:00,250.96027
2011-06-28 11:00:00,227.52458
2011-06-28 12:00:00,295.7318
2011-06-28 13:00:00,226.01506
2011-06-28 14:00:00,247.66364
2011-06-28 15:00:00,229.03209
2011-06-28 16:00:00,255.71748
2011-06-28 17:00:00,234.78648
2011-06-28 18:00:00,257.97217
2011-06-28 19:00:00,235.24553
2011-06-28 20:00:00,208.06267
2011-06-28 21:00:00,255.99277
2011-06-28 22:00:00,193.81381
2011-06-28 23:00:00,192.57971
2011-06-29 00:00:00,199.20209
2011-06-29 01:00:00,191.59222
2011-06-29 02:00:00,98.08583
2011-06-29 03:00:00,96.88628
2011-06-29 04:00:00,108.62215
2011-06-29 05:00:00,119.01079
2011-06-29 06:00:00,134.7943
2011-06-29 07:00:00,296.47983
2011-06-29 08:00:00,334.45105
2011-06-29 09:00:00,327.25314
2011-06-29 10:00:00,317.55893
2011-06-29 11:00:00,319.62878
2011-06-29 12:00:00,328.2707
2011-06-29 13:00:00,309.54248
2011-06-29 14:00:00,310.67453
2011-06-29 15:00:00,343.41858
2011-06-29 16:00:00,311.6941
2011-06-29 17:00:00,353.71265
2011-06-29 18:00:00,312.7774
2011-06-29 19:00:00,314.20724
2011-06-29 20:00:00,332.1828
2011-06-29 21:00:00,335.73788
2011-06-29 22:00:00,317.39252
2011-06-29 23:00:00,274.158
2011-06-30 00:00:00,259.29248
2011-06-30 01:00:00,199.52219
2011-06-30 02:00:00,77.55237
2011-06-30 03:00:00,129.11456
2011-06-30 04:00:00,235.0621
2011-06-30 05:00:00,176.07166
2011-06-30 06:00:00,163.4708
2011-06-30 07:00:00,130.99869
2011-06-30 08:00:00,265.7752
2011-06-30 09:00:00,298.64606
2011-06-30 10:00:00,305.01135
2011-06-30 11:00:00,350.06592
2011-06-30 12:00:00,330.43317
2011-06-30 13:00:00,317.87238
2011-06-30 14:00:00,324.76312
2011-06-30 15:00:00,341.89746
2011-06-30 16:00:00,357.4417
2011-06-30 17:00:00,340.93283
2011-06-30 18:00:00,319.59097
2011-06-30 19:00:00,316.0091
2011-06-30 20:00:00,316.00916
2011-06-30 21:00:00,321.0596
2011-06-30 22:00:00,325.66125
2011-06-30 23:00:00,193.87177
2011-07-20 00:00:00,176.92175
2011-07-20 01:00:00,204.3697
2011-07-20 02:00:00,204.36923
2011-07-20 03:00:00,177.61777
2011-07-20 04:00:00,142.73026
2011-07-20 05:00:00,150.4266
2011-07-20 06:00:00,133.29733
2011-07-20 07:00:00,193.09843
2011-07-20 08:00:00,168.7796
2011-07-20 09:00:00,183.5419
2011-07-20 10:00:00,231.70096
2011-07-20 11:00:00,281.236
2011-07-20 12:00:00,246.13376
2011-07-20 13:00:00,228.76562
2011-07-20 14:00:00,233.92288
2011-07-20 15:00:00,197.88153
2011-07-20 16:00:00,228.41339
2011-07-20 17:00:00,253.63647
2011-07-20 18:00:00,308.86703
2011-07-20 19:00:00,334.81207
2011-07-20 20:00:00,310.5476
2011-07-20 21:00:00,336.84082
2011-07-20 22:00:00,319.2047
2011-07-20 23:00:00,272.22452
2011-07-21 00:00:00,275.84
2011-07-21 01:00:00,229.43622
2011-07-21 02:00:00,229.4359
2011-07-21 03:00:00,209.72197
2011-07-21 04:00:00,208.74431
2011-07-21 05:00:00,208.74393
2011-07-21 06:00:00,208.74353
2011-07-21 07:00:00,217.41278
2011-07-21 08:00:00,273.9035
2011-07-21 09:00:00,302.02557
2011-07-21 10:00:00,314.31458
2011-07-21 11:00:00,295.21957
2011-07-21 12:00:00,283.24747
2011-07-21 13:00:00,279.8002
2011-07-21 14:00:00,280.63504
2011-07-21 15:00:00,233.37244
2011-07-21 16:00:00,256.35925
2011-07-21 17:00:00,256.1936
2011-07-21 18:00:00,242.08226
2011-07-21 19:00:00,309.92972
2011-07-21 20:00:00,307.6407
2011-07-21 21:00:00,300.95996
2011-07-21 22:00:00,315.55328
2011-07-21 23:00:00,315.39542
2011-07-22 00:00:00,305.628
2011-07-22 01:00:00,245.70108
2011-07-22 02:00:00,263.08417
2011-07-22 03:00:00,277.55505
2011-07-22 04:00:00,249.91388
2011-07-22 05:00:00,193.6254
2011-07-22 06:00:00,236.09302
2011-07-22 07:00:00,324.97058
2011-07-22 08:00:00,295.5858
2011-07-22 09:00:00,288.52832
2011-07-22 10:00:00,186.60345
2011-07-22 11:00:00,202.61946
2011-07-22 12:00:00,206.25323
2011-07-22 13:00:00,213.01822
2011-07-22 14:00:00,308.93524
2011-07-22 15:00:00,299.61652
2011-07-22 16:00:00,346.48755
2011-07-22 17:00:00,206.3657
2011-07-22 18:00:00,240.13118
2011-07-22 19:00:00,242.68846
2011-07-22 20:00:00,221.79684
2011-07-22 21:00:00,264.65845
2011-07-22 22:00:00,191.55545
2011-07-22 23:00:00,299.05902
2011-07-23 00:00:00,319.56738
2011-07-23 01:00:00,359.7753
2011-07-23 02:00:00,366.9768
2011-07-23 03:00:00,332.3563
2011-07-23 04:00:00,297.63202
2011-07-23 05:00:00,302.73465
2011-07-23 06:00:00,376.97107
2011-07-23 07:00:00,369.63235
2011-07-23 08:00:00,379.24484
2011-07-23 09:00:00,373.52704
2011-07-23 10:00:00,386.54858
2011-07-23 11:00:00,363.41162
2011-07-23 12:00:00,353.81613
2011-07-23 13:00:00,355.2851
2011-07-23 14:00:00,365.05362
2011-07-23 15:00:00,366.38083
2011-07-23 16:00:00,353.77817
2011-07-23 17:00:00,353.7777
2011-07-23 18:00:00,365.10303
2011-07-23 19:00:00,326.36646
2011-07-23 20:00:00,324.29303
2011-07-23 21:00:00,324.29266
2011-07-23 22:00:00,327.5674
2011-07-23 23:00:00,325.886
2011-07-24 00:00:00,320.1905
2011-07-24 01:00:00,318.53748
2011-07-24 02:00:00,312.53827
2011-07-24 03:00:00,312.5383
2011-07-24 04:00:00,319.14096
2011-07-24 05:00:00,322.73438
2011-07-24 06:00:00,310.6781
2011-07-24 07:00:00,321.3023
2011-07-24 08:00:00,332.23846
2011-07-24 09:00:00,328.84732
2011-07-24 10:00:00,366.86145
2011-07-24 11:00:00,371.2647
2011-07-24 12:00:00,352.18848
2011-07-24 13:00:00,367.81738
2011-07-24 14:00:00,371.0959
2011-07-24 15:00:00,356.48547
2011-07-24 16:00:00,356.48438
2011-07-24 17:00:00,350.0206
2011-07-24 18:00:00,356.32983
2011-07-24 19:00:00,360.27118
2011-07-24 20:00:00,367.92676
2011-07-24 21:00:00,315.4054
2011-07-24 22:00:00,307.2286
2011-07-24 23:00:00,300.10846
2011-07-25 00:00:00,273.4711
2011-07-25 01:00:00,254.014
2011-07-25 02:00:00,197.37152
2011-07-25 03:00:00,156.30298
2011-07-25 04:00:00,156.85541
2011-07-25 05:00:00,156.85559
2011-07-25 06:00:00,150.63269
2011-07-25 07:00:00,179.08266
2011-07-25 08:00:00,234.60205
2011-07-25 09:00:00,309.7864
2011-07-25 10:00:00,277.9049
2011-07-25 11:00:00,231.10077
2011-07-25 12:00:00,231.1008
2011-07-25 13:00:00,202.98726
2011-07-25 14:00:00,157.953
2011-07-25 15:00:00,173.3302
2011-07-25 16:00:00,155.0257
2011-07-25 17:00:00,99.4949
2011-07-25 18:00:00,171.87103
2011-07-25 19:00:00,186.98657
2011-07-25 20:00:00,108.60075
2011-07-25 21:00:00,112.19371
2011-07-25 22:00:00,112.19388
2011-07-25 23:00:00,122.40282
2011-07-26 00:00:00,108.691345
2011-07-26 01:00:00,108.691315
2011-07-26 02:00:00,124.545334
2011-07-26 03:00:00,123.99448
2011-07-26 04:00:00,133.5039
2011-07-26 05:00:00,88.799934
2011-07-26 06:00:00,195.00368
2011-07-26 07:00:00,185.5086
2011-07-26 08:00:00,313.03372
2011-07-26 09:00:00,326.9754
2011-07-26 10:00:00,291.47534
2011-07-26 11:00:00,253.78253
2011-07-26 12:00:00,238.12791
2011-07-26 13:00:00,244.04669
2011-07-26 14:00:00,245.00514
2011-07-26 15:00:00,301.6109
2011-07-26 16:00:00,255.11212
2011-07-26 17:00:00,261.51367
2011-07-26 18:00:00,270.62268
2011-07-26 19:00:00,287.67383
2011-07-26 20:00:00,300.9123
2011-07-26 21:00:00,335.61664
2011-07-26 22:00:00,236.65883
2011-07-26 23:00:00,208.47394
2011-07-27 00:00:00,165.13116
2011-07-27 01:00:00,324.31528
2011-07-27 02:00:00,290.9017
2011-07-27 03:00:00,197.78406
2011-07-27 04:00:00,335.89127
2011-07-27 05:00:00,314.6922
2011-07-27 06:00:00,314.00052
2011-07-27 07:00:00,343.49847
2011-07-27 08:00:00,354.25946
2011-07-27 09:00:00,341.4273
2011-07-27 10:00:00,216.89511
2011-07-27 11:00:00,235.55362
2011-07-27 12:00:00,278.2849
2011-07-27 13:00:00,259.6862
2011-07-27 14:00:00,323.7673
2011-07-27 15:00:00,276.06415
2011-07-27 16:00:00,321.32593
2011-07-27 17:00:00,326.42563
2011-07-27 18:00:00,366.12253
2011-07-27 19:00:00,334.66077
2011-07-27 20:00:00,348.58582
2011-07-27 21:00:00,235.4592
2011-07-27 22:00:00,182.74258
2011-07-27 23:00:00,192.47876
2011-07-28 00:00:00,258.74838
2011-07-28 01:00:00,181.27106
2011-07-28 02:00:00,217.50586
2011-07-28 03:00:00,171.3873
2011-07-28 04:00:00,158.7149
2011-07-28 05:00:00,139.39304
2011-07-28 06:00:00,107.16225
2011-07-28 07:00:00,131.09766
2011-07-28 08:00:00,200.94855
2011-07-28 09:00:00,252.0711
2011-07-28 10:00:00,311.94516
2011-07-28 11:00:00,267.23047
2011-07-28 12:00:00,248.8017
2011-07-28 13:00:00,296.6505
2011-07-28 14:00:00,301.70554
2011-07-28 15:00:00,186.72452
2011-07-28 16:00:00,214.42299
2011-07-28 17:00:00,220.17737
2011-07-28 18:00:00,237.6206
2011-07-28 19:00:00,272.9099
2011-07-28 20:00:00,296.24127
2011-07-28 21:00:00,302.16998
2011-07-28 22:00:00,294.6017
2011-07-28 23:00:00,275.67462
2011-07-29 00:00:00,214.81247
2011-07-29 01:00:00,205.82562
2011-07-29 02:00:00,159.90659
2011-07-29 03:00:00,159.90591
2011-07-29 04:00:00,216.57907
2011-07-29 05:00:00,203.62259
2011-07-29 06:00:00,190.9208
2011-07-29 07:00:00,185.59216
2011-07-29 08:00:00,239.54706
2011-07-29 09:00:00,305.4549
2011-07-29 10:00:00,317.92172
2011-07-29 11:00:00,322.44794
2011-07-29 12:00:00,287.8055
2011-07-29 13:00:00,237.96588
2011-07-29 14:00:00,279.27112
2011-07-29 15:00:00,296.93793
2011-07-29 16:00:00,290.22525
2011-07-29 17:00:00,289.26636
2011-07-29 18:00:00,330.53638
2011-07-29 19:00:00,297.41507
2011-07-29 20:00:00,321.80884
2011-07-29 21:00:00,235.63823
2011-07-29 22:00:00,323.41846
2011-07-29 23:00:00,189.74236
2011-07-30 00:00:00,370.09943
2011-07-30 01:00:00,359.38745
2011-07-30 02:00:00,357.89594
2011-07-30 03:00:00,276.21283
2011-07-30 04:00:00,188.73608
2011-07-30 05:00:00,184.72273
2011-07-30 06:00:00,186.38875
2011-07-30 07:00:00,312.6883
2011-07-30 08:00:00,325.25616
2011-07-30 09:00:00,376.7944
2011-07-30 10:00:00,383.22147
2011-07-30 11:00:00,395.6684
2011-07-30 12:00:00,390.7935
2011-07-30 13:00:00,400.3941
2011-07-30 14:00:00,393.6267
2011-07-30 15:00:00,373.2893
2011-07-30 16:00:00,387.5293
2011-07-30 17:00:00,379.00214
2011-07-30 18:00:00,394.24597
2011-07-30 19:00:00,406.17783
2011-07-30 20:00:00,377.49832
2011-07-30 21:00:00,380.93604
2011-07-30 22:00:00,358.32336
2011-07-30 23:00:00,359.3966
2011-07-31 00:00:00,359.6105
2011-07-31 01:00:00,261.62033
2011-07-31 02:00:00,247.3708
2011-07-31 03:00:00,232.15686
2011-07-31 04:00:00,129.65579
2011-07-31 05:00:00,126.61647
2011-07-31 06:00:00,215.1001
2011-07-31 07:00:00,265.3883
2011-07-31 08:00:00,372.4853
2011-07-31 09:00:00,374.2647
2011-07-31 10:00:00,391.18408
2011-07-31 11:00:00,391.623
2011-07-31 12:00:00,384.0855
2011-07-31 13:00:00,385.58936
2011-07-31 14:00:00,383.74658
2011-07-31 15:00:00,365.11884
2011-07-31 16:00:00,375.5562
2011-07-31 17:00:00,376.74896
2011-07-31 18:00:00,371.19836
2011-07-31 19:00:00,380.24396
2011-07-31 20:00:00,380.24365
2011-07-31 21:00:00,330.93298
2011-07-31 22:00:00,272.23572
2011-07-31 23:00:00,248.78223
2011-08-20 00:00:00,69.88834
2011-08-20 01:00:00,55.644768
2011-08-20 02:00:00,54.54543
2011-08-20 03:00:00,54.545914
2011-08-20 04:00:00,89.94969
2011-08-20 05:00:00,54.887115
2011-08-20 06:00:00,86.82106
2011-08-20 07:00:00,55.64817
2011-08-20 08:00:00,140.06226
2011-08-20 09:00:00,193.1195
2011-08-20 10:00:00,268.98587
2011-08-20 11:00:00,260.48926
2011-08-20 12:00:00,320.79504
2011-08-20 13:00:00,367.4575
2011-08-20 14:00:00,392.03946
2011-08-20 15:00:00,384.8637
2011-08-20 16:00:00,378.81622
2011-08-20 17:00:00,392.0406
2011-08-20 18:00:00,339.74933
2011-08-20 19:00:00,321.61493
2011-08-20 20:00:00,322.145
2011-08-20 21:00:00,245.58713
2011-08-20 22:00:00,190.96117
2011-08-20 23:00:00,183.6588
2011-08-21 00:00:00,201.56755
2011-08-21 01:00:00,211.96864
2011-08-21 02:00:00,206.78067
2011-08-21 03:00:00,155.92719
2011-08-21 04:00:00,212.35034
2011-08-21 05:00:00,132.80975
2011-08-21 06:00:00,125.39061
2011-08-21 07:00:00,236.70587
2011-08-21 08:00:00,206.35626
2011-08-21 09:00:00,241.93431
2011-08-21 10:00:00,287.90564
2011-08-21 11:00:00,361.19373
2011-08-21 12:00:00,360.36285
2011-08-21 13:00:00,373.65015
2011-08-21 14:00:00,233.35419
2011-08-21 15:00:00,229.77713
2011-08-21 16:00:00,229.80109
2011-08-21 17:00:00,217.6662
2011-08-21 18:00:00,253.75403
2011-08-21 19:00:00,242.5733
2011-08-21 20:00:00,231.16318
2011-08-21 21:00:00,231.16882
2011-08-21 22:00:00,204.84769
2011-08-21 23:00:00,187.68532
2011-08-22 00:00:00,185.01285
2011-08-22 01:00:00,166.20772
2011-08-22 02:00:00,197.98694
2011-08-22 03:00:00,193.54915
2011-08-22 04:00:00,185.90184
2011-08-22 05:00:00,207.56207
2011-08-22 06:00:00,180.72285
2011-08-22 07:00:00,202.9064
2011-08-22 08:00:00,202.90588
2011-08-22 09:00:00,333.59863
2011-08-22 10:00:00,378.93195
2011-08-22 11:00:00,390.62012
2011-08-22 12:00:00,355.02173
2011-08-22 13:00:00,381.38647
2011-08-22 14:00:00,385.135
2011-08-22 15:00:00,415.0906
2011-08-22 16:00:00,385.13776
2011-08-22 17:00:00,430.90958
2011-08-22 18:00:00,414.79648
2011-08-22 19:00:00,403.94513
2011-08-22 20:00:00,354.4262
2011-08-22 21:00:00,353.15198
2011-08-22 22:00:00,373.7121
2011-08-22 23:00:00,303.92734
2011-08-23 00:00:00,255.38922
2011-08-23 01:00:00,293.5042
2011-08-23 02:00:00,241.99466
2011-08-23 03:00:00,242.96101
2011-08-23 04:00:00,252.40344
2011-08-23 05:00:00,232.96292
2011-08-23 06:00:00,216.22083
2011-08-23 07:00:00,217.57391
2011-08-23 08:00:00,208.63367
2011-08-23 09:00:00,216.8042
2011-08-23 10:00:00,250.64038
2011-08-23 11:00:00,303.85028
2011-08-23 12:00:00,242.16803
2011-08-23 13:00:00,380.20224
2011-08-23 14:00:00,368.97644
2011-08-23 15:00:00,366.86087
2011-08-23 16:00:00,367.2786
2011-08-23 17:00:00,366.864
2011-08-23 18:00:00,363.24292
2011-08-23 19:00:00,311.00507
2011-08-23 20:00:00,267.63724
2011-08-23 21:00:00,195.38254
2011-08-23 22:00:00,176.3906
2011-08-23 23:00:00,224.80148
2011-08-24 00:00:00,168.46869
2011-08-24 01:00:00,207.65337
2011-08-24 02:00:00,257.9809
2011-08-24 03:00:00,257.58765
2011-08-24 04:00:00,84.651184
2011-08-24 05:00:00,84.651596
2011-08-24 06:00:00,75.42915
2011-08-24 07:00:00,182.20566
2011-08-24 08:00:00,182.9078
2011-08-24 09:00:00,211.92862
2011-08-24 10:00:00,195.71439
2011-08-24 11:00:00,312.50412
2011-08-24 12:00:00,327.17255
2011-08-24 13:00:00,312.41077
2011-08-24 14:00:00,312.41095
2011-08-24 15:00:00,287.63504
2011-08-24 16:00:00,287.2304
2011-08-24 17:00:00,288.18176
2011-08-24 18:00:00,333.84485
2011-08-24 19:00:00,333.84534
2011-08-24 20:00:00,233.25853
2011-08-24 21:00:00,195.23036
2011-08-24 22:00:00,189.10956
2011-08-24 23:00:00,165.29404
2011-08-25 00:00:00,235.8346
2011-08-25 01:00:00,178.85275
2011-08-25 02:00:00,179.56458
2011-08-25 03:00:00,239.38234
2011-08-25 04:00:00,229.59814
2011-08-25 05:00:00,211.88852
2011-08-25 06:00:00,213.08224
2011-08-25 07:00:00,218.77524
2011-08-25 08:00:00,178.96896
2011-08-25 09:00:00,171.97263
2011-08-25 10:00:00,215.57222
2011-08-25 11:00:00,181.72641
2011-08-25 12:00:00,181.72578
2011-08-25 13:00:00,149.00253
2011-08-25 14:00:00,184.52145
2011-08-25 15:00:00,212.08391
2011-08-25 16:00:00,210.69226
2011-08-25 17:00:00,210.69241
2011-08-25 18:00:00,193.6848
2011-08-25 19:00:00,206.12823
2011-08-25 20:00:00,214.2101
2011-08-25 21:00:00,113.224976
2011-08-25 22:00:00,97.97882
2011-08-25 23:00:00,103.73411
2011-08-26 00:00:00,100.53823
2011-08-26 01:00:00,82.41452
2011-08-26 02:00:00,114.34233
2011-08-26 03:00:00,101.50815
2011-08-26 04:00:00,102.94951
2011-08-26 05:00:00,93.92438
2011-08-26 06:00:00,102.95
2011-08-26 07:00:00,71.017265
2011-08-26 08:00:00,208.11775
2011-08-26 09:00:00,150.1221
2011-08-26 10:00:00,212.6536
2011-08-26 11:00:00,218.16362
2011-08-26 12:00:00,257.26376
2011-08-26 13:00:00,231.74454
2011-08-26 14:00:00,277.53308
2011-08-26 15:00:00,270.36127
2011-08-26 16:00:00,258.6514
2011-08-26 17:00:00,234.82095
2011-08-26 18:00:00,202.16093
2011-08-26 19:00:00,172.1116
2011-08-26 20:00:00,182.39503
2011-08-26 21:00:00,182.46872
2011-08-26 22:00:00,172.27362
2011-08-26 23:00:00,184.03073
2011-08-27 00:00:00,190.17557
2011-08-27 01:00:00,212.3695
2011-08-27 02:00:00,211.68442
2011-08-27 03:00:00,190.75708
2011-08-27 04:00:00,190.13977
2011-08-27 05:00:00,189.4648
2011-08-27 06:00:00,189.46323
2011-08-27 07:00:00,193.2124
2011-08-27 08:00:00,187.25154
2011-08-27 09:00:00,189.8804
2011-08-27 10:00:00,226.3999
2011-08-27 11:00:00,112.62073
2011-08-27 12:00:00,170.62376
2011-08-27 13:00:00,167.0813
2011-08-27 14:00:00,90.950264
2011-08-27 15:00:00,90.94978
2011-08-27 16:00:00,90.709694
2011-08-27 17:00:00,103.94688
2011-08-28 07:00:00,113.902145
2011-08-28 08:00:00,119.92908
2011-08-28 09:00:00,233.29031
2011-08-28 10:00:00,280.7472
2011-08-28 11:00:00,231.67548
2011-08-28 12:00:00,369.95667
2011-08-28 13:00:00,402.4687
2011-08-28 14:00:00,372.84024
2011-08-28 15:00:00,377.265
2011-08-28 16:00:00,372.49152
2011-08-28 17:00:00,415.70697
2011-08-28 18:00:00,400.26184
2011-08-28 19:00:00,336.51837
2011-08-28 20:00:00,339.48795
2011-08-28 21:00:00,156.95496
2011-08-28 22:00:00,141.35246
2011-08-28 23:00:00,52.544197
2011-08-29 00:00:00,69.472435
2011-08-29 01:00:00,193.22859
2011-08-29 02:00:00,190.17764
2011-08-29 03:00:00,193.23021
2011-08-29 04:00:00,194.98836
2011-08-29 05:00:00,104.03458
2011-08-29 06:00:00,104.034805
2011-08-29 07:00:00,196.0227
2011-08-29 08:00:00,183.81891
2011-08-29 09:00:00,245.90205
2011-08-29 10:00:00,323.09753
2011-08-29 11:00:00,297.22153
2011-08-29 12:00:00,299.89117
2011-08-29 13:00:00,228.41806
2011-08-29 14:00:00,237.52594
2011-08-29 15:00:00,350.75494
2011-08-29 16:00:00,346.5543
2011-08-29 17:00:00,343.2125
2011-08-29 18:00:00,333.91135
2011-08-29 19:00:00,333.91223
2011-08-29 20:00:00,250.05028
2011-08-29 21:00:00,258.1826
2011-08-29 22:00:00,185.0972
2011-08-29 23:00:00,193.17184
2011-08-30 00:00:00,108.27923
2011-08-30 01:00:00,168.40982
2011-08-30 02:00:00,75.19781
2011-08-30 03:00:00,102.53412
2011-08-30 04:00:00,70.88302
2011-08-30 05:00:00,60.560623
2011-08-30 06:00:00,75.214935
2011-08-30 07:00:00,203.39014
2011-08-30 08:00:00,167.95454
2011-08-30 09:00:00,292.90887
2011-08-30 10:00:00,348.98352
2011-08-30 11:00:00,354.07892
2011-08-30 12:00:00,240.47775
2011-08-30 13:00:00,282.11926
2011-08-30 14:00:00,354.3031
2011-08-30 15:00:00,353.9073
2011-08-30 16:00:00,346.23987
2011-08-30 17:00:00,339.37292
2011-08-30 18:00:00,331.44257
2011-08-30 19:00:00,222.34875
2011-08-30 20:00:00,223.37888
2011-08-30 21:00:00,183.40073
2011-08-30 22:00:00,186.43214
2011-08-30 23:00:00,186.4325
2011-08-31 00:00:00,164.99106
2011-08-31 01:00:00,165.13155
2011-08-31 02:00:00,70.72169
2011-08-31 03:00:00,70.063835
2011-08-31 04:00:00,70.722145
2011-08-31 05:00:00,74.52999
2011-08-31 06:00:00,62.810097
2011-08-31 07:00:00,68.69986
2011-08-31 08:00:00,158.77632
2011-08-31 09:00:00,168.40117
2011-08-31 10:00:00,225.30295
2011-08-31 11:00:00,292.85168
2011-08-31 12:00:00,264.4295
2011-08-31 13:00:00,265.78094
2011-08-31 14:00:00,289.46912
2011-08-31 15:00:00,289.46906
2011-08-31 16:00:00,263.88873
2011-08-31 17:00:00,300.71707
2011-08-31 18:00:00,329.49094
2011-08-31 19:00:00,299.5348
2011-08-31 20:00:00,168.39203
2011-08-31 21:00:00,168.91827
2011-08-31 22:00:00,159.45274
2011-08-31 23:00:00,72.56527
2011-09-20 00:00:00,124.06233
2011-09-20 01:00:00,125.54335
2011-09-20 02:00:00,125.543816
2011-09-20 03:00:00,252.97583
2011-09-20 04:00:00,163.05815
2011-09-20 05:00:00,133.11745
2011-09-20 06:00:00,133.11789
2011-09-20 07:00:00,125.54614
2011-09-20 08:00:00,62.467297
2011-09-20 09:00:00,65.33847
2011-09-20 10:00:00,121.89681
2011-09-20 11:00:00,121.89639
2011-09-20 12:00:00,73.64818
2011-09-20 13:00:00,65.74324
2011-09-20 14:00:00,136.87666
2011-09-20 15:00:00,216.18932
2011-09-20 16:00:00,199.73656
2011-09-20 17:00:00,226.8942
2011-09-20 18:00:00,226.89496
2011-09-20 19:00:00,134.38132
2011-09-20 20:00:00,68.97089
2011-09-20 21:00:00,68.97215
2011-09-20 22:00:00,68.973404
2011-09-20 23:00:00,68.974655
2011-09-21 00:00:00,80.89725
2011-09-21 01:00:00,59.007446
2011-09-21 02:00:00,59.008522
2011-09-21 03:00:00,74.23992
2011-09-21 04:00:00,73.62411
2011-09-21 05:00:00,70.78276
2011-09-21 06:00:00,76.522644
2011-09-21 07:00:00,76.5231
2011-09-21 08:00:00,73.221825
2011-09-21 09:00:00,85.1532
2011-09-21 10:00:00,130.2822
2011-09-21 11:00:00,168.50955
2011-09-21 12:00:00,177.6896
2011-09-21 13:00:00,196.94177
2011-09-21 14:00:00,205.16666
2011-09-21 15:00:00,199.76189
2011-09-21 16:00:00,199.76126
2011-09-21 17:00:00,192.59335
2011-09-21 18:00:00,172.32047
2011-09-21 19:00:00,102.95628
2011-09-21 20:00:00,102.956116
2011-09-21 21:00:00,95.03229
2011-09-21 22:00:00,116.05731
2011-09-21 23:00:00,55.909115
2011-09-22 00:00:00,56.265236
2011-09-22 01:00:00,86.73291
2011-09-22 02:00:00,77.35162
2011-09-22 03:00:00,86.724976
2011-09-22 04:00:00,86.72509
2011-09-22 05:00:00,77.351685
2011-09-22 06:00:00,77.38622
2011-09-22 07:00:00,85.592285
2011-09-22 08:00:00,81.99136
2011-09-22 09:00:00,105.54129
2011-09-22 10:00:00,143.939
2011-09-22 11:00:00,136.29047
2011-09-22 12:00:00,219.1456
2011-09-22 13:00:00,212.84622
2011-09-22 14:00:00,220.52306
2011-09-22 15:00:00,243.80745
2011-09-22 16:00:00,200.50497
2011-09-22 17:00:00,218.97757
2011-09-22 18:00:00,186.84895
2011-09-22 19:00:00,124.46129
2011-09-22 20:00:00,90.96468
2011-09-22 21:00:00,124.46054
2011-09-22 22:00:00,101.625465
2011-09-22 23:00:00,117.20282
2011-09-23 00:00:00,88.35137
2011-09-23 01:00:00,99.83846
2011-09-23 02:00:00,69.45632
2011-09-23 03:00:00,99.83884
2011-09-23 04:00:00,103.99989
2011-09-23 05:00:00,94.08209
2011-09-23 06:00:00,87.867905
2011-09-23 07:00:00,93.62899
2011-09-23 08:00:00,93.62846
2011-09-23 09:00:00,95.88577
2011-09-23 10:00:00,97.04119
2011-09-23 11:00:00,97.04086
2011-09-23 12:00:00,94.41774
2011-09-23 13:00:00,95.40152
2011-09-23 14:00:00,95.401184
2011-09-23 15:00:00,94.41614
2011-09-23 16:00:00,98.156845
2011-09-23 17:00:00,100.87457
2011-09-23 18:00:00,78.158585
2011-09-23 19:00:00,88.155556
2011-09-23 20:00:00,70.07338
2011-09-23 21:00:00,69.214096
2011-09-23 22:00:00,52.837612
2011-09-23 23:00:00,62.426773
2011-09-24 00:00:00,49.31475
2011-09-24 01:00:00,57.60277
2011-09-24 02:00:00,57.602867
2011-09-24 03:00:00,47.56731
2011-09-24 04:00:00,43.777405
2011-09-24 05:00:00,55.2487
2011-09-24 06:00:00,55.24877
2011-09-24 07:00:00,93.35097
2011-09-24 08:00:00,95.10196
2011-09-24 09:00:00,93.98256
2011-09-24 10:00:00,94.126915
2011-09-24 11:00:00,159.22574
2011-09-24 12:00:00,159.22574
2011-09-24 13:00:00,181.61798
2011-09-24 14:00:00,228.14505
2011-09-24 15:00:00,228.14484
2011-09-24 16:00:00,189.76303
2011-09-24 17:00:00,250.86978
2011-09-24 18:00:00,196.40541
2011-09-24 19:00:00,96.32172
2011-09-24 20:00:00,151.81003
2011-09-24 21:00:00,160.75764
2011-09-24 22:00:00,99.38389
2011-09-24 23:00:00,94.1264
2011-09-25 00:00:00,93.14533
2011-09-25 01:00:00,87.457504
2011-09-25 02:00:00,90.57414
2011-09-25 03:00:00,90.57406
2011-09-25 04:00:00,84.23219
2011-09-25 05:00:00,99.44954
2011-09-25 06:00:00,87.45682
2011-09-25 07:00:00,66.46965
2011-09-25 08:00:00,98.97713
2011-09-25 09:00:00,151.8852
2011-09-25 10:00:00,151.88522
2011-09-25 11:00:00,219.79897
2011-09-25 12:00:00,226.9767
2011-09-25 13:00:00,240.40825
2011-09-25 14:00:00,226.97723
2011-09-25 15:00:00,226.97751
2011-09-25 16:00:00,254.28119
2011-09-25 17:00:00,239.27855
2011-09-25 18:00:00,239.27911
2011-09-25 19:00:00,191.89908
2011-09-25 20:00:00,164.99869
2011-09-25 21:00:00,73.6815
2011-09-25 22:00:00,96.45712
2011-09-25 23:00:00,67.5222
2011-09-26 00:00:00,93.6597
2011-09-26 01:00:00,90.309006
2011-09-26 02:00:00,90.30884
2011-09-26 03:00:00,94.09882
2011-09-26 04:00:00,70.16018
2011-09-26 05:00:00,88.81183
2011-09-26 06:00:00,70.16057
2011-09-26 07:00:00,94.10013
2011-09-26 08:00:00,94.10043
2011-09-26 09:00:00,110.18506
2011-09-26 10:00:00,110.18465
2011-09-26 11:00:00,239.42355
2011-09-26 12:00:00,224.26448
2011-09-26 13:00:00,221.92218
2011-09-26 14:00:00,234.64224
2011-09-26 15:00:00,344.27548
2011-09-26 16:00:00,268.48755
2011-09-26 17:00:00,217.58324
2011-09-26 18:00:00,216.6409
2011-09-26 19:00:00,221.34811
2011-09-26 20:00:00,123.10524
2011-09-26 21:00:00,123.10513
2011-09-26 22:00:00,74.34433
2011-09-26 23:00:00,74.34487
2011-09-27 00:00:00,79.27193
2011-09-27 01:00:00,87.546555
2011-09-27 02:00:00,68.07018
2011-09-27 03:00:00,91.61395
2011-09-27 04:00:00,68.21383
2011-09-27 05:00:00,68.21377
2011-09-27 06:00:00,48.63802
2011-09-27 07:00:00,48.638065
2011-09-27 08:00:00,80.57628
2011-09-27 09:00:00,110.68385
2011-09-27 10:00:00,78.32678
2011-09-27 11:00:00,107.98212
2011-09-27 12:00:00,125.25116
2011-09-27 13:00:00,236.90121
2011-09-27 14:00:00,204.56122
2011-09-27 15:00:00,211.0957
2011-09-27 16:00:00,183.69647
2011-09-27 17:00:00,141.07988
2011-09-27 18:00:00,121.46939
2011-09-27 19:00:00,91.205124
2011-09-27 20:00:00,175.93304
2011-09-27 21:00:00,168.33426
2011-09-27 22:00:00,118.64339
2011-09-27 23:00:00,118.643524
2011-09-28 00:00:00,104.722855
2011-09-28 01:00:00,104.723236
2011-09-28 02:00:00,143.29549
2011-09-28 03:00:00,68.674286
2011-09-28 04:00:00,104.72438
2011-09-28 05:00:00,78.34327
2011-09-28 06:00:00,65.5382
2011-09-28 07:00:00,65.538086
2011-09-28 08:00:00,84.31736
2011-09-28 09:00:00,84.31704
2011-09-28 10:00:00,98.73208
2011-09-28 11:00:00,204.01785
2011-09-28 12:00:00,229.76352
2011-09-28 13:00:00,255.77214
2011-09-28 14:00:00,333.55908
2011-09-28 15:00:00,221.73761
2011-09-28 16:00:00,237.68831
2011-09-28 17:00:00,238.9713
2011-09-28 18:00:00,174.15594
2011-09-28 19:00:00,174.15547
2011-09-28 20:00:00,149.81198
2011-09-28 21:00:00,108.00186
2011-09-28 22:00:00,116.69727
2011-09-28 23:00:00,42.71731
2011-09-29 00:00:00,48.87303
2011-09-29 01:00:00,73.07752
2011-09-29 02:00:00,73.07765
2011-09-29 03:00:00,75.09444
2011-09-29 04:00:00,110.054504
2011-09-29 05:00:00,116.6613
2011-09-29 06:00:00,120.91305
2011-09-29 07:00:00,115.4227
2011-09-29 08:00:00,137.47511
2011-09-29 09:00:00,202.97095
2011-09-29 10:00:00,210.88354
2011-09-29 11:00:00,221.9983
2011-09-29 12:00:00,238.90826
2011-09-29 13:00:00,234.96104
2011-09-29 14:00:00,326.59735
2011-09-29 15:00:00,321.4284
2011-09-29 16:00:00,330.04083
2011-09-29 17:00:00,313.90778
2011-09-29 18:00:00,284.2858
2011-09-29 19:00:00,287.1406
2011-09-29 20:00:00,264.58472
2011-09-29 21:00:00,276.37714
2011-09-29 22:00:00,189.69217
2011-09-29 23:00:00,127.63822
2011-09-30 00:00:00,149.86838
2011-09-30 01:00:00,128.60443
2011-09-30 02:00:00,149.86853
2011-09-30 03:00:00,149.86862
2011-09-30 04:00:00,157.71542
2011-09-30 05:00:00,157.71562
2011-09-30 06:00:00,173.24792
2011-09-30 07:00:00,173.24814
2011-09-30 08:00:00,131.82672
2011-09-30 09:00:00,110.85134
2011-09-30 10:00:00,249.29395
2011-09-30 11:00:00,255.53397
2011-09-30 12:00:00,262.28687
2011-09-30 13:00:00,269.75522
2011-09-30 14:00:00,252.19809
2011-09-30 15:00:00,291.45798
2011-09-30 16:00:00,271.35
2011-09-30 17:00:00,267.9705
2011-09-30 18:00:00,279.07184
2011-09-30 19:00:00,180.22096
2011-09-30 20:00:00,180.21991
2011-09-30 21:00:00,170.32443
2011-09-30 22:00:00,180.70432
2011-09-30 23:00:00,180.70331
2011-10-20 00:00:00,119.46352
2011-10-20 01:00:00,217.40616
2011-10-20 02:00:00,201.83264
2011-10-20 03:00:00,106.80449
2011-10-20 04:00:00,106.80429
2011-10-20 05:00:00,125.41995
2011-10-20 06:00:00,97.336174
2011-10-20 07:00:00,80.56099
2011-10-20 08:00:00,137.03818
2011-10-20 09:00:00,142.13821
2011-10-20 10:00:00,176.76213
2011-10-20 11:00:00,143.14914
2011-10-20 12:00:00,161.736
2011-10-20 13:00:00,217.80316
2011-10-20 14:00:00,174.30312
2011-10-20 15:00:00,203.54916
2011-10-20 16:00:00,203.5478
2011-10-20 17:00:00,172.98154
2011-10-20 18:00:00,177.97055
2011-10-20 19:00:00,158.8114
2011-10-20 20:00:00,172.00916
2011-10-20 21:00:00,153.33072
2011-10-20 22:00:00,158.0476
2011-10-20 23:00:00,132.32332
2011-10-21 00:00:00,148.74867
2011-10-21 01:00:00,140.91797
2011-10-21 02:00:00,109.193726
2011-10-21 03:00:00,109.93394
2011-10-21 04:00:00,105.352356
2011-10-21 05:00:00,95.364204
2011-10-21 06:00:00,105.21697
2011-10-21 07:00:00,105.217415
2011-10-21 08:00:00,117.98045
2011-10-21 09:00:00,131.40872
2011-10-21 10:00:00,161.41223
2011-10-21 11:00:00,189.99628
2011-10-21 12:00:00,193.1518
2011-10-21 13:00:00,158.5064
2011-10-21 14:00:00,263.51602
2011-10-21 15:00:00,201.57614
2011-10-21 16:00:00,202.05136
2011-10-21 17:00:00,190.39583
2011-10-21 18:00:00,170.74017
2011-10-21 19:00:00,153.89206
2011-10-21 20:00:00,168.81343
2011-10-21 21:00:00,107.77405
2011-10-21 22:00:00,133.29039
2011-10-21 23:00:00,141.16328
2011-10-22 00:00:00,103.70938
2011-10-22 01:00:00,103.70982
2011-10-22 02:00:00,120.849045
2011-10-22 03:00:00,95.33887
2011-10-22 04:00:00,84.27788
2011-10-22 05:00:00,81.62474
2011-10-22 06:00:00,74.37958
2011-10-22 07:00:00,80.142166
2011-10-22 08:00:00,91.794174
2011-10-22 09:00:00,100.595795
2011-10-22 10:00:00,135.3039
2011-10-22 11:00:00,135.30394
2011-10-22 12:00:00,162.13611
2011-10-22 13:00:00,207.01973
2011-10-22 14:00:00,202.29764
2011-10-22 15:00:00,195.86874
2011-10-22 16:00:00,201.42203
2011-10-22 17:00:00,148.72812
2011-10-22 18:00:00,139.5711
2011-10-22 19:00:00,102.71591
2011-10-22 20:00:00,99.17059
2011-10-22 21:00:00,79.39548
2011-10-22 22:00:00,79.396194
2011-10-22 23:00:00,87.51308
2011-10-23 00:00:00,118.877075
2011-10-23 01:00:00,118.87756
2011-10-23 02:00:00,116.04045
2011-10-23 03:00:00,110.604256
2011-10-23 04:00:00,110.60474
2011-10-23 05:00:00,108.742905
2011-10-23 06:00:00,110.51364
2011-10-23 07:00:00,115.51514
2011-10-23 08:00:00,113.59394
2011-10-23 09:00:00,79.28301
2011-10-23 10:00:00,103.197845
2011-10-23 11:00:00,111.19949
2011-10-23 12:00:00,189.6011
2011-10-23 13:00:00,162.57402
2011-10-23 14:00:00,183.99126
2011-10-23 15:00:00,178.87302
2011-10-23 16:00:00,162.59274
2011-10-23 17:00:00,201.37093
2011-10-23 18:00:00,211.45255
2011-10-23 19:00:00,114.732254
2011-10-23 20:00:00,106.765305
2011-10-23 21:00:00,106.766014
2011-10-23 22:00:00,95.86195
2011-10-23 23:00:00,76.19188
2011-10-24 00:00:00,139.74193
2011-10-24 01:00:00,131.28288
2011-10-24 02:00:00,194.70601
2011-10-24 03:00:00,139.819
2011-10-24 04:00:00,136.69092
2011-10-24 05:00:00,180.78415
2011-10-24 06:00:00,194.71521
2011-10-24 07:00:00,75.17421
2011-10-24 08:00:00,146.12128
2011-10-24 09:00:00,109.71894
2011-10-24 10:00:00,127.36868
2011-10-24 11:00:00,152.93082
2011-10-24 12:00:00,225.81763
2011-10-24 13:00:00,185.96747
2011-10-24 14:00:00,185.6495
2011-10-24 15:00:00,216.72101
2011-10-24 16:00:00,181.97966
2011-10-24 17:00:00,228.06729
2011-10-24 18:00:00,240.92923
2011-10-24 19:00:00,112.93699
2011-10-24 20:00:00,155.66156
2011-10-24 21:00:00,191.7526
2011-10-24 22:00:00,117.579
2011-10-24 23:00:00,155.55316
2011-10-25 00:00:00,132.99529
2011-10-25 01:00:00,132.99544
2011-10-25 02:00:00,114.27062
2011-10-25 03:00:00,164.38193
2011-10-25 04:00:00,189.2375
2011-10-25 05:00:00,189.23979
2011-10-25 06:00:00,117.976845
2011-10-25 07:00:00,89.68196
2011-10-25 08:00:00,137.95816
2011-10-25 09:00:00,206.86777
2011-10-25 10:00:00,232.6987
2011-10-25 11:00:00,184.351
2011-10-25 12:00:00,244.09245
2011-10-25 13:00:00,254.38878
2011-10-25 14:00:00,257.68304
2011-10-25 15:00:00,195.92256
2011-10-25 16:00:00,239.94504
2011-10-25 17:00:00,196.05742
2011-10-25 18:00:00,225.51353
2011-10-25 19:00:00,161.2509
2011-10-25 20:00:00,148.11948
2011-10-25 21:00:00,135.74515
2011-10-25 22:00:00,172.06009
2011-10-25 23:00:00,135.7455
2011-10-26 00:00:00,94.55452
2011-10-26 01:00:00,129.96408
2011-10-26 02:00:00,138.05637
2011-10-26 03:00:00,130.87318
2011-10-26 04:00:00,88.19121
2011-10-26 05:00:00,88.86471
2011-10-26 06:00:00,88.86499
2011-10-26 07:00:00,94.91441
2011-10-26 08:00:00,171.11089
2011-10-26 09:00:00,203.44551
2011-10-26 10:00:00,157.81784
2011-10-26 11:00:00,111.047386
2011-10-26 12:00:00,218.49622
2011-10-26 13:00:00,244.30206
2011-10-26 14:00:00,132.33292
2011-10-26 15:00:00,132.33316
2011-10-26 16:00:00,152.52483
2011-10-26 17:00:00,153.5863
2011-10-26 18:00:00,46.78388
2011-10-26 19:00:00,118.57837
2011-10-26 20:00:00,175.65973
2011-10-26 21:00:00,132.41953
2011-10-26 22:00:00,170.57846
2011-10-26 23:00:00,170.57927
2011-10-27 00:00:00,59.73654
2011-10-27 01:00:00,59.736874
2011-10-27 02:00:00,98.00313
2011-10-27 03:00:00,98.00316
2011-10-27 04:00:00,147.04184
2011-10-27 05:00:00,151.07498
2011-10-27 06:00:00,110.13791
2011-10-27 07:00:00,67.893425
2011-10-27 08:00:00,131.59035
2011-10-27 09:00:00,72.767746
2011-10-27 10:00:00,125.63751
2011-10-27 11:00:00,128.65099
2011-10-27 12:00:00,128.64919
2011-10-27 13:00:00,153.37216
2011-10-27 14:00:00,114.29065
2011-10-27 15:00:00,136.31485
2011-10-27 16:00:00,84.33976
2011-10-27 17:00:00,137.31393
2011-10-27 18:00:00,151.35428
2011-10-27 19:00:00,124.454636
2011-10-27 20:00:00,142.56097
2011-10-27 21:00:00,137.1984
2011-10-27 22:00:00,134.15361
2011-10-27 23:00:00,123.66499
2011-10-28 00:00:00,105.96088
2011-10-28 01:00:00,114.07706
2011-10-28 02:00:00,109.415085
2011-10-28 03:00:00,105.73152
2011-10-28 04:00:00,115.47796
2011-10-28 05:00:00,107.3199
2011-10-28 06:00:00,112.44461
2011-10-28 07:00:00,112.44528
2011-10-28 08:00:00,107.564064
2011-10-28 09:00:00,111.41403
2011-10-28 10:00:00,124.63688
2011-10-28 11:00:00,151.46782
2011-10-28 12:00:00,195.87349
2011-10-28 13:00:00,206.12386
2011-10-28 14:00:00,176.08102
2011-10-28 15:00:00,199.29468
2011-10-28 16:00:00,172.38217
2011-10-28 17:00:00,152.2261
2011-10-28 18:00:00,152.65678
2011-10-28 19:00:00,152.22598
2011-10-28 20:00:00,136.10199
2011-10-28 21:00:00,95.06496
2011-10-28 22:00:00,83.157486
2011-10-28 23:00:00,87.97312
2011-10-29 00:00:00,45.305275
2011-10-29 01:00:00,50.364243
2011-10-29 02:00:00,50.364082
2011-10-29 03:00:00,68.30565
2011-10-29 04:00:00,68.30548
2011-10-29 05:00:00,39.02929
2011-10-29 06:00:00,46.86872
2011-10-29 07:00:00,46.868507
2011-10-29 08:00:00,53.68229
2011-10-29 09:00:00,53.68211
2011-10-29 10:00:00,39.983505
2011-10-29 11:00:00,41.032722
2011-10-29 12:00:00,52.200214
2011-10-29 13:00:00,52.26506
2011-10-29 14:00:00,53.50923
2011-10-29 15:00:00,30.40346
2011-10-29 16:00:00,36.483257
2011-10-29 17:00:00,36.483036
2011-10-29 18:00:00,36.48282
2011-10-29 19:00:00,72.10918
2011-10-29 20:00:00,72.10957
2011-10-29 21:00:00,72.109955
2011-10-29 22:00:00,52.455433
2011-10-29 23:00:00,54.8517
2011-10-30 00:00:00,57.41893
2011-10-30 01:00:00,52.962143
2011-10-30 02:00:00,54.92171
2011-10-30 03:00:00,54.78556
2011-10-30 04:00:00,54.205894
2011-10-30 05:00:00,42.651836
2011-10-30 06:00:00,33.70644
2011-10-30 07:00:00,32.46939
2011-10-30 08:00:00,36.427322
2011-10-30 09:00:00,60.625927
2011-10-30 10:00:00,81.84549
2011-10-30 11:00:00,119.6525
2011-10-30 12:00:00,112.40964
2011-10-30 13:00:00,239.31998
2011-10-30 14:00:00,260.89935
2011-10-30 15:00:00,268.73312
2011-10-30 16:00:00,263.32037
2011-10-30 17:00:00,250.08765
2011-10-30 18:00:00,192.18428
2011-10-30 19:00:00,179.87329
2011-10-30 20:00:00,92.78941
2011-10-30 21:00:00,68.54229
2011-10-30 22:00:00,49.173653
2011-10-30 23:00:00,86.49851
2011-10-31 00:00:00,144.2871
2011-10-31 01:00:00,116.19453
2011-10-31 02:00:00,127.62448
2011-10-31 03:00:00,117.43239
2011-10-31 04:00:00,127.62671
2011-10-31 05:00:00,146.80789
2011-10-31 06:00:00,127.62892
2011-10-31 07:00:00,103.54457
2011-10-31 08:00:00,99.84488
2011-10-31 09:00:00,96.07255
2011-10-31 10:00:00,149.38776
2011-10-31 11:00:00,148.36421
2011-10-31 12:00:00,187.03696
2011-10-31 13:00:00,179.31946
2011-10-31 14:00:00,164.92487
2011-10-31 15:00:00,139.74835
2011-10-31 16:00:00,142.04507
2011-10-31 17:00:00,141.56204
2011-10-31 18:00:00,121.30757
2011-10-31 19:00:00,121.308044
2011-10-31 20:00:00,121.051285
2011-10-31 21:00:00,112.661354
2011-10-31 22:00:00,112.661766
2011-10-31 23:00:00,112.66217
2011-11-20 00:00:00,120.80825
2011-11-20 01:00:00,106.88775
2011-11-20 02:00:00,111.48779
2011-11-20 03:00:00,115.46234
2011-11-20 04:00:00,127.229675
2011-11-20 05:00:00,128.91031
2011-11-20 06:00:00,124.28031
2011-11-20 07:00:00,139.93735
2011-11-20 08:00:00,122.45155
2011-11-20 09:00:00,143.24748
2011-11-20 10:00:00,143.03033
2011-11-20 11:00:00,180.26973
2011-11-20 12:00:00,159.12906
2011-11-20 13:00:00,159.3866
2011-11-20 14:00:00,130.82852
2011-11-20 15:00:00,181.42523
2011-11-20 16:00:00,207.79132
2011-11-20 17:00:00,160.28479
2011-11-20 18:00:00,169.31577
2011-11-20 19:00:00,181.15079
2011-11-20 20:00:00,253.71416
2011-11-20 21:00:00,131.64856
2011-11-20 22:00:00,112.07576
2011-11-20 23:00:00,112.07562
2011-11-21 00:00:00,118.458954
2011-11-21 01:00:00,64.18031
2011-11-21 02:00:00,72.617294
2011-11-21 03:00:00,90.69576
2011-11-21 04:00:00,90.69613
2011-11-21 05:00:00,122.545074
2011-11-21 06:00:00,131.22675
2011-11-21 07:00:00,111.505005
2011-11-21 08:00:00,118.12775
2011-11-21 09:00:00,111.41943
2011-11-21 10:00:00,182.78735
2011-11-21 11:00:00,182.09882
2011-11-21 12:00:00,168.0845
2011-11-21 13:00:00,168.18446
2011-11-21 14:00:00,129.78612
2011-11-21 15:00:00,73.75295
2011-11-21 16:00:00,73.75305
2011-11-21 17:00:00,101.00969
2011-11-21 18:00:00,80.25813
2011-11-21 19:00:00,75.22209
2011-11-21 20:00:00,88.354416
2011-11-21 21:00:00,91.737885
2011-11-21 22:00:00,91.3627
2011-11-21 23:00:00,91.73807
2011-11-22 00:00:00,95.5959
2011-11-22 01:00:00,97.917984
2011-11-22 02:00:00,92.263336
2011-11-22 03:00:00,92.263596
2011-11-22 04:00:00,100.82441
2011-11-22 05:00:00,100.95131
2011-11-22 06:00:00,94.93007
2011-11-22 07:00:00,104.48839
2011-11-22 08:00:00,104.48836
2011-11-22 09:00:00,118.39711
2011-11-22 10:00:00,118.39607
2011-11-22 11:00:00,98.14493
2011-11-22 12:00:00,102.99658
2011-11-22 13:00:00,102.634766
2011-11-22 14:00:00,102.63522
2011-11-22 15:00:00,128.21553
2011-11-22 16:00:00,128.21591
2011-11-22 17:00:00,100.76233
2011-11-22 18:00:00,123.50284
2011-11-22 19:00:00,81.45134
2011-11-22 20:00:00,95.21236
2011-11-22 21:00:00,92.93869
2011-11-22 22:00:00,115.111404
2011-11-22 23:00:00,116.27525
2011-11-23 00:00:00,102.01099
2011-11-23 01:00:00,97.78302
2011-11-23 02:00:00,102.92053
2011-11-23 03:00:00,102.920364
2011-11-23 04:00:00,121.91109
2011-11-23 05:00:00,67.190384
2011-11-23 06:00:00,92.813416
2011-11-23 07:00:00,69.72679
2011-11-23 08:00:00,85.84076
2011-11-23 09:00:00,110.16618
2011-11-23 10:00:00,110.16654
2011-11-23 11:00:00,154.47705
2011-11-23 12:00:00,95.88858
2011-11-23 13:00:00,91.081345
2011-11-23 14:00:00,86.19259
2011-11-23 15:00:00,87.906784
2011-11-23 16:00:00,94.51563
2011-11-23 17:00:00,123.05074
2011-11-23 18:00:00,85.986084
2011-11-23 19:00:00,88.427475
2011-11-23 20:00:00,97.68482
2011-11-23 21:00:00,126.309555
2011-11-23 22:00:00,133.6195
2011-11-23 23:00:00,118.96391
2011-11-24 00:00:00,114.86114
2011-11-24 01:00:00,164.5796
2011-11-24 02:00:00,111.20181
2011-11-24 03:00:00,92.24059
2011-11-24 04:00:00,133.0387
2011-11-24 05:00:00,133.99109
2011-11-24 06:00:00,133.03952
2011-11-24 07:00:00,73.005264
2011-11-24 08:00:00,127.66347
2011-11-24 09:00:00,143.20132
2011-11-24 10:00:00,147.922
2011-11-24 11:00:00,229.0878
2011-11-24 12:00:00,227.46613
2011-11-24 13:00:00,232.54826
2011-11-24 14:00:00,256.23468
2011-11-24 15:00:00,261.84082
2011-11-24 16:00:00,244.6497
2011-11-24 17:00:00,246.96793
2011-11-24 18:00:00,169.48523
2011-11-24 19:00:00,146.46982
2011-11-24 20:00:00,128.348
2011-11-24 21:00:00,148.20908
2011-11-24 22:00:00,148.20941
2011-11-24 23:00:00,123.489174
2011-11-25 00:00:00,117.61859
2011-11-25 01:00:00,105.58099
2011-11-25 02:00:00,104.226456
2011-11-25 03:00:00,90.28928
2011-11-25 04:00:00,120.842285
2011-11-25 05:00:00,117.14653
2011-11-25 06:00:00,102.11705
2011-11-25 07:00:00,147.8016
2011-11-25 08:00:00,102.072105
2011-11-25 09:00:00,113.26938
2011-11-25 10:00:00,118.24242
2011-11-25 11:00:00,125.78449
2011-11-25 12:00:00,163.30026
2011-11-25 13:00:00,189.71648
2011-11-25 14:00:00,227.19627
2011-11-25 15:00:00,231.90775
2011-11-25 16:00:00,237.49959
2011-11-25 17:00:00,232.61908
2011-11-25 18:00:00,206.93378
2011-11-25 19:00:00,130.06589
2011-11-25 20:00:00,128.44954
2011-11-25 21:00:00,128.54536
2011-11-25 22:00:00,129.2305
2011-11-25 23:00:00,111.135475
2011-11-26 00:00:00,113.78662
2011-11-26 01:00:00,121.04459
2011-11-26 02:00:00,120.66138
2011-11-26 03:00:00,115.14037
2011-11-26 04:00:00,115.14095
2011-11-26 05:00:00,121.23376
2011-11-26 06:00:00,116.6147
2011-11-26 07:00:00,85.537994
2011-11-26 08:00:00,121.04866
2011-11-26 09:00:00,117.12094
2011-11-26 10:00:00,82.40933
2011-11-26 11:00:00,135.15015
2011-11-26 12:00:00,148.52417
2011-11-26 13:00:00,226.76761
2011-11-26 14:00:00,182.76239
2011-11-26 15:00:00,257.7566
2011-11-26 16:00:00,174.54646
2011-11-26 17:00:00,174.54588
2011-11-26 18:00:00,118.93588
2011-11-26 19:00:00,123.80707
2011-11-26 20:00:00,130.23236
2011-11-26 21:00:00,74.9651
2011-11-26 22:00:00,104.686615
2011-11-26 23:00:00,82.48122
2011-11-27 00:00:00,80.32801
2011-11-27 01:00:00,80.3284
2011-11-27 02:00:00,83.820244
2011-11-27 03:00:00,90.23867
2011-11-27 04:00:00,81.64732
2011-11-27 05:00:00,83.13165
2011-11-27 06:00:00,87.14813
2011-11-27 07:00:00,89.87594
2011-11-27 08:00:00,108.78146
2011-11-27 09:00:00,144.83603
2011-11-27 10:00:00,144.83609
2011-11-27 11:00:00,121.48081
2011-11-27 12:00:00,189.93118
2011-11-27 13:00:00,150.56274
2011-11-27 14:00:00,442.0008
2011-11-27 15:00:00,448.67896
2011-11-27 16:00:00,190.11987
2011-11-27 17:00:00,171.54694
2011-11-27 18:00:00,146.93124
2011-11-27 19:00:00,165.69394
2011-11-27 20:00:00,131.61176
2011-11-27 21:00:00,155.39212
2011-11-27 22:00:00,147.8143
2011-11-27 23:00:00,147.81418
2011-11-28 00:00:00,145.97037
2011-11-28 01:00:00,150.9982
2011-11-28 03:00:00,130.39914
2011-11-28 04:00:00,149.84285
2011-11-28 05:00:00,126.59361
2011-11-28 06:00:00,117.352844
2011-11-28 07:00:00,118.88988
2011-11-28 08:00:00,121.24123
2011-11-28 09:00:00,101.17873
2011-11-28 10:00:00,147.5346
2011-11-28 11:00:00,263.00412
2011-11-28 12:00:00,282.91827
2011-11-28 13:00:00,209.06818
2011-11-28 14:00:00,326.03467
2011-11-28 15:00:00,206.81818
2011-11-28 16:00:00,172.01855
2011-11-28 17:00:00,212.331
2011-11-28 18:00:00,166.2081
2011-11-28 19:00:00,151.4237
2011-11-28 20:00:00,164.20795
2011-11-28 21:00:00,174.05566
2011-11-28 22:00:00,166.98666
2011-11-28 23:00:00,158.87784
2011-11-29 00:00:00,168.55466
2011-11-29 01:00:00,188.3006
2011-11-29 02:00:00,168.07199
2011-11-29 03:00:00,168.0726
2011-11-29 04:00:00,126.07239
2011-11-29 05:00:00,168.09534
2011-11-29 06:00:00,132.47925
2011-11-29 07:00:00,114.62952
2011-11-29 08:00:00,143.07053
2011-11-29 09:00:00,142.90567
2011-11-29 10:00:00,142.9049
2011-11-29 11:00:00,114.202995
2011-11-29 12:00:00,106.67653
2011-11-29 13:00:00,120.21003
2011-11-29 14:00:00,83.2795
2011-11-29 15:00:00,101.03758
2011-11-29 16:00:00,80.225784
2011-11-29 17:00:00,80.42852
2011-11-29 18:00:00,92.756424
2011-11-29 19:00:00,98.95462
2011-11-29 20:00:00,79.76288
2011-11-29 21:00:00,79.77132
2011-11-29 22:00:00,95.36217
2011-11-29 23:00:00,126.774216
2011-11-30 00:00:00,91.46309
2011-11-30 01:00:00,98.201416
2011-11-30 02:00:00,119.36122
2011-11-30 03:00:00,119.36193
2011-11-30 04:00:00,102.61113
2011-11-30 05:00:00,93.385155
2011-11-30 06:00:00,86.4413
2011-11-30 07:00:00,71.577324
2011-11-30 08:00:00,93.38701
2011-11-30 09:00:00,100.991615
2011-11-30 10:00:00,144.74174
2011-11-30 11:00:00,122.580505
2011-11-30 12:00:00,128.098
2011-11-30 13:00:00,199.37184
2011-11-30 14:00:00,199.37186
2011-11-30 15:00:00,175.70871
2011-11-30 16:00:00,175.63983
2011-11-30 17:00:00,108.43208
2011-11-30 18:00:00,122.19074
2011-11-30 19:00:00,103.17702
2011-11-30 20:00:00,103.177086
2011-11-30 21:00:00,172.61429
2011-11-30 22:00:00,131.9525
2011-11-30 23:00:00,99.00639
2011-12-20 00:00:00,134.04745
2011-12-20 01:00:00,140.33954
2011-12-20 02:00:00,157.52151
2011-12-20 03:00:00,157.52222
2011-12-20 04:00:00,133.63184
2011-12-20 05:00:00,149.24594
2011-12-20 06:00:00,149.24594
2011-12-20 07:00:00,157.6138
2011-12-20 08:00:00,152.30191
2011-12-20 09:00:00,189.6249
2011-12-20 10:00:00,136.81699
2011-12-20 11:00:00,153.0538
2011-12-20 12:00:00,141.42224
2011-12-20 13:00:00,141.176
2011-12-20 14:00:00,143.33484
2011-12-20 15:00:00,153.59181
2011-12-20 16:00:00,154.9946
2011-12-20 17:00:00,143.09842
2011-12-20 18:00:00,197.85742
2011-12-20 19:00:00,160.94128
2011-12-20 20:00:00,163.008
2011-12-20 21:00:00,172.82802
2011-12-20 22:00:00,189.77647
2011-12-20 23:00:00,156.44736
2011-12-21 00:00:00,124.57607
2011-12-21 01:00:00,169.81163
2011-12-21 02:00:00,152.90515
2011-12-21 03:00:00,152.90599
2011-12-21 04:00:00,152.90683
2011-12-21 05:00:00,82.209526
2011-12-21 06:00:00,229.60818
2011-12-21 07:00:00,133.96704
2011-12-21 08:00:00,122.78955
2011-12-21 09:00:00,112.29345
2011-12-21 10:00:00,109.16414
2011-12-21 11:00:00,109.16376
2011-12-21 12:00:00,106.38587
2011-12-21 13:00:00,67.10616
2011-12-21 14:00:00,170.26466
2011-12-21 15:00:00,169.21082
2011-12-21 16:00:00,71.40967
2011-12-21 17:00:00,71.40961
2011-12-21 18:00:00,79.42171
2011-12-21 19:00:00,75.41494
2011-12-21 20:00:00,89.48143
2011-12-21 21:00:00,211.55603
2011-12-21 22:00:00,180.04623
2011-12-21 23:00:00,188.88538
2011-12-22 00:00:00,113.497955
2011-12-22 01:00:00,91.21211
2011-12-22 02:00:00,102.02166
2011-12-22 03:00:00,166.33435
2011-12-22 04:00:00,102.34961
2011-12-22 05:00:00,124.23999
2011-12-22 06:00:00,212.36603
2011-12-22 07:00:00,135.53018
2011-12-22 08:00:00,231.30153
2011-12-22 09:00:00,205.14532
2011-12-22 10:00:00,93.12358
2011-12-22 11:00:00,144.17848
2011-12-22 12:00:00,117.0161
2011-12-22 13:00:00,158.3554
2011-12-22 14:00:00,158.3556
2011-12-22 15:00:00,116.96564
2011-12-22 16:00:00,158.35605
2011-12-22 17:00:00,187.7438
2011-12-22 18:00:00,148.70877
2011-12-22 19:00:00,153.35318
2011-12-22 20:00:00,160.15726
2011-12-22 21:00:00,160.1572
2011-12-22 22:00:00,88.7791
2011-12-22 23:00:00,204.12465
2011-12-23 00:00:00,108.532104
2011-12-23 01:00:00,108.53216
2011-12-23 02:00:00,76.71875
2011-12-23 03:00:00,76.71882
2011-12-23 04:00:00,66.01406
2011-12-23 05:00:00,111.09921
2011-12-23 06:00:00,91.15097
2011-12-23 07:00:00,103.24245
2011-12-23 08:00:00,114.93964
2011-12-23 09:00:00,147.41919
2011-12-23 10:00:00,121.89531
2011-12-23 11:00:00,118.19385
2011-12-23 12:00:00,108.61418
2011-12-23 13:00:00,154.09322
2011-12-23 14:00:00,108.75447
2011-12-23 15:00:00,110.37782
2011-12-23 16:00:00,141.6463
2011-12-23 17:00:00,125.070786
2011-12-23 18:00:00,158.64787
2011-12-23 19:00:00,148.75253
2011-12-23 20:00:00,149.89658
2011-12-23 21:00:00,170.13657
2011-12-23 22:00:00,205.95187
2011-12-23 23:00:00,154.12039
2011-12-24 00:00:00,147.83014
2011-12-24 01:00:00,147.94014
2011-12-24 02:00:00,152.70808
2011-12-24 03:00:00,129.4196
2011-12-24 04:00:00,179.22098
2011-12-24 05:00:00,179.22104
2011-12-24 06:00:00,148.90266
2011-12-24 07:00:00,170.15643
2011-12-24 08:00:00,148.48267
2011-12-24 09:00:00,196.53784
2011-12-24 10:00:00,166.44485
2011-12-24 11:00:00,208.33252
2011-12-24 12:00:00,203.75174
2011-12-24 13:00:00,192.565
2011-12-24 14:00:00,192.62009
2011-12-24 15:00:00,194.54375
2011-12-24 16:00:00,203.18723
2011-12-24 17:00:00,144.99866
2011-12-24 18:00:00,166.44836
2011-12-24 19:00:00,140.30548
2011-12-24 20:00:00,107.44536
2011-12-24 21:00:00,113.73056
2011-12-24 22:00:00,94.26806
2011-12-24 23:00:00,80.36464
2011-12-25 00:00:00,120.466576
2011-12-25 01:00:00,85.89891
2011-12-25 02:00:00,67.58992
2011-12-25 03:00:00,68.0293
2011-12-25 05:00:00,69.414406
2011-12-25 06:00:00,69.415054
2011-12-25 07:00:00,83.39328
2011-12-25 08:00:00,92.859085
2011-12-25 09:00:00,98.98978
2011-12-25 10:00:00,136.89041
2011-12-25 11:00:00,158.80145
2011-12-25 12:00:00,160.1728
2011-12-25 13:00:00,169.1193
2011-12-25 14:00:00,185.33775
2011-12-25 15:00:00,156.16046
2011-12-25 16:00:00,136.66917
2011-12-25 17:00:00,140.21368
2011-12-25 18:00:00,177.0097
2011-12-25 19:00:00,141.21352
2011-12-25 20:00:00,135.73834
2011-12-25 21:00:00,139.17596
2011-12-25 22:00:00,139.15173
2011-12-25 23:00:00,108.45458
2011-12-26 00:00:00,138.81808
2011-12-26 01:00:00,162.22223
2011-12-26 02:00:00,191.34476
2011-12-26 04:00:00,164.5679
2011-12-26 05:00:00,194.40488
2011-12-26 06:00:00,197.49055
2011-12-26 07:00:00,200.34866
2011-12-26 08:00:00,175.35938
2011-12-26 09:00:00,164.56665
2011-12-26 10:00:00,180.33902
2011-12-26 11:00:00,158.81158
2011-12-26 12:00:00,207.87296
2011-12-26 13:00:00,181.61194
2011-12-26 14:00:00,180.67197
2011-12-26 15:00:00,193.52444
2011-12-26 16:00:00,187.66187
2011-12-26 17:00:00,191.34238
2011-12-26 18:00:00,156.20618
2011-12-26 19:00:00,158.09293
2011-12-26 20:00:00,172.97409
2011-12-26 21:00:00,87.56361
2011-12-26 22:00:00,87.60373
2011-12-26 23:00:00,118.503174
2011-12-27 00:00:00,149.52557
2011-12-27 01:00:00,127.31821
2011-12-27 02:00:00,127.318855
2011-12-27 03:00:00,133.89853
2011-12-27 04:00:00,160.33807
2011-12-27 05:00:00,137.25702
2011-12-27 06:00:00,117.53827
2011-12-27 07:00:00,140.28757
2011-12-27 08:00:00,165.01102
2011-12-27 09:00:00,142.5712
2011-12-27 10:00:00,155.89633
2011-12-27 11:00:00,142.57172
2011-12-27 12:00:00,131.70963
2011-12-27 13:00:00,165.55127
2011-12-27 14:00:00,121.2879
2011-12-27 15:00:00,121.28795
2011-12-27 16:00:00,110.73659
2011-12-27 17:00:00,120.42806
2011-12-27 18:00:00,159.59445
2011-12-27 19:00:00,143.2375
2011-12-27 20:00:00,156.40808
2011-12-27 21:00:00,174.77592
2011-12-27 22:00:00,174.77667
2011-12-27 23:00:00,120.89375
2011-12-28 00:00:00,176.38968
2011-12-28 01:00:00,165.3168
2011-12-28 02:00:00,155.65512
2011-12-28 03:00:00,155.65573
2011-12-28 05:00:00,195.89267
2011-12-28 06:00:00,129.31084
2011-12-28 07:00:00,129.31137
2011-12-28 08:00:00,195.63635
2011-12-28 09:00:00,121.775
2011-12-28 10:00:00,149.77667
2011-12-28 11:00:00,194.41592
2011-12-28 12:00:00,125.27476
2011-12-28 13:00:00,190.95686
2011-12-28 14:00:00,196.11667
2011-12-28 15:00:00,197.0065
2011-12-28 16:00:00,199.46283
2011-12-28 17:00:00,201.94748
2011-12-28 18:00:00,210.95053
2011-12-28 19:00:00,173.5042
2011-12-28 20:00:00,169.47368
2011-12-28 21:00:00,146.45065
2011-12-28 22:00:00,144.84207
2011-12-28 23:00:00,149.14124
2011-12-29 00:00:00,118.94094
2011-12-29 01:00:00,102.142365
2011-12-29 02:00:00,109.591415
2011-12-29 03:00:00,103.61488
2011-12-29 04:00:00,104.93982
2011-12-29 05:00:00,114.43999
2011-12-29 06:00:00,96.11339
2011-12-29 07:00:00,77.04441
2011-12-29 08:00:00,173.4515
2011-12-29 09:00:00,133.37877
2011-12-29 10:00:00,112.444626
2011-12-29 11:00:00,133.63336
2011-12-29 12:00:00,111.993164
2011-12-29 13:00:00,139.01193
2011-12-29 14:00:00,150.23718
2011-12-29 15:00:00,152.51799
2011-12-29 16:00:00,141.09094
2011-12-29 17:00:00,155.81802
2011-12-29 18:00:00,131.58974
2011-12-29 19:00:00,146.68904
2011-12-29 20:00:00,111.025955
2011-12-29 21:00:00,126.25364
2011-12-29 22:00:00,115.18511
2011-12-29 23:00:00,171.68086
2011-12-30 00:00:00,117.97177
2011-12-30 01:00:00,107.447815
2011-12-30 02:00:00,124.88664
2011-12-30 03:00:00,124.889694
2011-12-30 04:00:00,102.32893
2011-12-30 05:00:00,78.36006
2011-12-30 06:00:00,102.698685
2011-12-30 07:00:00,85.1385
2011-12-30 08:00:00,147.90793
2011-12-30 09:00:00,66.70233
2011-12-30 10:00:00,163.92178
2011-12-30 11:00:00,183.38962
2011-12-30 12:00:00,115.150024
2011-12-30 13:00:00,105.87744
2011-12-30 14:00:00,140.13838
2011-12-30 15:00:00,194.07617
2011-12-30 16:00:00,140.89877
2011-12-30 17:00:00,84.983444
2011-12-30 18:00:00,113.906586
2011-12-30 19:00:00,161.84984
2011-12-30 20:00:00,149.80069
2011-12-30 21:00:00,150.48117
2011-12-30 22:00:00,134.6578
2011-12-30 23:00:00,177.76361
2011-12-31 00:00:00,125.44565
2011-12-31 01:00:00,119.57638
2011-12-31 02:00:00,119.5761
2011-12-31 03:00:00,119.57583
2011-12-31 04:00:00,134.16425
2011-12-31 05:00:00,119.50163
2011-12-31 06:00:00,119.21312
2011-12-31 07:00:00,112.375015
2011-12-31 08:00:00,111.66157
2011-12-31 09:00:00,115.57396
2011-12-31 10:00:00,122.291534
2011-12-31 11:00:00,129.68459
2011-12-31 12:00:00,298.78473
2011-12-31 13:00:00,287.95142
2011-12-31 14:00:00,128.07632
2011-12-31 15:00:00,177.34521
2011-12-31 16:00:00,144.66812
2011-12-31 17:00:00,120.25581
2011-12-31 18:00:00,120.15087
2011-12-31 19:00:00,115.6971
2011-12-31 20:00:00,115.69684
2011-12-31 21:00:00,124.05763
2011-12-31 22:00:00,128.92322
2011-12-31 23:00:00,134.02213
2012-01-20 00:00:00,120.591034
2012-01-20 01:00:00,96.60623
2012-01-20 02:00:00,96.447495
2012-01-20 03:00:00,98.191246
2012-01-20 04:00:00,93.50428
2012-01-20 05:00:00,93.50462
2012-01-20 06:00:00,117.41382
2012-01-20 07:00:00,205.58704
2012-01-20 08:00:00,185.3021
2012-01-20 09:00:00,140.16599
2012-01-20 10:00:00,166.3174
2012-01-20 11:00:00,206.27505
2012-01-20 12:00:00,190.66763
2012-01-20 13:00:00,192.40149
2012-01-20 14:00:00,177.37064
2012-01-20 15:00:00,160.65991
2012-01-20 16:00:00,146.33626
2012-01-20 17:00:00,186.34749
2012-01-20 18:00:00,165.8575
2012-01-20 19:00:00,152.68231
2012-01-20 20:00:00,165.85776
2012-01-20 21:00:00,148.55428
2012-01-20 22:00:00,149.47534
2012-01-20 23:00:00,196.03629
2012-01-21 00:00:00,133.92577
2012-01-21 01:00:00,113.13843
2012-01-21 02:00:00,139.55417
2012-01-21 03:00:00,95.52324
2012-01-21 04:00:00,105.77077
2012-01-21 05:00:00,108.88115
2012-01-21 06:00:00,85.94467
2012-01-21 07:00:00,85.91256
2012-01-21 08:00:00,109.43169
2012-01-21 09:00:00,109.43236
2012-01-21 10:00:00,85.699005
2012-01-21 11:00:00,127.320724
2012-01-21 12:00:00,118.96571
2012-01-21 13:00:00,143.46371
2012-01-21 14:00:00,114.0493
2012-01-21 15:00:00,114.04959
2012-01-21 16:00:00,132.63898
2012-01-21 17:00:00,128.8843
2012-01-21 18:00:00,114.37709
2012-01-21 19:00:00,155.67395
2012-01-21 20:00:00,152.58768
2012-01-21 21:00:00,142.85927
2012-01-21 22:00:00,123.82723
2012-01-21 23:00:00,166.41496
2012-01-22 00:00:00,162.39049
2012-01-22 01:00:00,113.489
2012-01-22 02:00:00,115.77716
2012-01-22 03:00:00,96.834625
2012-01-22 04:00:00,113.81008
2012-01-22 05:00:00,118.03079
2012-01-22 06:00:00,139.93924
2012-01-22 07:00:00,139.94011
2012-01-22 08:00:00,139.941
2012-01-22 09:00:00,139.92737
2012-01-22 10:00:00,125.553276
2012-01-22 11:00:00,121.38469
2012-01-22 12:00:00,156.63538
2012-01-22 13:00:00,127.11751
2012-01-22 14:00:00,132.13232
2012-01-22 15:00:00,149.8104
2012-01-22 16:00:00,149.81143
2012-01-22 17:00:00,124.54461
2012-01-22 18:00:00,104.826935
2012-01-22 19:00:00,104.82912
2012-01-22 20:00:00,107.68781
2012-01-22 21:00:00,104.82973
2012-01-22 22:00:00,101.377045
2012-01-22 23:00:00,99.756165
2012-01-23 00:00:00,146.89731
2012-01-23 01:00:00,126.613716
2012-01-23 02:00:00,126.61397
2012-01-23 03:00:00,146.8996
2012-01-23 04:00:00,195.56622
2012-01-23 05:00:00,148.29431
2012-01-23 06:00:00,148.29504
2012-01-23 07:00:00,170.19809
2012-01-23 08:00:00,130.8132
2012-01-23 09:00:00,123.175125
2012-01-23 10:00:00,130.89706
2012-01-23 11:00:00,106.75934
2012-01-23 12:00:00,128.59912
2012-01-23 13:00:00,116.88719
2012-01-23 14:00:00,91.93135
2012-01-23 15:00:00,217.24396
2012-01-23 16:00:00,83.385864
2012-01-23 17:00:00,76.22793
2012-01-23 18:00:00,81.582794
2012-01-23 19:00:00,90.634964
2012-01-23 20:00:00,222.95717
2012-01-23 21:00:00,235.8916
2012-01-23 22:00:00,235.89316
2012-01-23 23:00:00,97.34079
2012-01-24 00:00:00,241.09822
2012-01-24 01:00:00,84.671486
2012-01-24 02:00:00,85.00714
2012-01-24 03:00:00,94.10917
2012-01-24 04:00:00,269.10333
2012-01-24 05:00:00,269.10617
2012-01-24 06:00:00,75.8447
2012-01-24 07:00:00,94.154465
2012-01-24 08:00:00,94.155655
2012-01-24 09:00:00,133.00056
2012-01-24 10:00:00,141.74857
2012-01-24 11:00:00,115.688736
2012-01-24 12:00:00,121.54375
2012-01-24 13:00:00,121.55406
2012-01-24 14:00:00,100.6738
2012-01-24 15:00:00,86.06804
2012-01-24 16:00:00,94.80745
2012-01-24 17:00:00,80.23612
2012-01-24 18:00:00,66.98458
2012-01-24 19:00:00,78.76193
2012-01-24 20:00:00,152.71988
2012-01-24 21:00:00,113.149
2012-01-24 22:00:00,111.24683
2012-01-24 23:00:00,152.69589
2012-01-25 00:00:00,146.11346
2012-01-25 01:00:00,157.76163
2012-01-25 02:00:00,120.7495
2012-01-25 03:00:00,139.11118
2012-01-25 04:00:00,133.67311
2012-01-25 05:00:00,133.67473
2012-01-25 06:00:00,118.88927
2012-01-25 07:00:00,130.45813
2012-01-25 08:00:00,185.21365
2012-01-25 09:00:00,185.21541
2012-01-25 10:00:00,73.7261
2012-01-25 11:00:00,101.61114
2012-01-25 12:00:00,77.34476
2012-01-25 13:00:00,108.43204
2012-01-25 14:00:00,96.72348
2012-01-25 15:00:00,178.7657
2012-01-25 16:00:00,87.92813
2012-01-25 17:00:00,68.16057
2012-01-25 18:00:00,74.637566
2012-01-25 19:00:00,85.168
2012-01-25 20:00:00,95.30518
2012-01-25 21:00:00,106.07544
2012-01-25 22:00:00,124.8638
2012-01-25 23:00:00,65.00697
2012-01-26 00:00:00,82.099045
2012-01-26 01:00:00,77.30557
2012-01-26 02:00:00,83.91116
2012-01-26 03:00:00,74.29944
2012-01-26 04:00:00,98.04987
2012-01-26 05:00:00,90.93657
2012-01-26 06:00:00,80.39179
2012-01-26 07:00:00,72.41948
2012-01-26 08:00:00,72.41968
2012-01-26 09:00:00,89.787155
2012-01-26 10:00:00,86.88722
2012-01-26 11:00:00,109.63367
2012-01-26 12:00:00,70.7996
2012-01-26 13:00:00,102.00238
2012-01-26 14:00:00,92.821724
2012-01-26 15:00:00,83.402626
2012-01-26 16:00:00,86.849884
2012-01-26 17:00:00,91.54567
2012-01-26 18:00:00,91.54553
2012-01-26 19:00:00,77.69548
2012-01-26 20:00:00,33.32698
2012-01-26 21:00:00,77.69589
2012-01-26 22:00:00,48.767326
2012-01-26 23:00:00,49.37078
2012-01-27 00:00:00,41.408134
2012-01-27 01:00:00,114.55003
2012-01-27 02:00:00,23.935728
2012-01-27 03:00:00,81.412254
2012-01-27 04:00:00,112.81086
2012-01-27 05:00:00,86.15069
2012-01-27 06:00:00,108.36038
2012-01-27 07:00:00,104.19005
2012-01-27 08:00:00,112.19327
2012-01-27 09:00:00,112.192986
2012-01-27 10:00:00,78.913925
2012-01-27 11:00:00,44.07612
2012-01-27 12:00:00,109.00731
2012-01-27 13:00:00,114.476364
2012-01-27 14:00:00,100.51886
2012-01-27 15:00:00,80.74146
2012-01-27 16:00:00,43.702362
2012-01-27 17:00:00,78.56825
2012-01-27 18:00:00,107.57272
2012-01-27 19:00:00,118.725006
2012-01-27 20:00:00,96.27536
2012-01-27 21:00:00,172.53223
2012-01-27 22:00:00,121.428825
2012-01-27 23:00:00,170.20377
2012-01-28 00:00:00,133.03232
2012-01-28 01:00:00,117.095795
2012-01-28 02:00:00,82.10044
2012-01-28 03:00:00,85.5282
2012-01-28 04:00:00,101.9017
2012-01-28 05:00:00,58.518604
2012-01-28 06:00:00,70.37703
2012-01-28 07:00:00,55.933067
2012-01-28 08:00:00,81.65063
2012-01-28 09:00:00,54.106552
2012-01-28 10:00:00,83.14975
2012-01-28 11:00:00,116.74181
2012-01-28 12:00:00,135.46051
2012-01-28 13:00:00,113.52164
2012-01-28 14:00:00,109.68335
2012-01-28 15:00:00,75.19803
2012-01-28 16:00:00,240.37158
2012-01-28 17:00:00,218.30469
2012-01-28 18:00:00,252.75568
2012-01-28 19:00:00,246.51712
2012-01-28 20:00:00,292.63312
2012-01-28 21:00:00,255.43259
2012-01-28 22:00:00,247.46082
2012-01-28 23:00:00,225.82146
2012-01-29 00:00:00,187.01558
2012-01-29 01:00:00,193.8205
2012-01-29 02:00:00,205.31488
2012-01-29 03:00:00,194.80258
2012-01-29 04:00:00,171.24686
2012-01-29 05:00:00,89.47848
2012-01-29 06:00:00,128.85477
2012-01-29 07:00:00,143.28778
2012-01-29 08:00:00,95.093056
2012-01-29 09:00:00,64.32484
2012-01-29 10:00:00,159.35788
2012-01-29 11:00:00,192.26057
2012-01-29 12:00:00,182.42178
2012-01-29 13:00:00,182.42197
2012-01-29 14:00:00,197.99272
2012-01-29 15:00:00,243.00134
2012-01-29 16:00:00,226.23859
2012-01-29 17:00:00,226.23836
2012-01-29 18:00:00,200.28683
2012-01-29 19:00:00,200.74695
2012-01-29 20:00:00,138.82483
2012-01-29 21:00:00,195.98483
2012-01-29 22:00:00,183.29062
2012-01-29 23:00:00,200.01633
2012-01-30 00:00:00,155.22278
2012-01-30 01:00:00,92.405075
2012-01-30 02:00:00,98.02794
2012-01-30 03:00:00,68.002396
2012-01-30 04:00:00,109.74802
2012-01-30 05:00:00,109.37923
2012-01-30 06:00:00,103.40819
2012-01-30 07:00:00,108.6817
2012-01-30 08:00:00,106.33362
2012-01-30 09:00:00,106.142624
2012-01-30 10:00:00,133.11337
2012-01-30 11:00:00,138.73022
2012-01-30 12:00:00,136.6762
2012-01-30 13:00:00,159.24457
2012-01-30 14:00:00,209.6806
2012-01-30 15:00:00,200.16623
2012-01-30 16:00:00,209.37485
2012-01-30 17:00:00,222.32086
2012-01-30 18:00:00,215.94092
2012-01-30 19:00:00,159.54428
2012-01-30 20:00:00,159.28775
2012-01-30 21:00:00,156.58553
2012-01-30 22:00:00,90.08188
2012-01-30 23:00:00,78.99335
2012-01-31 00:00:00,124.15958
2012-01-31 01:00:00,129.12213
2012-01-31 02:00:00,132.59923
2012-01-31 03:00:00,142.98312
2012-01-31 04:00:00,118.504654
2012-01-31 05:00:00,118.50496
2012-01-31 06:00:00,90.8506
2012-01-31 07:00:00,68.82571
2012-01-31 08:00:00,56.613693
2012-01-31 09:00:00,118.02031
2012-01-31 10:00:00,83.51932
2012-01-31 11:00:00,200.89223
2012-01-31 12:00:00,206.43686
2012-01-31 13:00:00,263.18707
2012-01-31 14:00:00,240.37741
2012-01-31 15:00:00,233.67963
2012-01-31 16:00:00,233.67989
2012-01-31 17:00:00,238.47629
2012-01-31 18:00:00,260.57782
2012-01-31 19:00:00,243.6586
2012-01-31 20:00:00,68.67557
2012-01-31 21:00:00,204.40013
2012-01-31 22:00:00,218.05133
2012-01-31 23:00:00,226.16614
2012-02-20 00:00:00,164.90198
2012-02-20 01:00:00,164.90268
2012-02-20 02:00:00,164.90338
2012-02-20 03:00:00,200.69101
2012-02-20 05:00:00,155.65656
2012-02-20 06:00:00,148.21942
2012-02-20 07:00:00,139.01738
2012-02-20 08:00:00,153.7904
2012-02-20 09:00:00,153.79047
2012-02-20 10:00:00,158.38396
2012-02-20 11:00:00,115.0891
2012-02-20 12:00:00,124.59363
2012-02-20 13:00:00,125.056244
2012-02-20 14:00:00,136.58476
2012-02-20 15:00:00,186.87448
2012-02-20 16:00:00,194.38922
2012-02-20 17:00:00,220.77322
2012-02-20 18:00:00,186.87386
2012-02-20 19:00:00,186.87366
2012-02-20 20:00:00,183.3244
2012-02-20 21:00:00,92.2784
2012-02-20 22:00:00,165.2524
2012-02-20 23:00:00,100.70609
2012-02-21 00:00:00,129.85938
2012-02-21 01:00:00,104.06874
2012-02-21 02:00:00,125.71556
2012-02-21 04:00:00,157.0708
2012-02-21 05:00:00,167.35614
2012-02-21 06:00:00,169.11743
2012-02-21 07:00:00,157.07559
2012-02-21 08:00:00,142.86865
2012-02-21 09:00:00,181.62798
2012-02-21 10:00:00,223.67845
2012-02-21 11:00:00,187.62955
2012-02-21 12:00:00,195.36833
2012-02-21 13:00:00,162.9021
2012-02-21 14:00:00,246.33473
2012-02-21 15:00:00,162.90195
2012-02-21 16:00:00,198.89908
2012-02-21 17:00:00,176.78741
2012-02-21 18:00:00,176.78621
2012-02-21 19:00:00,193.8419
2012-02-21 20:00:00,149.43396
2012-02-21 21:00:00,157.18683
2012-02-21 22:00:00,143.18018
2012-02-21 23:00:00,188.85092
2012-02-22 00:00:00,175.93628
2012-02-22 01:00:00,129.05142
2012-02-22 02:00:00,164.58868
2012-02-22 03:00:00,103.54065
2012-02-22 04:00:00,141.70851
2012-02-22 05:00:00,131.38782
2012-02-22 06:00:00,116.52263
2012-02-22 07:00:00,156.90323
2012-02-22 08:00:00,195.32101
2012-02-22 09:00:00,183.5808
2012-02-22 10:00:00,187.43736
2012-02-22 11:00:00,172.31894
2012-02-22 12:00:00,149.25507
2012-02-22 13:00:00,145.92838
2012-02-22 14:00:00,160.94833
2012-02-22 15:00:00,302.07468
2012-02-22 16:00:00,312.8372
2012-02-22 17:00:00,305.55145
2012-02-22 18:00:00,231.62025
2012-02-22 19:00:00,236.53036
2012-02-22 20:00:00,157.59477
2012-02-22 21:00:00,234.36333
2012-02-22 22:00:00,165.70236
2012-02-22 23:00:00,221.61542
2012-02-23 00:00:00,147.36621
2012-02-23 01:00:00,150.59996
2012-02-23 02:00:00,149.53369
2012-02-23 03:00:00,143.68881
2012-02-23 04:00:00,107.028
2012-02-23 05:00:00,107.02919
2012-02-23 06:00:00,212.74742
2012-02-23 07:00:00,131.13126
2012-02-23 08:00:00,207.38237
2012-02-23 09:00:00,117.071106
2012-02-23 10:00:00,155.85101
2012-02-23 11:00:00,189.91568
2012-02-23 12:00:00,243.69601
2012-02-23 13:00:00,250.02252
2012-02-23 14:00:00,274.43848
2012-02-23 15:00:00,259.30804
2012-02-23 16:00:00,264.52368
2012-02-23 17:00:00,271.16507
2012-02-23 18:00:00,263.44647
2012-02-23 19:00:00,213.14262
2012-02-23 20:00:00,175.7113
2012-02-23 21:00:00,143.77252
2012-02-23 22:00:00,141.0296
2012-02-23 23:00:00,95.68463
2012-02-24 00:00:00,85.380905
2012-02-24 01:00:00,147.3816
2012-02-24 02:00:00,96.93465
2012-02-24 03:00:00,59.376053
2012-02-24 04:00:00,149.21732
2012-02-24 05:00:00,170.41788
2012-02-24 06:00:00,190.89774
2012-02-24 07:00:00,101.810486
2012-02-24 08:00:00,153.55865
2012-02-24 09:00:00,102.59097
2012-02-24 10:00:00,104.086365
2012-02-24 11:00:00,109.8057
2012-02-24 12:00:00,109.09935
2012-02-24 13:00:00,111.559235
2012-02-24 14:00:00,142.23148
2012-02-24 15:00:00,148.32352
2012-02-24 16:00:00,147.9455
2012-02-24 17:00:00,98.479774
2012-02-24 18:00:00,116.84825
2012-02-24 19:00:00,155.97449
2012-02-24 20:00:00,173.3046
2012-02-24 21:00:00,197.47836
2012-02-24 22:00:00,185.89957
2012-02-24 23:00:00,184.90875
2012-02-25 00:00:00,180.30469
2012-02-25 01:00:00,182.32634
2012-02-25 02:00:00,210.26614
2012-02-25 03:00:00,133.52235
2012-02-25 04:00:00,93.09746
2012-02-25 05:00:00,81.055954
2012-02-25 06:00:00,81.056046
2012-02-25 07:00:00,99.147736
2012-02-25 08:00:00,95.90026
2012-02-25 09:00:00,120.75037
2012-02-25 10:00:00,156.75113
2012-02-25 11:00:00,96.99527
2012-02-25 12:00:00,189.43143
2012-02-25 13:00:00,199.17688
2012-02-25 14:00:00,199.40677
2012-02-25 15:00:00,195.97495
2012-02-25 16:00:00,199.10326
2012-02-25 17:00:00,134.99045
2012-02-25 18:00:00,160.46188
2012-02-25 19:00:00,146.76106
2012-02-25 20:00:00,147.52708
2012-02-25 21:00:00,90.017334
2012-02-25 22:00:00,99.12015
2012-02-25 23:00:00,74.16131
2012-02-26 00:00:00,55.04206
2012-02-26 01:00:00,77.61165
2012-02-26 02:00:00,77.61201
2012-02-26 03:00:00,53.423973
2012-02-26 04:00:00,53.424416
2012-02-26 05:00:00,62.459328
2012-02-26 06:00:00,74.17755
2012-02-26 07:00:00,85.340576
2012-02-26 08:00:00,97.83792
2012-02-26 09:00:00,83.2558
2012-02-26 10:00:00,52.94819
2012-02-26 11:00:00,44.716187
2012-02-26 12:00:00,69.18585
2012-02-26 13:00:00,125.0784
2012-02-26 14:00:00,157.22641
2012-02-26 15:00:00,161.1716
2012-02-26 16:00:00,184.87994
2012-02-26 17:00:00,181.57404
2012-02-26 18:00:00,151.38937
2012-02-26 19:00:00,165.59283
2012-02-26 20:00:00,111.20137
2012-02-26 21:00:00,131.20401
2012-02-26 22:00:00,70.2648
2012-02-26 23:00:00,109.36296
2012-02-27 00:00:00,148.96274
2012-02-27 01:00:00,148.31537
2012-02-27 02:00:00,166.45618
2012-02-27 03:00:00,222.23935
2012-02-27 04:00:00,207.30923
2012-02-27 05:00:00,207.31113
2012-02-27 06:00:00,204.96204
2012-02-27 07:00:00,162.42944
2012-02-27 08:00:00,141.77017
2012-02-27 09:00:00,127.29559
2012-02-27 10:00:00,185.02032
2012-02-27 11:00:00,179.0458
2012-02-27 12:00:00,197.79993
2012-02-27 13:00:00,185.38977
2012-02-27 14:00:00,213.05557
2012-02-27 15:00:00,266.63043
2012-02-27 16:00:00,260.95898
2012-02-27 17:00:00,253.09439
2012-02-27 18:00:00,300.9759
2012-02-27 19:00:00,252.99048
2012-02-27 20:00:00,268.34204
2012-02-27 21:00:00,213.2687
2012-02-27 22:00:00,206.2143
2012-02-27 23:00:00,157.24908
2012-02-28 00:00:00,130.98853
2012-02-28 01:00:00,104.43442
2012-02-28 02:00:00,99.17404
2012-02-28 03:00:00,202.25305
2012-02-28 04:00:00,155.42354
2012-02-28 05:00:00,155.42311
2012-02-28 06:00:00,125.08131
2012-02-28 07:00:00,88.138306
2012-02-28 08:00:00,108.109085
2012-02-28 09:00:00,79.11926
2012-02-28 10:00:00,105.82762
2012-02-28 11:00:00,169.92107
2012-02-28 12:00:00,175.51996
2012-02-28 13:00:00,197.70486
2012-02-28 14:00:00,191.17322
2012-02-28 15:00:00,204.17386
2012-02-28 16:00:00,186.87032
2012-02-28 17:00:00,204.17413
2012-02-28 18:00:00,186.96893
2012-02-28 19:00:00,190.10635
2012-02-28 20:00:00,191.0924
2012-02-28 21:00:00,153.55614
2012-02-28 22:00:00,153.55667
2012-02-28 23:00:00,130.50258
2012-02-29 00:00:00,132.19087
2012-02-29 01:00:00,142.53613
2012-02-29 02:00:00,138.01558
2012-02-29 03:00:00,158.92288
2012-02-29 05:00:00,186.10962
2012-02-29 06:00:00,238.05556
2012-02-29 07:00:00,154.44183
2012-02-29 08:00:00,219.12512
2012-02-29 09:00:00,136.91965
2012-02-29 10:00:00,136.92023
2012-02-29 11:00:00,143.92438
2012-02-29 12:00:00,97.8016
2012-02-29 13:00:00,109.752304
2012-02-29 14:00:00,109.833244
2012-02-29 15:00:00,100.55011
2012-02-29 16:00:00,89.23205
2012-02-29 17:00:00,174.75784
2012-02-29 18:00:00,169.61147
2012-02-29 19:00:00,179.94595
2012-02-29 20:00:00,136.72095
2012-02-29 21:00:00,136.72131
2012-02-29 22:00:00,88.29135
2012-02-29 23:00:00,88.29133
2012-03-20 00:00:00,166.91226
2012-03-20 01:00:00,184.67477
2012-03-20 02:00:00,215.15991
2012-03-20 03:00:00,256.07233
2012-03-20 04:00:00,271.0556
2012-03-20 05:00:00,209.08412
2012-03-20 06:00:00,212.30093
2012-03-20 07:00:00,142.46814
2012-03-20 08:00:00,292.2179
2012-03-20 09:00:00,282.46262
2012-03-20 10:00:00,283.2638
2012-03-20 11:00:00,218.02094
2012-03-20 12:00:00,215.96548
2012-03-20 13:00:00,158.88535
2012-03-20 14:00:00,203.91418
2012-03-20 15:00:00,251.92914
2012-03-20 16:00:00,335.13785
2012-03-20 17:00:00,180.34679
2012-03-20 18:00:00,203.96913
2012-03-20 19:00:00,138.125
2012-03-20 20:00:00,155.94464
2012-03-20 21:00:00,152.63846
2012-03-20 22:00:00,156.48245
2012-03-20 23:00:00,169.95285
2012-03-21 00:00:00,205.2308
2012-03-21 01:00:00,226.18274
2012-03-21 02:00:00,343.94196
2012-03-21 03:00:00,352.37592
2012-03-21 04:00:00,286.91333
2012-03-21 05:00:00,286.8879
2012-03-21 06:00:00,249.31482
2012-03-21 07:00:00,133.86542
2012-03-21 08:00:00,190.5677
2012-03-21 09:00:00,313.28116
2012-03-21 10:00:00,276.7423
2012-03-21 11:00:00,276.7446
2012-03-21 12:00:00,279.28378
2012-03-21 13:00:00,200.13333
2012-03-21 14:00:00,214.73264
2012-03-21 15:00:00,214.73297
2012-03-21 16:00:00,188.32712
2012-03-21 17:00:00,223.15784
2012-03-21 18:00:00,222.21591
2012-03-21 19:00:00,303.81305
2012-03-21 20:00:00,127.5541
2012-03-21 21:00:00,214.04424
2012-03-21 22:00:00,244.90948
2012-03-21 23:00:00,187.80975
2012-03-22 00:00:00,207.11948
2012-03-22 01:00:00,207.11896
2012-03-22 02:00:00,207.11845
2012-03-22 03:00:00,207.11795
2012-03-22 04:00:00,225.7041
2012-03-22 05:00:00,225.46832
2012-03-22 06:00:00,225.46902
2012-03-22 07:00:00,225.46976
2012-03-22 08:00:00,217.2131
2012-03-22 09:00:00,217.21318
2012-03-22 10:00:00,209.18198
2012-03-22 11:00:00,180.82693
2012-03-22 12:00:00,268.25986
2012-03-22 13:00:00,165.57562
2012-03-22 14:00:00,237.76376
2012-03-22 15:00:00,322.3768
2012-03-22 16:00:00,328.89783
2012-03-22 17:00:00,375.04303
2012-03-22 18:00:00,375.04413
2012-03-22 19:00:00,357.10297
2012-03-22 20:00:00,264.7729
2012-03-22 21:00:00,162.30945
2012-03-22 22:00:00,205.83243
2012-03-22 23:00:00,167.51529
2012-03-23 00:00:00,162.40184
2012-03-23 01:00:00,184.57724
2012-03-23 02:00:00,212.38982
2012-03-23 03:00:00,257.5367
2012-03-23 04:00:00,211.75278
2012-03-23 05:00:00,183.87854
2012-03-23 06:00:00,227.9407
2012-03-23 07:00:00,204.23221
2012-03-23 08:00:00,206.34818
2012-03-23 09:00:00,219.18796
2012-03-23 10:00:00,251.2507
2012-03-23 11:00:00,275.45227
2012-03-23 12:00:00,374.89832
2012-03-23 13:00:00,352.63257
2012-03-23 14:00:00,387.18945
2012-03-23 15:00:00,402.71857
2012-03-23 16:00:00,411.4854
2012-03-23 17:00:00,411.48663
2012-03-23 18:00:00,492.74017
2012-03-23 19:00:00,434.3349
2012-03-23 20:00:00,475.3461
2012-03-23 21:00:00,423.8452
2012-03-23 22:00:00,341.22186
2012-03-23 23:00:00,296.00696
2012-03-24 00:00:00,271.02948
2012-03-24 01:00:00,258.6211
2012-03-24 02:00:00,192.99721
2012-03-24 03:00:00,192.99686
2012-03-24 04:00:00,220.48085
2012-03-24 05:00:00,301.46997
2012-03-24 06:00:00,303.44415
2012-03-24 07:00:00,343.04977
2012-03-24 08:00:00,205.42957
2012-03-24 09:00:00,310.157
2012-03-24 10:00:00,309.4547
2012-03-24 11:00:00,205.43028
2012-03-24 12:00:00,150.82245
2012-03-24 13:00:00,145.2659
2012-03-24 14:00:00,195.62413
2012-03-24 15:00:00,147.43924
2012-03-24 16:00:00,150.45195
2012-03-24 17:00:00,206.65338
2012-03-24 18:00:00,145.73917
2012-03-24 19:00:00,188.24362
2012-03-24 20:00:00,146.72499
2012-03-24 21:00:00,146.72507
2012-03-24 22:00:00,146.0235
2012-03-24 23:00:00,214.57982
2012-03-25 00:00:00,207.42184
2012-03-25 01:00:00,167.02548
2012-03-25 02:00:00,135.13013
2012-03-25 03:00:00,142.33237
2012-03-25 04:00:00,181.98717
2012-03-25 05:00:00,183.85028
2012-03-25 06:00:00,183.85043
2012-03-25 07:00:00,182.45029
2012-03-25 08:00:00,182.45029
2012-03-25 09:00:00,177.57368
2012-03-25 10:00:00,258.60013
2012-03-25 11:00:00,177.5741
2012-03-25 12:00:00,179.76547
2012-03-25 13:00:00,259.4445
2012-03-25 14:00:00,279.45575
2012-03-25 15:00:00,279.76483
2012-03-25 16:00:00,172.26346
2012-03-25 17:00:00,195.96832
2012-03-25 18:00:00,200.56183
2012-03-25 19:00:00,210.79599
2012-03-25 20:00:00,150.59212
2012-03-25 21:00:00,131.60782
2012-03-25 22:00:00,171.8645
2012-03-25 23:00:00,156.39946
2012-03-26 00:00:00,186.19711
2012-03-26 01:00:00,196.3091
2012-03-26 02:00:00,277.04227
2012-03-26 03:00:00,225.18999
2012-03-26 04:00:00,212.05484
2012-03-26 05:00:00,259.56656
2012-03-26 06:00:00,226.9454
2012-03-26 07:00:00,252.22112
2012-03-26 08:00:00,260.26532
2012-03-26 09:00:00,187.29324
2012-03-26 10:00:00,323.9641
2012-03-26 11:00:00,291.43573
2012-03-26 12:00:00,283.0666
2012-03-26 13:00:00,308.42786
2012-03-26 14:00:00,223.8128
2012-03-26 15:00:00,300.3144
2012-03-26 16:00:00,325.0816
2012-03-26 17:00:00,347.1989
2012-03-26 18:00:00,302.60596
2012-03-26 19:00:00,294.24365
2012-03-26 20:00:00,298.55533
2012-03-26 21:00:00,310.29175
2012-03-26 22:00:00,250.31912
2012-03-26 23:00:00,300.41846
2012-03-27 00:00:00,271.3847
2012-03-27 01:00:00,255.33961
2012-03-27 02:00:00,227.32748
2012-03-27 03:00:00,236.32925
2012-03-27 04:00:00,209.44345
2012-03-27 05:00:00,127.51799
2012-03-27 06:00:00,112.57854
2012-03-27 07:00:00,112.57924
2012-03-27 08:00:00,166.84647
2012-03-27 09:00:00,91.762085
2012-03-27 10:00:00,149.46799
2012-03-27 11:00:00,227.15971
2012-03-27 12:00:00,214.58617
2012-03-27 13:00:00,218.84915
2012-03-27 14:00:00,238.69203
2012-03-27 15:00:00,232.94211
2012-03-27 16:00:00,232.94238
2012-03-27 17:00:00,238.26112
2012-03-27 18:00:00,250.8107
2012-03-27 19:00:00,237.89636
2012-03-27 20:00:00,250.8128
2012-03-27 21:00:00,225.96341
2012-03-27 22:00:00,219.17825
2012-03-27 23:00:00,215.14183
2012-03-28 00:00:00,194.67714
2012-03-28 01:00:00,201.12253
2012-03-28 02:00:00,228.86703
2012-03-28 03:00:00,251.8273
2012-03-28 04:00:00,215.90234
2012-03-28 05:00:00,215.9035
2012-03-28 06:00:00,200.69362
2012-03-28 07:00:00,214.19084
2012-03-28 08:00:00,185.85669
2012-03-28 09:00:00,226.7198
2012-03-28 10:00:00,246.90756
2012-03-28 11:00:00,226.4056
2012-03-28 12:00:00,274.29718
2012-03-28 13:00:00,261.6431
2012-03-28 14:00:00,391.1156
2012-03-28 15:00:00,377.93237
2012-03-28 16:00:00,388.3908
2012-03-28 17:00:00,337.8105
2012-03-28 18:00:00,337.81116
2012-03-28 19:00:00,345.5547
2012-03-28 20:00:00,421.96857
2012-03-28 21:00:00,287.91156
2012-03-28 22:00:00,288.78387
2012-03-28 23:00:00,207.22662
2012-03-29 00:00:00,222.94168
2012-03-29 01:00:00,285.00244
2012-03-29 02:00:00,434.07764
2012-03-29 03:00:00,378.00204
2012-03-29 04:00:00,246.54716
2012-03-29 05:00:00,166.26389
2012-03-29 06:00:00,220.33994
2012-03-29 07:00:00,239.96281
2012-03-29 08:00:00,254.1972
2012-03-29 09:00:00,262.79974
2012-03-29 10:00:00,280.8172
2012-03-29 11:00:00,257.3185
2012-03-29 12:00:00,326.99365
2012-03-29 13:00:00,233.44318
2012-03-29 14:00:00,254.51361
2012-03-29 15:00:00,301.75818
2012-03-29 16:00:00,301.31055
2012-03-29 17:00:00,265.72202
2012-03-29 18:00:00,272.56116
2012-03-29 19:00:00,175.77414
2012-03-29 20:00:00,220.939
2012-03-29 21:00:00,174.05014
2012-03-29 22:00:00,182.83887
2012-03-29 23:00:00,205.31805
2012-03-30 00:00:00,211.05722
2012-03-30 01:00:00,197.3523
2012-03-30 02:00:00,204.46005
2012-03-30 03:00:00,228.7379
2012-03-30 04:00:00,201.8558
2012-03-30 05:00:00,181.33844
2012-03-30 06:00:00,207.54474
2012-03-30 07:00:00,200.99632
2012-03-30 08:00:00,155.80742
2012-03-30 09:00:00,218.66219
2012-03-30 10:00:00,187.27371
2012-03-30 11:00:00,195.28967
2012-03-30 12:00:00,182.85205
2012-03-30 13:00:00,134.84767
2012-03-30 14:00:00,154.45871
2012-03-30 15:00:00,155.78212
2012-03-30 16:00:00,180.77356
2012-03-30 17:00:00,218.79669
2012-03-30 18:00:00,225.38864
2012-03-30 19:00:00,227.24704
2012-03-30 20:00:00,227.06076
2012-03-30 21:00:00,158.26385
2012-03-30 22:00:00,176.28519
2012-03-30 23:00:00,178.09772
2012-03-31 00:00:00,151.08636
2012-03-31 01:00:00,240.57138
2012-03-31 02:00:00,223.48181
2012-03-31 03:00:00,152.1102
2012-03-31 04:00:00,183.51364
2012-03-31 05:00:00,157.03418
2012-03-31 06:00:00,163.44536
2012-03-31 07:00:00,163.44626
2012-03-31 08:00:00,160.44376
2012-03-31 09:00:00,240.58372
2012-03-31 10:00:00,223.57074
2012-03-31 11:00:00,179.63425
2012-03-31 12:00:00,160.48291
2012-03-31 13:00:00,295.06403
2012-03-31 14:00:00,252.89255
2012-03-31 15:00:00,280.0458
2012-03-31 16:00:00,240.93245
2012-03-31 17:00:00,233.17818
2012-03-31 18:00:00,294.04718
2012-03-31 19:00:00,220.58136
2012-03-31 20:00:00,248.80865
2012-03-31 21:00:00,248.80833
2012-03-31 22:00:00,219.31505
2012-03-31 23:00:00,131.02728
2012-04-20 00:00:00,217.51495
2012-04-20 01:00:00,290.44693
2012-04-20 02:00:00,340.45483
2012-04-20 03:00:00,320.86404
2012-04-20 04:00:00,270.37375
2012-04-20 05:00:00,192.7468
2012-04-20 06:00:00,279.08435
2012-04-20 07:00:00,192.74814
2012-04-20 08:00:00,208.74457
2012-04-20 09:00:00,258.6977
2012-04-20 10:00:00,323.85718
2012-04-20 11:00:00,267.84064
2012-04-20 12:00:00,310.79193
2012-04-20 13:00:00,521.4583
2012-04-20 14:00:00,450.60342
2012-04-20 15:00:00,393.74725
2012-04-20 16:00:00,452.23776
2012-04-20 17:00:00,410.1374
2012-04-20 18:00:00,322.13068
2012-04-20 19:00:00,343.15973
2012-04-20 20:00:00,310.30463
2012-04-20 21:00:00,242.05714
2012-04-20 22:00:00,296.2169
2012-04-20 23:00:00,221.03285
2012-04-21 00:00:00,195.07309
2012-04-21 01:00:00,195.07336
2012-04-21 02:00:00,175.76831
2012-04-21 03:00:00,214.58406
2012-04-21 04:00:00,207.12823
2012-04-21 05:00:00,207.12843
2012-04-21 06:00:00,214.58694
2012-04-21 07:00:00,207.21756
2012-04-21 08:00:00,216.25517
2012-04-21 09:00:00,193.8734
2012-04-21 10:00:00,381.0122
2012-04-21 11:00:00,383.76395
2012-04-21 12:00:00,399.216
2012-04-21 13:00:00,387.11502
2012-04-21 14:00:00,465.84683
2012-04-21 15:00:00,590.228
2012-04-21 16:00:00,493.00092
2012-04-21 17:00:00,602.78394
2012-04-21 18:00:00,341.1704
2012-04-21 19:00:00,228.17358
2012-04-21 20:00:00,182.31363
2012-04-21 21:00:00,178.89743
2012-04-21 22:00:00,213.40149
2012-04-21 23:00:00,296.73694
2012-04-22 00:00:00,301.2594
2012-04-22 01:00:00,288.14728
2012-04-22 02:00:00,171.48282
2012-04-22 03:00:00,307.7674
2012-04-22 04:00:00,272.6906
2012-04-22 05:00:00,279.16937
2012-04-22 06:00:00,245.97498
2012-04-22 07:00:00,174.7504
2012-04-22 08:00:00,179.07487
2012-04-22 09:00:00,179.07474
2012-04-22 10:00:00,177.05826
2012-04-22 11:00:00,176.45267
2012-04-22 12:00:00,176.78311
2012-04-22 13:00:00,178.09964
2012-04-22 14:00:00,176.78256
2012-04-22 15:00:00,180.58493
2012-04-22 16:00:00,181.17719
2012-04-22 17:00:00,115.549805
2012-04-22 18:00:00,115.54965
2012-04-22 19:00:00,148.06897
2012-04-22 20:00:00,117.330215
2012-04-22 21:00:00,134.73648
2012-04-22 22:00:00,153.25696
2012-04-22 23:00:00,144.30673
2012-04-23 00:00:00,107.45401
2012-04-23 01:00:00,100.79378
2012-04-23 02:00:00,165.51715
2012-04-23 03:00:00,229.47122
2012-04-23 04:00:00,110.0266
2012-04-23 05:00:00,110.02656
2012-04-23 06:00:00,197.35776
2012-04-23 07:00:00,105.923965
2012-04-23 08:00:00,203.36118
2012-04-23 09:00:00,201.41965
2012-04-23 10:00:00,265.19592
2012-04-23 11:00:00,259.92087
2012-04-23 12:00:00,185.62862
2012-04-23 13:00:00,260.182
2012-04-23 14:00:00,303.93274
2012-04-23 15:00:00,308.1153
2012-04-23 16:00:00,108.926865
2012-04-23 17:00:00,112.00186
2012-04-23 18:00:00,134.54465
2012-04-23 19:00:00,225.84393
2012-04-23 20:00:00,230.39432
2012-04-23 21:00:00,260.97177
2012-04-23 22:00:00,193.92343
2012-04-23 23:00:00,188.18016
2012-04-24 00:00:00,254.88208
2012-04-24 01:00:00,299.70923
2012-04-24 02:00:00,218.96558
2012-04-24 03:00:00,235.51633
2012-04-24 04:00:00,202.2533
2012-04-24 05:00:00,202.2558
2012-04-24 06:00:00,216.6011
2012-04-24 07:00:00,243.71399
2012-04-24 08:00:00,269.9026
2012-04-24 09:00:00,198.35043
2012-04-24 10:00:00,188.99103
2012-04-24 11:00:00,297.66846
2012-04-24 12:00:00,295.289
2012-04-24 13:00:00,292.78796
2012-04-24 14:00:00,346.83426
2012-04-24 15:00:00,392.52075
2012-04-24 16:00:00,299.15723
2012-04-24 17:00:00,392.64365
2012-04-24 18:00:00,306.9525
2012-04-24 19:00:00,336.94867
2012-04-24 20:00:00,326.8169
2012-04-24 21:00:00,307.15714
2012-04-24 22:00:00,243.12367
2012-04-24 23:00:00,210.19904
2012-04-25 00:00:00,216.94162
2012-04-25 01:00:00,205.59613
2012-04-25 02:00:00,255.0875
2012-04-25 03:00:00,218.64864
2012-04-25 04:00:00,177.46356
2012-04-25 05:00:00,156.83177
2012-04-25 06:00:00,156.77069
2012-04-25 07:00:00,176.15485
2012-04-25 08:00:00,200.55368
2012-04-25 09:00:00,202.17914
2012-04-25 10:00:00,227.99667
2012-04-25 11:00:00,245.68842
2012-04-25 12:00:00,292.36728
2012-04-25 13:00:00,309.0025
2012-04-25 14:00:00,363.79053
2012-04-25 15:00:00,352.69348
2012-04-25 16:00:00,374.4419
2012-04-25 17:00:00,358.477
2012-04-25 18:00:00,353.9306
2012-04-25 19:00:00,335.49847
2012-04-25 20:00:00,311.99393
2012-04-25 21:00:00,260.55032
2012-04-25 22:00:00,152.57559
2012-04-25 23:00:00,165.28293
2012-04-26 00:00:00,148.48523
2012-04-26 01:00:00,151.66632
2012-04-26 02:00:00,166.28828
2012-04-26 03:00:00,171.21986
2012-04-26 04:00:00,130.45804
2012-04-26 05:00:00,198.72534
2012-04-26 06:00:00,169.5042
2012-04-26 07:00:00,184.06496
2012-04-26 08:00:00,189.32672
2012-04-26 09:00:00,158.36993
2012-04-26 10:00:00,194.9082
2012-04-26 11:00:00,211.24414
2012-04-26 12:00:00,274.0258
2012-04-26 13:00:00,272.66815
2012-04-26 14:00:00,262.8916
2012-04-26 15:00:00,259.90427
2012-04-26 16:00:00,267.22836
2012-04-26 17:00:00,221.76999
2012-04-26 18:00:00,264.9876
2012-04-26 19:00:00,273.2563
2012-04-26 20:00:00,238.3806
2012-04-26 21:00:00,222.70987
2012-04-26 22:00:00,213.85011
2012-04-26 23:00:00,242.6257
2012-04-27 00:00:00,340.39032
2012-04-27 01:00:00,324.7057
2012-04-27 02:00:00,287.59906
2012-04-27 03:00:00,265.76678
2012-04-27 04:00:00,215.4007
2012-04-27 05:00:00,281.5241
2012-04-27 06:00:00,196.59595
2012-04-27 07:00:00,171.17392
2012-04-27 08:00:00,187.32678
2012-04-27 09:00:00,296.92902
2012-04-27 10:00:00,292.81055
2012-04-27 11:00:00,271.52863
2012-04-27 12:00:00,286.60065
2012-04-27 13:00:00,321.7378
2012-04-27 14:00:00,308.2551
2012-04-27 15:00:00,351.60822
2012-04-27 16:00:00,319.58453
2012-04-27 17:00:00,410.10928
2012-04-27 18:00:00,393.48163
2012-04-27 19:00:00,402.26508
2012-04-27 20:00:00,293.72058
2012-04-27 21:00:00,296.49905
2012-04-27 22:00:00,172.22014
2012-04-27 23:00:00,185.01106
2012-04-28 00:00:00,270.7614
2012-04-28 01:00:00,194.66498
2012-04-28 02:00:00,238.69934
2012-04-28 03:00:00,172.81758
2012-04-28 04:00:00,154.16312
2012-04-28 05:00:00,231.14911
2012-04-28 06:00:00,144.60991
2012-04-28 07:00:00,153.82356
2012-04-28 08:00:00,276.6595
2012-04-28 09:00:00,245.37665
2012-04-28 10:00:00,269.27673
2012-04-28 11:00:00,247.2201
2012-04-28 12:00:00,237.16937
2012-04-28 13:00:00,233.2226
2012-04-28 14:00:00,226.66402
2012-04-28 15:00:00,210.66455
2012-04-28 16:00:00,230.59468
2012-04-28 17:00:00,230.4469
2012-04-28 18:00:00,124.2099
2012-04-28 19:00:00,113.9142
2012-04-28 20:00:00,151.0282
2012-04-28 21:00:00,116.19083
2012-04-28 22:00:00,156.79994
2012-04-28 23:00:00,235.20132
2012-04-29 00:00:00,172.04227
2012-04-29 01:00:00,220.54446
2012-04-29 02:00:00,201.50427
2012-04-29 03:00:00,186.72043
2012-04-29 04:00:00,209.13802
2012-04-29 05:00:00,127.23244
2012-04-29 06:00:00,144.12134
2012-04-29 07:00:00,157.074
2012-04-29 08:00:00,180.77829
2012-04-29 09:00:00,140.14221
2012-04-29 10:00:00,99.73704
2012-04-29 11:00:00,129.81232
2012-04-29 12:00:00,218.53188
2012-04-29 13:00:00,232.58243
2012-04-29 14:00:00,255.0433
2012-04-29 15:00:00,347.8213
2012-04-29 16:00:00,471.9981
2012-04-29 17:00:00,489.85992
2012-04-29 18:00:00,487.3919
2012-04-29 19:00:00,344.14328
2012-04-29 20:00:00,337.4762
2012-04-29 21:00:00,213.15714
2012-04-29 22:00:00,216.72134
2012-04-29 23:00:00,102.665
2012-04-30 00:00:00,192.98611
2012-04-30 01:00:00,228.15118
2012-04-30 02:00:00,212.61649
2012-04-30 03:00:00,247.91574
2012-04-30 04:00:00,227.29156
2012-04-30 05:00:00,226.05237
2012-04-30 06:00:00,151.70813
2012-04-30 07:00:00,172.58882
2012-04-30 08:00:00,205.77625
2012-04-30 09:00:00,190.87247
2012-04-30 10:00:00,226.39606
2012-04-30 11:00:00,249.0505
2012-04-30 12:00:00,202.73999
2012-04-30 13:00:00,138.97537
2012-04-30 14:00:00,202.03783
2012-04-30 15:00:00,194.44876
2012-04-30 16:00:00,262.25177
2012-04-30 17:00:00,265.23486
2012-04-30 18:00:00,285.12262
2012-04-30 19:00:00,231.63254
2012-04-30 20:00:00,224.23332
2012-04-30 21:00:00,224.23428
2012-04-30 22:00:00,236.79399
2012-04-30 23:00:00,230.4409
2012-05-20 00:00:00,247.44708
2012-05-20 01:00:00,244.7261
2012-05-20 02:00:00,244.72629
2012-05-20 03:00:00,157.42563
2012-05-20 04:00:00,92.3444
2012-05-20 05:00:00,55.995476
2012-05-20 06:00:00,103.59492
2012-05-20 07:00:00,87.280014
2012-05-20 08:00:00,246.70767
2012-05-20 09:00:00,576.807
2012-05-20 10:00:00,614.35266
2012-05-20 11:00:00,617.4553
2012-05-20 12:00:00,621.11633
2012-05-20 13:00:00,617.6064
2012-05-20 14:00:00,591.06525
2012-05-20 15:00:00,543.98334
2012-05-20 16:00:00,505.8244
2012-05-20 17:00:00,486.0756
2012-05-20 18:00:00,474.05176
2012-05-20 19:00:00,371.84213
2012-05-20 20:00:00,371.84143
2012-05-20 21:00:00,261.41803
2012-05-20 22:00:00,133.83638
2012-05-20 23:00:00,122.0234
2012-05-21 00:00:00,182.71516
2012-05-21 01:00:00,174.50327
2012-05-21 02:00:00,128.10475
2012-05-21 03:00:00,195.77452
2012-05-21 04:00:00,140.85529
2012-05-21 05:00:00,140.85486
2012-05-21 06:00:00,140.8544
2012-05-21 07:00:00,140.85397
2012-05-21 08:00:00,143.26314
2012-05-21 09:00:00,122.19809
2012-05-21 10:00:00,180.62656
2012-05-21 11:00:00,168.5456
2012-05-21 12:00:00,195.53212
2012-05-21 13:00:00,197.9549
2012-05-21 14:00:00,131.95892
2012-05-21 15:00:00,282.63184
2012-05-21 16:00:00,237.29921
2012-05-21 17:00:00,421.86298
2012-05-21 18:00:00,281.5879
2012-05-21 19:00:00,391.68494
2012-05-21 20:00:00,263.95966
2012-05-21 21:00:00,244.15717
2012-05-21 22:00:00,168.15564
2012-05-21 23:00:00,168.81125
2012-05-22 00:00:00,135.4014
2012-05-22 01:00:00,157.37271
2012-05-22 02:00:00,190.48138
2012-05-22 03:00:00,190.48106
2012-05-22 04:00:00,137.67949
2012-05-22 05:00:00,81.11365
2012-05-22 06:00:00,103.61911
2012-05-22 07:00:00,103.61934
2012-05-22 08:00:00,125.63715
2012-05-22 09:00:00,172.38309
2012-05-22 10:00:00,195.1586
2012-05-22 11:00:00,269.18204
2012-05-22 12:00:00,186.81834
2012-05-22 13:00:00,265.20312
2012-05-22 14:00:00,265.75714
2012-05-22 15:00:00,393.94098
2012-05-22 16:00:00,436.95978
2012-05-22 17:00:00,447.136
2012-05-22 18:00:00,411.60168
2012-05-22 19:00:00,408.47455
2012-05-22 20:00:00,273.843
2012-05-22 21:00:00,130.5808
2012-05-22 22:00:00,175.81488
2012-05-22 23:00:00,148.866
2012-05-23 00:00:00,139.07635
2012-05-23 01:00:00,80.40663
2012-05-23 02:00:00,124.577866
2012-05-23 03:00:00,146.76773
2012-05-23 04:00:00,87.02675
2012-05-23 05:00:00,119.19755
2012-05-23 06:00:00,210.22554
2012-05-23 07:00:00,190.8136
2012-05-23 08:00:00,190.8128
2012-05-23 09:00:00,232.60736
2012-05-23 10:00:00,222.44542
2012-05-23 11:00:00,281.43484
2012-05-23 12:00:00,360.10144
2012-05-23 13:00:00,350.7846
2012-05-23 14:00:00,406.6669
2012-05-23 15:00:00,366.92712
2012-05-23 16:00:00,379.8151
2012-05-23 17:00:00,279.55878
2012-05-23 18:00:00,279.55945
2012-05-23 19:00:00,139.49979
2012-05-23 20:00:00,224.03299
2012-05-23 21:00:00,294.13818
2012-05-23 22:00:00,137.79443
2012-05-23 23:00:00,157.28894
2012-05-24 00:00:00,260.85098
2012-05-24 01:00:00,306.4368
2012-05-24 02:00:00,297.57867
2012-05-24 03:00:00,164.54445
2012-05-24 04:00:00,105.57713
2012-05-24 05:00:00,105.576645
2012-05-24 06:00:00,105.57616
2012-05-24 07:00:00,197.10042
2012-05-24 08:00:00,145.73824
2012-05-24 09:00:00,114.29802
2012-05-24 10:00:00,288.41525
2012-05-24 11:00:00,376.09595
2012-05-24 12:00:00,414.60553
2012-05-24 13:00:00,527.8726
2012-05-24 14:00:00,529.41675
2012-05-24 15:00:00,494.54852
2012-05-24 16:00:00,486.13013
2012-05-24 17:00:00,484.6222
2012-05-24 18:00:00,478.12286
2012-05-24 19:00:00,366.24847
2012-05-24 20:00:00,328.9207
2012-05-24 21:00:00,114.06713
2012-05-24 22:00:00,202.66977
2012-05-24 23:00:00,183.97063
2012-05-25 00:00:00,221.53949
2012-05-25 01:00:00,268.22833
2012-05-25 02:00:00,240.28488
2012-05-25 03:00:00,149.44034
2012-05-25 04:00:00,208.62181
2012-05-25 05:00:00,171.6154
2012-05-25 06:00:00,149.4372
2012-05-25 07:00:00,126.11249
2012-05-25 08:00:00,176.7945
2012-05-25 09:00:00,174.57819
2012-05-25 10:00:00,335.08066
2012-05-25 11:00:00,343.32068
2012-05-25 12:00:00,412.64642
2012-05-25 13:00:00,321.0006
2012-05-25 14:00:00,323.81238
2012-05-25 15:00:00,327.92938
2012-05-25 16:00:00,517.2848
2012-05-25 17:00:00,359.58417
2012-05-25 18:00:00,327.8999
2012-05-25 19:00:00,358.11084
2012-05-25 20:00:00,376.4706
2012-05-25 21:00:00,408.026
2012-05-25 22:00:00,331.37802
2012-05-25 23:00:00,289.15573
2012-05-26 00:00:00,126.81863
2012-05-26 01:00:00,174.86636
2012-05-26 02:00:00,169.99757
2012-05-26 03:00:00,139.83316
2012-05-26 04:00:00,127.47816
2012-05-26 05:00:00,99.31891
2012-05-26 06:00:00,99.71783
2012-05-26 07:00:00,138.98428
2012-05-26 08:00:00,148.37645
2012-05-26 09:00:00,125.098
2012-05-26 10:00:00,388.8017
2012-05-26 11:00:00,386.3723
2012-05-26 12:00:00,389.35944
2012-05-26 13:00:00,369.67065
2012-05-26 14:00:00,411.08725
2012-05-26 15:00:00,407.54745
2012-05-26 16:00:00,527.3398
2012-05-26 17:00:00,421.15515
2012-05-26 18:00:00,429.17535
2012-05-26 19:00:00,373.7019
2012-05-26 20:00:00,418.54944
2012-05-26 21:00:00,375.8043
2012-05-26 22:00:00,397.7123
2012-05-26 23:00:00,397.71503
2012-05-27 00:00:00,365.9139
2012-05-27 01:00:00,367.40784
2012-05-27 02:00:00,270.4263
2012-05-27 03:00:00,255.02328
2012-05-27 04:00:00,112.69073
2012-05-27 05:00:00,112.683975
2012-05-27 06:00:00,115.606926
2012-05-27 07:00:00,107.73747
2012-05-27 08:00:00,134.72244
2012-05-27 09:00:00,238.35013
2012-05-27 10:00:00,383.46265
2012-05-27 11:00:00,430.151
2012-05-27 12:00:00,396.52594
2012-05-27 13:00:00,403.68652
2012-05-27 14:00:00,420.10425
2012-05-27 15:00:00,500.05133
2012-05-27 16:00:00,500.05206
2012-05-27 17:00:00,479.11627
2012-05-27 18:00:00,411.67993
2012-05-27 19:00:00,403.98285
2012-05-27 20:00:00,538.1195
2012-05-27 21:00:00,337.73053
2012-05-27 22:00:00,180.94702
2012-05-27 23:00:00,119.10381
2012-05-28 00:00:00,153.01004
2012-05-28 01:00:00,172.83458
2012-05-28 02:00:00,152.26439
2012-05-28 03:00:00,152.52951
2012-05-28 04:00:00,109.42505
2012-05-28 05:00:00,109.42433
2012-05-28 06:00:00,152.52779
2012-05-28 07:00:00,166.0939
2012-05-28 08:00:00,372.63757
2012-05-28 09:00:00,423.2293
2012-05-28 10:00:00,423.23044
2012-05-28 11:00:00,454.8349
2012-05-28 12:00:00,359.4229
2012-05-28 13:00:00,410.83942
2012-05-28 14:00:00,410.8402
2012-05-28 15:00:00,427.005
2012-05-28 16:00:00,427.49963
2012-05-28 17:00:00,427.00696
2012-05-28 18:00:00,412.1507
2012-05-28 19:00:00,466.11987
2012-05-28 20:00:00,382.0736
2012-05-28 21:00:00,364.75226
2012-05-28 22:00:00,356.8404
2012-05-28 23:00:00,386.68256
2012-05-29 00:00:00,392.815
2012-05-29 01:00:00,391.1077
2012-05-29 02:00:00,335.0935
2012-05-29 03:00:00,355.2853
2012-05-29 04:00:00,271.54486
2012-05-29 05:00:00,271.54474
2012-05-29 06:00:00,271.54462
2012-05-29 07:00:00,270.69922
2012-05-29 08:00:00,406.2206
2012-05-29 09:00:00,435.64758
2012-05-29 10:00:00,320.912
2012-05-29 11:00:00,360.0896
2012-05-29 12:00:00,466.84082
2012-05-29 13:00:00,455.51657
2012-05-29 14:00:00,454.75708
2012-05-29 15:00:00,416.46753
2012-05-29 16:00:00,452.66156
2012-05-29 17:00:00,467.3899
2012-05-29 18:00:00,446.6525
2012-05-29 19:00:00,461.17627
2012-05-29 20:00:00,355.77875
2012-05-29 21:00:00,108.80489
2012-05-29 22:00:00,197.15585
2012-05-29 23:00:00,162.81302
2012-05-30 00:00:00,133.07947
2012-05-30 01:00:00,108.11537
2012-05-30 02:00:00,159.70464
2012-05-30 03:00:00,112.85715
2012-05-30 04:00:00,142.21202
2012-05-30 05:00:00,139.69415
2012-05-30 06:00:00,116.722404
2012-05-30 07:00:00,87.73482
2012-05-30 08:00:00,141.4844
2012-05-30 09:00:00,226.19232
2012-05-30 10:00:00,195.99594
2012-05-30 11:00:00,354.41016
2012-05-30 12:00:00,369.82147
2012-05-30 13:00:00,418.41724
2012-05-30 14:00:00,459.6092
2012-05-30 15:00:00,504.26624
2012-05-30 16:00:00,534.2355
2012-05-30 17:00:00,467.36874
2012-05-30 18:00:00,522.43945
2012-05-30 19:00:00,526.8167
2012-05-30 20:00:00,253.8635
2012-05-30 21:00:00,396.19757
2012-05-30 22:00:00,368.98206
2012-05-30 23:00:00,378.70074
2012-05-31 00:00:00,281.31067
2012-05-31 01:00:00,282.2799
2012-05-31 02:00:00,284.90414
2012-05-31 03:00:00,228.8223
2012-05-31 04:00:00,210.94925
2012-05-31 05:00:00,213.47565
2012-05-31 06:00:00,59.04138
2012-05-31 07:00:00,187.74713
2012-05-31 08:00:00,311.9985
2012-05-31 09:00:00,354.32278
2012-05-31 10:00:00,461.22113
2012-05-31 11:00:00,445.5281
2012-05-31 12:00:00,470.59998
2012-05-31 13:00:00,508.99728
2012-05-31 14:00:00,522.06036
2012-05-31 15:00:00,513.43604
2012-05-31 16:00:00,510.61407
2012-05-31 17:00:00,548.1581
2012-05-31 18:00:00,517.56464
2012-05-31 19:00:00,526.4452
2012-05-31 20:00:00,401.19647
2012-05-31 21:00:00,401.1966
2012-05-31 22:00:00,364.7872
2012-05-31 23:00:00,337.19345
2012-06-20 00:00:00,254.59808
2012-06-20 01:00:00,294.35522
2012-06-20 02:00:00,252.97525
2012-06-20 03:00:00,236.21187
2012-06-20 04:00:00,217.10843
2012-06-20 05:00:00,217.10773
2012-06-20 06:00:00,266.05304
2012-06-20 07:00:00,304.09253
2012-06-20 08:00:00,180.38138
2012-06-20 09:00:00,219.40616
2012-06-20 10:00:00,592.21185
2012-06-20 11:00:00,582.4656
2012-06-20 12:00:00,521.1711
2012-06-20 13:00:00,473.875
2012-06-20 14:00:00,485.01324
2012-06-20 15:00:00,485.9089
2012-06-20 16:00:00,480.06396
2012-06-20 17:00:00,474.1853
2012-06-20 18:00:00,474.18842
2012-06-20 19:00:00,477.68173
2012-06-20 20:00:00,516.2804
2012-06-20 21:00:00,480.76318
2012-06-20 22:00:00,497.3854
2012-06-20 23:00:00,267.61847
2012-06-21 00:00:00,318.28198
2012-06-21 01:00:00,238.87192
2012-06-21 02:00:00,248.87212
2012-06-21 03:00:00,198.47748
2012-06-21 04:00:00,305.23462
2012-06-21 05:00:00,280.79208
2012-06-21 06:00:00,183.34044
2012-06-21 07:00:00,183.06915
2012-06-21 08:00:00,248.16011
2012-06-21 09:00:00,548.871
2012-06-21 10:00:00,447.4846
2012-06-21 11:00:00,557.1548
2012-06-21 12:00:00,537.789
2012-06-21 13:00:00,515.4679
2012-06-21 14:00:00,511.9664
2012-06-21 15:00:00,522.74304
2012-06-21 16:00:00,533.37683
2012-06-21 17:00:00,482.0552
2012-06-21 18:00:00,541.3879
2012-06-21 19:00:00,499.94897
2012-06-21 20:00:00,502.31683
2012-06-21 21:00:00,536.3982
2012-06-21 22:00:00,328.7776
2012-06-21 23:00:00,336.70847
2012-06-22 00:00:00,276.1115
2012-06-22 01:00:00,223.1769
2012-06-22 02:00:00,198.39209
2012-06-22 03:00:00,198.39218
2012-06-22 04:00:00,284.78186
2012-06-22 05:00:00,237.11641
2012-06-22 06:00:00,244.5571
2012-06-22 07:00:00,276.48682
2012-06-22 08:00:00,456.36853
2012-06-22 09:00:00,327.60748
2012-06-22 10:00:00,467.94614
2012-06-22 11:00:00,511.34036
2012-06-22 12:00:00,450.63965
2012-06-22 13:00:00,501.81152
2012-06-22 14:00:00,501.81458
2012-06-22 15:00:00,513.92566
2012-06-22 16:00:00,524.3722
2012-06-22 17:00:00,533.5506
2012-06-22 18:00:00,441.4085
2012-06-22 19:00:00,376.12933
2012-06-22 20:00:00,376.1301
2012-06-22 21:00:00,299.4176
2012-06-22 22:00:00,225.24829
2012-06-22 23:00:00,239.20825
2012-06-23 00:00:00,200.60146
2012-06-23 01:00:00,214.10594
2012-06-23 02:00:00,229.69162
2012-06-23 03:00:00,240.35956
2012-06-23 04:00:00,243.04611
2012-06-23 05:00:00,229.69162
2012-06-23 06:00:00,189.78885
2012-06-23 07:00:00,165.76419
2012-06-23 08:00:00,271.5493
2012-06-23 09:00:00,289.54688
2012-06-23 10:00:00,513.9403
2012-06-23 11:00:00,535.6275
2012-06-23 12:00:00,528.2825
2012-06-23 13:00:00,554.2681
2012-06-23 14:00:00,594.94446
2012-06-23 15:00:00,555.1628
2012-06-23 16:00:00,547.21515
2012-06-23 17:00:00,547.92065
2012-06-23 18:00:00,555.0163
2012-06-23 19:00:00,567.3692
2012-06-23 20:00:00,596.0641
2012-06-23 21:00:00,600.5046
2012-06-23 22:00:00,584.1476
2012-06-23 23:00:00,464.45026
2012-06-24 00:00:00,447.85223
2012-06-24 01:00:00,299.84613
2012-06-24 02:00:00,330.38824
2012-06-24 03:00:00,273.65277
2012-06-24 04:00:00,306.00574
2012-06-24 05:00:00,176.72305
2012-06-24 06:00:00,194.55789
2012-06-24 07:00:00,175.78934
2012-06-24 08:00:00,338.64734
2012-06-24 09:00:00,466.29932
2012-06-24 10:00:00,528.9313
2012-06-24 11:00:00,544.2198
2012-06-24 12:00:00,567.27344
2012-06-24 13:00:00,574.23444
2012-06-24 14:00:00,544.0361
2012-06-24 15:00:00,524.8504
2012-06-24 16:00:00,543.36597
2012-06-24 17:00:00,542.13855
2012-06-24 18:00:00,544.16156
2012-06-24 19:00:00,570.02496
2012-06-24 20:00:00,506.01144
2012-06-24 21:00:00,498.34525
2012-06-24 22:00:00,476.63702
2012-06-24 23:00:00,341.70035
2012-06-25 00:00:00,283.7809
2012-06-25 01:00:00,309.7188
2012-06-25 02:00:00,289.21948
2012-06-25 03:00:00,337.40613
2012-06-25 04:00:00,423.05798
2012-06-25 05:00:00,406.8933
2012-06-25 06:00:00,397.81848
2012-06-25 07:00:00,392.71472
2012-06-25 08:00:00,316.9074
2012-06-25 09:00:00,266.45184
2012-06-25 10:00:00,574.35455
2012-06-25 11:00:00,492.7871
2012-06-25 12:00:00,423.97668
2012-06-25 13:00:00,517.10864
2012-06-25 14:00:00,524.4193
2012-06-25 15:00:00,598.2811
2012-06-25 16:00:00,589.8497
2012-06-25 17:00:00,600.6226
2012-06-25 18:00:00,607.5365
2012-06-25 19:00:00,601.0465
2012-06-25 20:00:00,614.9955
2012-06-25 21:00:00,534.0252
2012-06-25 22:00:00,516.27576
2012-06-25 23:00:00,545.2814
2012-06-26 00:00:00,476.5152
2012-06-26 01:00:00,462.05658
2012-06-26 02:00:00,377.86453
2012-06-26 03:00:00,366.64392
2012-06-26 04:00:00,378.74908
2012-06-26 05:00:00,282.44708
2012-06-26 06:00:00,180.53992
2012-06-26 07:00:00,203.25555
2012-06-26 08:00:00,308.49243
2012-06-26 09:00:00,416.47253
2012-06-26 10:00:00,452.6339
2012-06-26 11:00:00,524.55334
2012-06-26 12:00:00,560.2538
2012-06-26 13:00:00,589.9125
2012-06-26 14:00:00,589.9143
2012-06-26 15:00:00,595.17065
2012-06-26 16:00:00,584.68713
2012-06-26 17:00:00,575.27563
2012-06-26 18:00:00,582.45105
2012-06-26 19:00:00,571.3367
2012-06-26 20:00:00,567.50275
2012-06-26 21:00:00,558.2805
2012-06-26 22:00:00,525.39905
2012-06-26 23:00:00,410.05896
2012-06-27 00:00:00,419.2218
2012-06-27 01:00:00,424.833
2012-06-27 02:00:00,314.03543
2012-06-27 03:00:00,342.54956
2012-06-27 04:00:00,418.85706
2012-06-27 05:00:00,424.07587
2012-06-27 06:00:00,398.12033
2012-06-27 07:00:00,426.04926
2012-06-27 08:00:00,418.07974
2012-06-27 09:00:00,497.52844
2012-06-27 10:00:00,537.4529
2012-06-27 11:00:00,606.1841
2012-06-27 12:00:00,590.42114
2012-06-27 13:00:00,592.48596
2012-06-27 14:00:00,599.88794
2012-06-27 15:00:00,584.97217
2012-06-27 16:00:00,588.7853
2012-06-27 17:00:00,590.821
2012-06-27 18:00:00,592.1493
2012-06-27 19:00:00,600.3187
2012-06-27 20:00:00,606.83765
2012-06-27 21:00:00,554.084
2012-06-27 22:00:00,435.81866
2012-06-27 23:00:00,379.66397
2012-06-28 00:00:00,353.9998
2012-06-28 01:00:00,342.02042
2012-06-28 02:00:00,345.8069
2012-06-28 03:00:00,345.8078
2012-06-28 04:00:00,244.27078
2012-06-28 05:00:00,305.90717
2012-06-28 06:00:00,305.9079
2012-06-28 07:00:00,244.27165
2012-06-28 08:00:00,360.77734
2012-06-28 09:00:00,415.05603
2012-06-28 10:00:00,488.4784
2012-06-28 11:00:00,570.3896
2012-06-28 12:00:00,519.5885
2012-06-28 13:00:00,523.39636
2012-06-28 14:00:00,540.91724
2012-06-28 15:00:00,540.91833
2012-06-28 16:00:00,514.7704
2012-06-28 17:00:00,505.00214
2012-06-28 18:00:00,533.0989
2012-06-28 19:00:00,554.0856
2012-06-28 20:00:00,563.4755
2012-06-28 21:00:00,481.5375
2012-06-28 22:00:00,478.16238
2012-06-28 23:00:00,447.7599
2012-06-29 00:00:00,428.99792
2012-06-29 01:00:00,443.84366
2012-06-29 02:00:00,210.854
2012-06-29 03:00:00,210.85286
2012-06-29 04:00:00,233.2578
2012-06-29 05:00:00,213.84131
2012-06-29 06:00:00,206.25249
2012-06-29 07:00:00,213.8395
2012-06-29 08:00:00,338.66583
2012-06-29 09:00:00,466.9853
2012-06-29 10:00:00,495.8368
2012-06-29 11:00:00,458.53015
2012-06-29 12:00:00,460.82214
2012-06-29 13:00:00,487.36618
2012-06-29 14:00:00,470.00986
2012-06-29 15:00:00,457.01807
2012-06-29 16:00:00,457.01953
2012-06-29 17:00:00,479.6256
2012-06-29 18:00:00,468.8601
2012-06-29 19:00:00,442.19684
2012-06-29 20:00:00,448.0932
2012-06-29 21:00:00,372.24963
2012-06-29 22:00:00,294.18988
2012-06-29 23:00:00,294.18915
2012-06-30 00:00:00,156.11359
2012-06-30 01:00:00,142.24622
2012-06-30 02:00:00,249.12674
2012-06-30 03:00:00,249.12735
2012-06-30 04:00:00,164.69678
2012-06-30 05:00:00,153.64734
2012-06-30 06:00:00,153.64754
2012-06-30 07:00:00,153.64774
2012-06-30 08:00:00,153.64935
2012-06-30 09:00:00,153.64955
2012-06-30 10:00:00,500.0391
2012-06-30 11:00:00,500.04025
2012-06-30 12:00:00,500.0414
2012-06-30 13:00:00,500.04254
2012-06-30 14:00:00,500.0437
2012-06-30 15:00:00,500.04483
2012-06-30 16:00:00,492.02417
2012-06-30 17:00:00,492.34113
2012-06-30 18:00:00,493.10382
2012-06-30 19:00:00,481.48212
2012-06-30 20:00:00,511.44904
2012-06-30 21:00:00,511.45
2012-06-30 22:00:00,281.21066
2012-06-30 23:00:00,289.32565
2012-07-20 00:00:00,202.06914
2012-07-20 01:00:00,281.0251
2012-07-20 02:00:00,287.04364
2012-07-20 03:00:00,257.6131
2012-07-20 04:00:00,210.21149
2012-07-20 05:00:00,248.57564
2012-07-20 06:00:00,210.2103
2012-07-20 07:00:00,233.05449
2012-07-20 08:00:00,70.50889
2012-07-20 09:00:00,84.111565
2012-07-20 10:00:00,103.06006
2012-07-20 11:00:00,137.24417
2012-07-20 12:00:00,129.14395
2012-07-20 13:00:00,118.55738
2012-07-20 14:00:00,103.70218
2012-07-20 15:00:00,104.514465
2012-07-20 16:00:00,159.31035
2012-07-20 17:00:00,244.90631
2012-07-20 18:00:00,212.55325
2012-07-20 19:00:00,239.01062
2012-07-20 20:00:00,120.55328
2012-07-20 21:00:00,136.23288
2012-07-20 22:00:00,320.29413
2012-07-20 23:00:00,268.8312
2012-07-21 00:00:00,120.543655
2012-07-21 01:00:00,122.90349
2012-07-21 02:00:00,125.41847
2012-07-21 03:00:00,122.25931
2012-07-21 04:00:00,140.3641
2012-07-21 05:00:00,136.46756
2012-07-21 06:00:00,136.46725
2012-07-21 07:00:00,137.44568
2012-07-21 08:00:00,127.15956
2012-07-21 09:00:00,141.3418
2012-07-21 10:00:00,136.448
2012-07-21 11:00:00,118.289665
2012-07-21 12:00:00,120.38226
2012-07-21 13:00:00,107.57892
2012-07-21 14:00:00,127.256424
2012-07-21 15:00:00,121.50024
2012-07-21 16:00:00,104.08036
2012-07-21 17:00:00,96.81627
2012-07-21 18:00:00,128.39198
2012-07-21 19:00:00,132.46585
2012-07-21 20:00:00,96.81549
2012-07-21 21:00:00,132.46596
2012-07-21 22:00:00,148.55267
2012-07-21 23:00:00,168.11768
2012-07-22 00:00:00,160.21237
2012-07-22 01:00:00,136.76239
2012-07-22 02:00:00,160.21307
2012-07-22 03:00:00,160.21344
2012-07-22 04:00:00,147.76102
2012-07-22 05:00:00,147.76181
2012-07-22 06:00:00,165.98259
2012-07-22 07:00:00,163.18399
2012-07-22 08:00:00,184.84174
2012-07-22 09:00:00,187.32434
2012-07-22 10:00:00,185.17007
2012-07-22 11:00:00,185.16989
2012-07-22 12:00:00,142.45352
2012-07-22 13:00:00,197.5836
2012-07-22 14:00:00,187.30737
2012-07-22 15:00:00,187.30722
2012-07-22 16:00:00,226.90799
2012-07-22 17:00:00,312.05396
2012-07-22 18:00:00,296.60327
2012-07-22 19:00:00,106.8241
2012-07-22 20:00:00,113.72996
2012-07-22 21:00:00,100.99796
2012-07-22 22:00:00,113.76782
2012-07-22 23:00:00,119.346176
2012-07-23 00:00:00,385.76666
2012-07-23 01:00:00,245.55963
2012-07-23 02:00:00,386.04883
2012-07-23 03:00:00,386.0527
2012-07-23 04:00:00,400.06403
2012-07-23 05:00:00,400.06848
2012-07-23 06:00:00,54.625595
2012-07-23 07:00:00,121.127045
2012-07-23 08:00:00,99.84379
2012-07-23 09:00:00,250.16681
2012-07-23 10:00:00,292.06158
2012-07-23 11:00:00,292.6045
2012-07-23 12:00:00,292.36002
2012-07-23 13:00:00,296.29694
2012-07-23 14:00:00,454.65466
2012-07-23 15:00:00,403.6305
2012-07-23 16:00:00,389.53467
2012-07-23 17:00:00,389.53552
2012-07-23 18:00:00,421.13922
2012-07-23 19:00:00,427.96588
2012-07-23 20:00:00,404.17786
2012-07-23 21:00:00,459.5224
2012-07-23 22:00:00,407.56622
2012-07-23 23:00:00,188.13321
2012-07-24 00:00:00,133.13931
2012-07-24 01:00:00,102.97274
2012-07-24 02:00:00,139.26143
2012-07-24 03:00:00,139.2619
2012-07-24 04:00:00,158.63882
2012-07-24 05:00:00,134.69778
2012-07-24 06:00:00,159.86198
2012-07-24 07:00:00,139.13968
2012-07-24 08:00:00,319.55396
2012-07-24 09:00:00,442.02344
2012-07-24 10:00:00,488.68567
2012-07-24 11:00:00,431.66718
2012-07-24 12:00:00,453.28766
2012-07-24 13:00:00,421.2224
2012-07-24 14:00:00,386.6394
2012-07-24 15:00:00,375.03674
2012-07-24 16:00:00,377.77582
2012-07-24 17:00:00,389.96295
2012-07-24 18:00:00,431.77194
2012-07-24 19:00:00,447.2101
2012-07-24 20:00:00,323.04822
2012-07-24 21:00:00,336.82898
2012-07-24 22:00:00,355.48608
2012-07-24 23:00:00,420.2447
2012-07-25 00:00:00,226.67802
2012-07-25 01:00:00,186.70267
2012-07-25 02:00:00,215.02716
2012-07-25 03:00:00,188.75076
2012-07-25 04:00:00,195.3695
2012-07-25 05:00:00,158.43936
2012-07-25 06:00:00,177.21196
2012-07-25 07:00:00,392.56573
2012-07-25 08:00:00,456.45825
2012-07-25 09:00:00,568.6626
2012-07-25 10:00:00,429.634
2012-07-25 11:00:00,461.68207
2012-07-25 12:00:00,461.68362
2012-07-25 13:00:00,560.6163
2012-07-25 14:00:00,555.83057
2012-07-25 15:00:00,500.12677
2012-07-25 16:00:00,561.17957
2012-07-25 17:00:00,526.382
2012-07-25 18:00:00,568.9883
2012-07-25 19:00:00,527.5927
2012-07-25 20:00:00,513.5095
2012-07-25 21:00:00,397.00378
2012-07-25 22:00:00,187.94852
2012-07-25 23:00:00,266.6772
2012-07-26 00:00:00,148.73402
2012-07-26 01:00:00,183.62958
2012-07-26 02:00:00,159.9673
2012-07-26 03:00:00,157.71384
2012-07-26 04:00:00,159.4944
2012-07-26 05:00:00,159.49432
2012-07-26 06:00:00,244.64064
2012-07-26 07:00:00,120.925064
2012-07-26 08:00:00,128.07162
2012-07-26 09:00:00,105.73471
2012-07-26 10:00:00,288.90723
2012-07-26 11:00:00,420.58234
2012-07-26 12:00:00,454.98624
2012-07-26 13:00:00,389.91736
2012-07-26 14:00:00,371.65656
2012-07-26 15:00:00,464.41394
2012-07-26 16:00:00,431.10522
2012-07-26 17:00:00,357.2462
2012-07-26 18:00:00,475.61273
2012-07-26 19:00:00,378.07843
2012-07-26 20:00:00,382.5227
2012-07-26 21:00:00,440.91376
2012-07-26 22:00:00,440.91257
2012-07-26 23:00:00,127.30231
2012-07-27 00:00:00,98.12165
2012-07-27 01:00:00,88.16255
2012-07-27 02:00:00,69.38078
2012-07-27 03:00:00,106.39526
2012-07-27 04:00:00,83.4467
2012-07-27 05:00:00,94.456215
2012-07-27 06:00:00,83.446396
2012-07-27 07:00:00,80.47935
2012-07-27 08:00:00,198.1212
2012-07-27 09:00:00,406.79675
2012-07-27 10:00:00,385.9798
2012-07-27 11:00:00,435.0173
2012-07-27 12:00:00,383.98938
2012-07-27 13:00:00,430.93765
2012-07-27 14:00:00,399.32257
2012-07-27 15:00:00,556.1897
2012-07-27 16:00:00,454.90234
2012-07-27 17:00:00,554.3561
2012-07-27 18:00:00,454.7286
2012-07-27 19:00:00,428.7391
2012-07-27 20:00:00,339.97202
2012-07-27 21:00:00,339.97235
2012-07-27 22:00:00,356.85623
2012-07-27 23:00:00,187.32632
2012-07-28 00:00:00,374.43768
2012-07-28 01:00:00,115.07103
2012-07-28 02:00:00,119.106186
2012-07-28 03:00:00,119.106064
2012-07-28 04:00:00,109.8045
2012-07-28 05:00:00,101.98291
2012-07-28 06:00:00,117.107056
2012-07-28 07:00:00,105.97711
2012-07-28 08:00:00,312.23022
2012-07-28 09:00:00,394.05118
2012-07-28 10:00:00,460.30432
2012-07-28 11:00:00,572.1797
2012-07-28 12:00:00,580.3008
2012-07-28 13:00:00,578.32825
2012-07-28 14:00:00,568.9611
2012-07-28 15:00:00,517.474
2012-07-28 16:00:00,571.29517
2012-07-28 17:00:00,488.83484
2012-07-28 18:00:00,522.932
2012-07-28 19:00:00,92.27386
2012-07-28 20:00:00,131.67148
2012-07-28 21:00:00,123.53351
2012-07-28 22:00:00,123.5336
2012-07-28 23:00:00,116.429474
2012-07-29 00:00:00,173.28323
2012-07-29 01:00:00,109.83653
2012-07-29 02:00:00,116.77415
2012-07-29 03:00:00,137.56985
2012-07-29 04:00:00,110.994415
2012-07-29 05:00:00,97.85661
2012-07-29 06:00:00,117.88228
2012-07-29 07:00:00,149.23715
2012-07-29 08:00:00,216.60672
2012-07-29 09:00:00,251.38686
2012-07-29 10:00:00,313.21497
2012-07-29 11:00:00,458.10382
2012-07-29 12:00:00,455.98694
2012-07-29 13:00:00,482.20514
2012-07-29 14:00:00,489.19977
2012-07-29 15:00:00,509.3694
2012-07-29 16:00:00,509.3703
2012-07-29 17:00:00,573.74927
2012-07-29 18:00:00,570.73694
2012-07-29 19:00:00,466.50415
2012-07-29 20:00:00,237.62856
2012-07-29 21:00:00,102.57682
2012-07-29 22:00:00,109.537865
2012-07-29 23:00:00,127.14909
2012-07-30 00:00:00,134.77841
2012-07-30 01:00:00,144.9592
2012-07-30 02:00:00,133.16473
2012-07-30 03:00:00,140.57828
2012-07-30 04:00:00,140.58405
2012-07-30 05:00:00,115.91724
2012-07-30 06:00:00,134.1599
2012-07-30 07:00:00,110.03212
2012-07-30 08:00:00,123.3774
2012-07-30 09:00:00,264.656
2012-07-30 10:00:00,372.98334
2012-07-30 11:00:00,338.00922
2012-07-30 12:00:00,391.9544
2012-07-30 13:00:00,394.85114
2012-07-30 14:00:00,417.79077
2012-07-30 15:00:00,400.55377
2012-07-30 16:00:00,371.8146
2012-07-30 17:00:00,379.66904
2012-07-30 18:00:00,406.29724
2012-07-30 19:00:00,402.88
2012-07-30 20:00:00,149.5253
2012-07-30 21:00:00,117.28399
2012-07-30 22:00:00,95.723145
2012-07-30 23:00:00,127.33708
2012-07-31 00:00:00,102.13917
2012-07-31 01:00:00,144.69946
2012-07-31 02:00:00,144.70004
2012-07-31 03:00:00,141.24913
2012-07-31 04:00:00,141.69691
2012-07-31 05:00:00,121.617004
2012-07-31 06:00:00,164.98206
2012-07-31 07:00:00,112.22041
2012-07-31 08:00:00,100.22653
2012-07-31 09:00:00,77.47478
2012-07-31 10:00:00,133.95805
2012-07-31 11:00:00,225.39401
2012-07-31 12:00:00,429.12695
2012-07-31 13:00:00,371.3244
2012-07-31 14:00:00,371.24506
2012-07-31 15:00:00,389.28735
2012-07-31 16:00:00,430.43066
2012-07-31 17:00:00,448.50653
2012-07-31 18:00:00,378.76068
2012-07-31 19:00:00,481.88605
2012-07-31 20:00:00,205.78906
2012-07-31 21:00:00,107.66093
2012-07-31 22:00:00,144.62025
2012-07-31 23:00:00,127.427795
2012-08-20 00:00:00,369.71503
2012-08-20 01:00:00,258.33386
2012-08-20 02:00:00,258.33624
2012-08-20 03:00:00,267.7754
2012-08-20 04:00:00,402.58246
2012-08-20 05:00:00,363.57758
2012-08-20 06:00:00,368.87537
2012-08-20 07:00:00,368.1592
2012-08-20 08:00:00,284.95255
2012-08-20 09:00:00,286.31354
2012-08-20 10:00:00,305.7128
2012-08-20 11:00:00,318.814
2012-08-20 12:00:00,337.84882
2012-08-20 13:00:00,368.26813
2012-08-20 14:00:00,465.60016
2012-08-20 15:00:00,506.40372
2012-08-20 16:00:00,506.40402
2012-08-20 17:00:00,449.76904
2012-08-20 18:00:00,328.4297
2012-08-20 19:00:00,370.48468
2012-08-20 20:00:00,263.47498
2012-08-20 21:00:00,362.4234
2012-08-20 22:00:00,362.95044
2012-08-20 23:00:00,362.95126
2012-08-21 00:00:00,389.21985
2012-08-21 01:00:00,382.28134
2012-08-21 02:00:00,211.64783
2012-08-21 03:00:00,249.81332
2012-08-21 04:00:00,249.81529
2012-08-21 05:00:00,281.97986
2012-08-21 06:00:00,264.7082
2012-08-21 07:00:00,295.83984
2012-08-21 08:00:00,336.9369
2012-08-21 09:00:00,312.74207
2012-08-21 10:00:00,350.30292
2012-08-21 11:00:00,369.94714
2012-08-21 12:00:00,386.2262
2012-08-21 13:00:00,418.63806
2012-08-21 14:00:00,480.89722
2012-08-21 15:00:00,464.87192
2012-08-21 16:00:00,464.8745
2012-08-21 17:00:00,486.37335
2012-08-21 18:00:00,458.4474
2012-08-21 19:00:00,173.67097
2012-08-21 20:00:00,350.15326
2012-08-21 21:00:00,350.1554
2012-08-21 22:00:00,331.83246
2012-08-21 23:00:00,321.95273
2012-08-22 00:00:00,273.96625
2012-08-22 01:00:00,258.589
2012-08-22 02:00:00,258.59106
2012-08-22 03:00:00,258.5932
2012-08-22 04:00:00,275.1597
2012-08-22 05:00:00,281.1654
2012-08-22 06:00:00,380.0078
2012-08-22 07:00:00,258.73685
2012-08-22 08:00:00,375.3638
2012-08-22 09:00:00,351.16898
2012-08-22 10:00:00,287.96762
2012-08-22 11:00:00,253.1663
2012-08-22 12:00:00,370.89398
2012-08-22 13:00:00,353.93927
2012-08-22 14:00:00,381.74084
2012-08-22 15:00:00,377.65308
2012-08-22 16:00:00,474.21783
2012-08-22 17:00:00,474.21918
2012-08-22 18:00:00,464.977
2012-08-22 19:00:00,284.27563
2012-08-22 20:00:00,432.01538
2012-08-22 21:00:00,326.08276
2012-08-22 22:00:00,326.085
2012-08-22 23:00:00,298.78287
2012-08-23 00:00:00,242.33342
2012-08-23 01:00:00,280.02783
2012-08-23 02:00:00,280.02948
2012-08-23 03:00:00,237.5218
2012-08-23 04:00:00,280.03287
2012-08-23 05:00:00,280.03452
2012-08-23 06:00:00,321.6463
2012-08-23 07:00:00,352.5627
2012-08-23 08:00:00,297.6206
2012-08-23 09:00:00,322.05725
2012-08-23 10:00:00,276.8851
2012-08-23 11:00:00,344.00745
2012-08-23 12:00:00,523.164
2012-08-23 13:00:00,596.49774
2012-08-23 14:00:00,496.91656
2012-08-23 15:00:00,382.6872
2012-08-23 16:00:00,406.2727
2012-08-23 17:00:00,500.4543
2012-08-23 18:00:00,502.5141
2012-08-23 19:00:00,323.58966
2012-08-23 20:00:00,278.03906
2012-08-23 21:00:00,319.9672
2012-08-23 22:00:00,321.84146
2012-08-23 23:00:00,332.36267
2012-08-24 00:00:00,325.30933
2012-08-24 01:00:00,288.19666
2012-08-24 02:00:00,276.77356
2012-08-24 03:00:00,306.7907
2012-08-24 04:00:00,289.16284
2012-08-24 05:00:00,230.94427
2012-08-24 06:00:00,279.3313
2012-08-24 07:00:00,263.01447
2012-08-24 08:00:00,312.59918
2012-08-24 09:00:00,269.0401
2012-08-24 10:00:00,372.94174
2012-08-24 11:00:00,366.57086
2012-08-24 12:00:00,373.58038
2012-08-24 13:00:00,553.47034
2012-08-24 14:00:00,473.9629
2012-08-24 15:00:00,377.94733
2012-08-24 16:00:00,377.9477
2012-08-24 17:00:00,446.2657
2012-08-24 18:00:00,292.41687
2012-08-24 19:00:00,296.26498
2012-08-24 20:00:00,346.00153
2012-08-24 21:00:00,313.0522
2012-08-24 22:00:00,278.4013
2012-08-24 23:00:00,336.2942
2012-08-25 00:00:00,329.96515
2012-08-25 01:00:00,374.96222
2012-08-25 02:00:00,320.42337
2012-08-25 03:00:00,224.29861
2012-08-25 04:00:00,322.42822
2012-08-25 05:00:00,282.04208
2012-08-25 06:00:00,202.39029
2012-08-25 07:00:00,186.44907
2012-08-25 08:00:00,301.7646
2012-08-25 09:00:00,382.4967
2012-08-25 10:00:00,384.33038
2012-08-25 11:00:00,372.1501
2012-08-25 12:00:00,447.26874
2012-08-25 13:00:00,446.50488
2012-08-25 14:00:00,349.0118
2012-08-25 15:00:00,281.167
2012-08-25 16:00:00,310.89594
2012-08-25 17:00:00,309.2016
2012-08-25 18:00:00,339.28632
2012-08-25 19:00:00,155.46567
2012-08-25 20:00:00,130.67006
2012-08-25 21:00:00,114.90026
2012-08-25 22:00:00,114.90031
2012-08-25 23:00:00,107.30211
2012-08-26 00:00:00,112.80022
2012-08-26 01:00:00,126.56847
2012-08-26 02:00:00,137.49261
2012-08-26 03:00:00,143.93942
2012-08-26 04:00:00,157.71066
2012-08-26 05:00:00,126.54518
2012-08-26 06:00:00,131.84085
2012-08-26 07:00:00,126.54548
2012-08-26 08:00:00,241.25043
2012-08-26 09:00:00,246.79031
2012-08-26 10:00:00,399.13483
2012-08-26 11:00:00,408.23175
2012-08-26 12:00:00,286.0059
2012-08-26 13:00:00,227.86502
2012-08-26 14:00:00,168.55313
2012-08-26 15:00:00,138.89565
2012-08-26 16:00:00,138.8949
2012-08-26 17:00:00,115.89644
2012-08-26 18:00:00,250.72556
2012-08-26 19:00:00,168.01517
2012-08-26 20:00:00,144.21701
2012-08-26 21:00:00,161.4687
2012-08-26 22:00:00,136.1076
2012-08-26 23:00:00,135.10751
2012-08-27 00:00:00,303.1188
2012-08-27 01:00:00,245.98225
2012-08-27 02:00:00,240.20267
2012-08-27 03:00:00,244.98776
2012-08-27 04:00:00,301.80844
2012-08-27 05:00:00,283.21118
2012-08-27 06:00:00,283.2126
2012-08-27 07:00:00,334.61932
2012-08-27 08:00:00,300.26825
2012-08-27 09:00:00,265.3791
2012-08-27 10:00:00,259.63348
2012-08-27 11:00:00,402.2844
2012-08-27 12:00:00,351.55157
2012-08-27 13:00:00,438.27954
2012-08-27 14:00:00,358.16272
2012-08-27 15:00:00,391.31268
2012-08-27 16:00:00,424.24918
2012-08-27 17:00:00,451.69244
2012-08-27 18:00:00,456.2989
2012-08-27 19:00:00,422.4474
2012-08-27 20:00:00,418.68768
2012-08-27 21:00:00,269.9338
2012-08-27 22:00:00,215.39484
2012-08-27 23:00:00,217.9992
2012-08-28 00:00:00,198.459
2012-08-28 01:00:00,213.76642
2012-08-28 02:00:00,224.68802
2012-08-28 03:00:00,345.14816
2012-08-28 04:00:00,275.5335
2012-08-28 05:00:00,231.42117
2012-08-28 06:00:00,289.7277
2012-08-28 07:00:00,223.4923
2012-08-28 08:00:00,101.429016
2012-08-28 09:00:00,219.05391
2012-08-28 10:00:00,332.27435
2012-08-28 11:00:00,418.75247
2012-08-28 12:00:00,399.33646
2012-08-28 13:00:00,481.41348
2012-08-28 14:00:00,630.47034
2012-08-28 15:00:00,662.2942
2012-08-28 16:00:00,630.6202
2012-08-28 17:00:00,620.0811
2012-08-28 18:00:00,521.481
2012-08-28 19:00:00,432.6128
2012-08-28 20:00:00,321.22797
2012-08-28 21:00:00,327.76056
2012-08-28 22:00:00,356.60898
2012-08-28 23:00:00,318.37988
2012-08-29 00:00:00,219.84062
2012-08-29 01:00:00,272.78082
2012-08-29 02:00:00,239.44113
2012-08-29 03:00:00,229.21327
2012-08-29 04:00:00,259.94763
2012-08-29 05:00:00,323.88403
2012-08-29 06:00:00,326.24792
2012-08-29 07:00:00,253.41145
2012-08-29 08:00:00,372.83643
2012-08-29 09:00:00,403.6245
2012-08-29 10:00:00,376.34128
2012-08-29 11:00:00,336.2634
2012-08-29 12:00:00,455.8913
2012-08-29 13:00:00,403.67108
2012-08-29 14:00:00,460.3636
2012-08-29 15:00:00,487.75317
2012-08-29 16:00:00,478.89597
2012-08-29 17:00:00,578.90845
2012-08-29 18:00:00,512.4995
2012-08-29 19:00:00,394.2013
2012-08-29 20:00:00,296.928
2012-08-29 21:00:00,301.1938
2012-08-29 22:00:00,324.17923
2012-08-29 23:00:00,306.4334
2012-08-30 00:00:00,246.5242
2012-08-30 01:00:00,266.76932
2012-08-30 02:00:00,269.22046
2012-08-30 03:00:00,269.2213
2012-08-30 04:00:00,269.22217
2012-08-30 05:00:00,269.223
2012-08-30 06:00:00,189.66798
2012-08-30 07:00:00,288.98657
2012-08-30 08:00:00,262.5443
2012-08-30 09:00:00,251.1076
2012-08-30 10:00:00,311.56696
2012-08-30 11:00:00,507.41882
2012-08-30 12:00:00,359.98444
2012-08-30 13:00:00,332.75348
2012-08-30 14:00:00,337.3833
2012-08-30 15:00:00,423.44885
2012-08-30 16:00:00,506.831
2012-08-30 17:00:00,603.766
2012-08-30 18:00:00,595.87317
2012-08-30 19:00:00,337.3711
2012-08-30 20:00:00,318.45288
2012-08-30 21:00:00,233.5061
2012-08-30 22:00:00,202.14548
2012-08-30 23:00:00,184.71915
2012-08-31 00:00:00,205.55557
2012-08-31 01:00:00,205.55524
2012-08-31 02:00:00,253.24966
2012-08-31 03:00:00,203.08139
2012-08-31 04:00:00,222.36913
2012-08-31 05:00:00,205.33862
2012-08-31 06:00:00,198.18375
2012-08-31 07:00:00,251.63712
2012-08-31 08:00:00,267.56406
2012-08-31 09:00:00,263.68115
2012-08-31 10:00:00,329.79803
2012-08-31 11:00:00,602.5447
2012-08-31 12:00:00,587.8105
2012-08-31 13:00:00,568.1691
2012-08-31 14:00:00,583.25446
2012-08-31 15:00:00,580.6665
2012-08-31 16:00:00,577.15234
2012-08-31 17:00:00,585.34735
2012-08-31 18:00:00,579.86743
2012-08-31 19:00:00,406.038
2012-08-31 20:00:00,406.03918
2012-08-31 21:00:00,406.16336
2012-08-31 22:00:00,406.97052
2012-08-31 23:00:00,264.9032
2012-09-20 00:00:00,298.70755
2012-09-20 01:00:00,192.37851
2012-09-20 02:00:00,213.47395
2012-09-20 03:00:00,173.75256
2012-09-20 04:00:00,229.11469
2012-09-20 05:00:00,229.11499
2012-09-20 06:00:00,173.75577
2012-09-20 07:00:00,240.24051
2012-09-20 08:00:00,214.6536
2012-09-20 09:00:00,374.61905
2012-09-20 10:00:00,378.76465
2012-09-20 11:00:00,392.02823
2012-09-20 12:00:00,431.41483
2012-09-20 13:00:00,424.00702
2012-09-20 14:00:00,508.22473
2012-09-20 15:00:00,506.95926
2012-09-20 16:00:00,465.27356
2012-09-20 17:00:00,534.7184
2012-09-20 18:00:00,405.3543
2012-09-20 19:00:00,429.95514
2012-09-20 20:00:00,403.53912
2012-09-20 21:00:00,429.85547
2012-09-20 22:00:00,272.5409
2012-09-20 23:00:00,238.12076
2012-09-21 00:00:00,196.87915
2012-09-21 01:00:00,219.90295
2012-09-21 02:00:00,219.90381
2012-09-21 03:00:00,268.85413
2012-09-21 04:00:00,223.00114
2012-09-21 05:00:00,226.49115
2012-09-21 06:00:00,268.8826
2012-09-21 07:00:00,217.40735
2012-09-21 08:00:00,195.32802
2012-09-21 09:00:00,212.31439
2012-09-21 10:00:00,452.1349
2012-09-21 11:00:00,551.7124
2012-09-21 12:00:00,531.6924
2012-09-21 13:00:00,507.7442
2012-09-21 14:00:00,525.4271
2012-09-21 15:00:00,546.6877
2012-09-21 16:00:00,530.6029
2012-09-21 17:00:00,539.73553
2012-09-21 18:00:00,440.75864
2012-09-21 19:00:00,465.12677
2012-09-21 20:00:00,352.7481
2012-09-21 21:00:00,250.75928
2012-09-21 22:00:00,295.75452
2012-09-21 23:00:00,247.24216
2012-09-22 00:00:00,196.72235
2012-09-22 01:00:00,158.61893
2012-09-22 02:00:00,133.12616
2012-09-22 03:00:00,132.68222
2012-09-22 04:00:00,132.6824
2012-09-22 05:00:00,143.66214
2012-09-22 06:00:00,147.70317
2012-09-22 07:00:00,132.39795
2012-09-22 08:00:00,210.42635
2012-09-22 09:00:00,408.19183
2012-09-22 10:00:00,467.58032
2012-09-22 11:00:00,519.58984
2012-09-22 12:00:00,590.36426
2012-09-22 13:00:00,612.4248
2012-09-22 14:00:00,605.13196
2012-09-22 15:00:00,601.4657
2012-09-22 16:00:00,618.43884
2012-09-22 17:00:00,618.43994
2012-09-22 18:00:00,595.3661
2012-09-22 19:00:00,501.46353
2012-09-22 20:00:00,579.7942
2012-09-22 21:00:00,544.29926
2012-09-22 22:00:00,452.8803
2012-09-22 23:00:00,455.06113
2012-09-23 00:00:00,590.37646
2012-09-23 01:00:00,298.71902
2012-09-23 02:00:00,428.34894
2012-09-23 03:00:00,227.70181
2012-09-23 04:00:00,197.14062
2012-09-23 05:00:00,184.91235
2012-09-23 06:00:00,171.38971
2012-09-23 07:00:00,210.5577
2012-09-23 08:00:00,216.12393
2012-09-23 09:00:00,259.22626
2012-09-23 10:00:00,500.10388
2012-09-23 11:00:00,524.45886
2012-09-23 12:00:00,507.74515
2012-09-23 13:00:00,595.09
2012-09-23 14:00:00,600.9995
2012-09-23 15:00:00,618.0486
2012-09-23 16:00:00,612.27454
2012-09-23 17:00:00,610.2615
2012-09-23 18:00:00,568.15576
2012-09-23 19:00:00,508.4613
2012-09-23 20:00:00,508.463
2012-09-23 21:00:00,369.13092
2012-09-23 22:00:00,398.17834
2012-09-23 23:00:00,198.98157
2012-09-24 00:00:00,309.18884
2012-09-24 01:00:00,199.33658
2012-09-24 02:00:00,260.98724
2012-09-24 03:00:00,313.50308
2012-09-24 04:00:00,206.61896
2012-09-24 05:00:00,273.29672
2012-09-24 06:00:00,260.82028
2012-09-24 07:00:00,199.34511
2012-09-24 08:00:00,273.62976
2012-09-24 09:00:00,370.24548
2012-09-24 10:00:00,456.14514
2012-09-24 11:00:00,520.2356
2012-09-24 12:00:00,503.56177
2012-09-24 13:00:00,666.3131
2012-09-24 14:00:00,561.41565
2012-09-24 15:00:00,550.85724
2012-09-24 16:00:00,596.46045
2012-09-24 17:00:00,560.2886
2012-09-24 18:00:00,516.0249
2012-09-24 19:00:00,505.90747
2012-09-24 20:00:00,367.49164
2012-09-24 21:00:00,284.04102
2012-09-24 22:00:00,330.13788
2012-09-24 23:00:00,302.177
2012-09-25 00:00:00,188.01956
2012-09-25 01:00:00,154.14542
2012-09-25 02:00:00,161.75337
2012-09-25 03:00:00,103.47574
2012-09-25 04:00:00,148.007
2012-09-25 05:00:00,135.95422
2012-09-25 06:00:00,161.89944
2012-09-25 07:00:00,170.66975
2012-09-25 08:00:00,162.14749
2012-09-25 09:00:00,368.64096
2012-09-25 10:00:00,333.02167
2012-09-25 11:00:00,343.50897
2012-09-25 12:00:00,375.30756
2012-09-25 13:00:00,443.95908
2012-09-25 14:00:00,621.2328
2012-09-25 15:00:00,644.1433
2012-09-25 16:00:00,614.73016
2012-09-25 17:00:00,585.2315
2012-09-25 18:00:00,594.95496
2012-09-25 19:00:00,346.2671
2012-09-25 20:00:00,433.45166
2012-09-25 21:00:00,433.4495
2012-09-25 22:00:00,408.98236
2012-09-25 23:00:00,434.0979
2012-09-26 00:00:00,359.96777
2012-09-26 01:00:00,341.8423
2012-09-26 02:00:00,394.4449
2012-09-26 03:00:00,394.44598
2012-09-26 04:00:00,71.01305
2012-09-26 05:00:00,77.6264
2012-09-26 06:00:00,92.59451
2012-09-26 07:00:00,147.05855
2012-09-26 08:00:00,104.072945
2012-09-26 09:00:00,379.81793
2012-09-26 10:00:00,222.78357
2012-09-26 11:00:00,418.1374
2012-09-26 12:00:00,465.24823
2012-09-26 13:00:00,470.9104
2012-09-26 14:00:00,512.0192
2012-09-26 15:00:00,490.0671
2012-09-26 16:00:00,535.44006
2012-09-26 17:00:00,490.07178
2012-09-26 18:00:00,505.28665
2012-09-26 19:00:00,451.05576
2012-09-26 20:00:00,401.8752
2012-09-26 21:00:00,445.84277
2012-09-26 22:00:00,380.88257
2012-09-26 23:00:00,186.1506
2012-09-27 00:00:00,235.98062
2012-09-27 01:00:00,235.9815
2012-09-27 02:00:00,235.98238
2012-09-27 03:00:00,236.66183
2012-09-27 04:00:00,155.27689
2012-09-27 05:00:00,236.56937
2012-09-27 06:00:00,164.08533
2012-09-27 07:00:00,234.2333
2012-09-27 08:00:00,321.90204
2012-09-27 09:00:00,382.5081
2012-09-27 10:00:00,461.48355
2012-09-27 11:00:00,443.37567
2012-09-27 12:00:00,386.17242
2012-09-27 13:00:00,404.55835
2012-09-27 14:00:00,393.93695
2012-09-27 15:00:00,418.21997
2012-09-27 16:00:00,415.07013
2012-09-27 17:00:00,377.7308
2012-09-27 18:00:00,400.08792
2012-09-27 19:00:00,437.39435
2012-09-27 20:00:00,416.3686
2012-09-27 21:00:00,167.0774
2012-09-27 22:00:00,167.07687
2012-09-27 23:00:00,181.28214
2012-09-28 00:00:00,168.25644
2012-09-28 01:00:00,187.09329
2012-09-28 02:00:00,164.44812
2012-09-28 03:00:00,290.61163
2012-09-28 04:00:00,142.38525
2012-09-28 05:00:00,204.69446
2012-09-28 06:00:00,151.33597
2012-09-28 07:00:00,215.32568
2012-09-28 08:00:00,239.02527
2012-09-28 09:00:00,257.13177
2012-09-28 10:00:00,312.00366
2012-09-28 11:00:00,332.77216
2012-09-28 12:00:00,429.68964
2012-09-28 13:00:00,476.18298
2012-09-28 14:00:00,429.69128
2012-09-28 15:00:00,424.2209
2012-09-28 16:00:00,431.39166
2012-09-28 17:00:00,415.94824
2012-09-28 18:00:00,425.3697
2012-09-28 19:00:00,430.89655
2012-09-28 20:00:00,436.53973
2012-09-28 21:00:00,437.8037
2012-09-28 22:00:00,402.98053
2012-09-28 23:00:00,349.11615
2012-09-29 00:00:00,388.6501
2012-09-29 01:00:00,388.6502
2012-09-29 02:00:00,339.87604
2012-09-29 03:00:00,358.41153
2012-09-29 04:00:00,395.2118
2012-09-29 05:00:00,237.82678
2012-09-29 06:00:00,249.51044
2012-09-29 07:00:00,100.95517
2012-09-29 08:00:00,104.34468
2012-09-29 09:00:00,237.8267
2012-09-29 10:00:00,353.8487
2012-09-29 11:00:00,379.53766
2012-09-29 12:00:00,524.6817
2012-09-29 13:00:00,524.6823
2012-09-29 14:00:00,523.0985
2012-09-29 15:00:00,462.1454
2012-09-29 16:00:00,525.79285
2012-09-29 17:00:00,588.9772
2012-09-29 18:00:00,506.4898
2012-09-29 19:00:00,359.25693
2012-09-29 20:00:00,357.42236
2012-09-29 21:00:00,354.169
2012-09-29 22:00:00,185.17531
2012-09-29 23:00:00,219.42514
2012-09-30 00:00:00,185.69968
2012-09-30 01:00:00,185.70023
2012-09-30 02:00:00,140.20555
2012-09-30 03:00:00,79.24776
2012-09-30 04:00:00,79.248055
2012-09-30 05:00:00,67.00572
2012-09-30 06:00:00,90.18927
2012-09-30 07:00:00,59.006603
2012-09-30 08:00:00,79.71992
2012-09-30 09:00:00,299.2707
2012-09-30 10:00:00,545.9524
2012-09-30 11:00:00,479.85443
2012-09-30 12:00:00,521.3426
2012-09-30 13:00:00,522.74457
2012-09-30 14:00:00,522.6945
2012-09-30 15:00:00,618.44104
2012-09-30 16:00:00,625.14087
2012-09-30 17:00:00,600.927
2012-09-30 18:00:00,378.56473
2012-09-30 19:00:00,135.7494
2012-09-30 20:00:00,135.74887
2012-09-30 21:00:00,69.952415
2012-09-30 22:00:00,63.131626
2012-09-30 23:00:00,87.47728
2012-10-20 00:00:00,197.17447
2012-10-20 01:00:00,242.77928
2012-10-20 02:00:00,192.0521
2012-10-20 03:00:00,181.69055
2012-10-20 04:00:00,251.74973
2012-10-20 05:00:00,151.58215
2012-10-20 06:00:00,236.45001
2012-10-20 07:00:00,151.62738
2012-10-20 08:00:00,234.37183
2012-10-20 09:00:00,410.48456
2012-10-20 10:00:00,497.45795
2012-10-20 11:00:00,472.87906
2012-10-20 12:00:00,572.1102
2012-10-20 13:00:00,573.4927
2012-10-20 14:00:00,611.959
2012-10-20 15:00:00,576.63965
2012-10-20 16:00:00,596.78564
2012-10-20 17:00:00,621.20233
2012-10-20 18:00:00,627.7024
2012-10-20 19:00:00,513.091
2012-10-20 20:00:00,611.8472
2012-10-20 21:00:00,399.52466
2012-10-20 22:00:00,371.89575
2012-10-20 23:00:00,337.0841
2012-10-21 00:00:00,316.12967
2012-10-21 01:00:00,301.6671
2012-10-21 02:00:00,286.65213
2012-10-21 03:00:00,200.92139
2012-10-21 04:00:00,188.49963
2012-10-21 05:00:00,200.92276
2012-10-21 06:00:00,279.09363
2012-10-21 07:00:00,279.09473
2012-10-21 08:00:00,245.43971
2012-10-21 09:00:00,329.96262
2012-10-21 10:00:00,450.62393
2012-10-21 11:00:00,537.13196
2012-10-21 12:00:00,616.2326
2012-10-21 13:00:00,627.1143
2012-10-21 14:00:00,637.7687
2012-10-21 15:00:00,622.9226
2012-10-21 16:00:00,620.8214
2012-10-21 17:00:00,622.7009
2012-10-21 18:00:00,627.5569
2012-10-21 19:00:00,558.14856
2012-10-21 20:00:00,484.2605
2012-10-21 21:00:00,308.08582
2012-10-21 22:00:00,317.9769
2012-10-21 23:00:00,338.29498
2012-10-22 00:00:00,329.04468
2012-10-22 01:00:00,178.19543
2012-10-22 02:00:00,221.35905
2012-10-22 03:00:00,329.05273
2012-10-22 04:00:00,171.60205
2012-10-22 05:00:00,184.9361
2012-10-22 06:00:00,235.20525
2012-10-22 07:00:00,212.69035
2012-10-22 08:00:00,201.01126
2012-10-22 09:00:00,311.97574
2012-10-22 10:00:00,403.21533
2012-10-22 11:00:00,560.5871
2012-10-22 12:00:00,566.71643
2012-10-22 13:00:00,604.8817
2012-10-22 14:00:00,584.73676
2012-10-22 15:00:00,589.2821
2012-10-22 16:00:00,616.6925
2012-10-22 17:00:00,530.8638
2012-10-22 18:00:00,503.21536
2012-10-22 19:00:00,535.4316
2012-10-22 20:00:00,374.10605
2012-10-22 21:00:00,319.54724
2012-10-22 22:00:00,202.92883
2012-10-22 23:00:00,206.3135
2012-10-23 00:00:00,243.2211
2012-10-23 01:00:00,180.35196
2012-10-23 02:00:00,225.81067
2012-10-23 03:00:00,225.13177
2012-10-23 04:00:00,245.94128
2012-10-23 05:00:00,237.19234
2012-10-23 06:00:00,141.52676
2012-10-23 07:00:00,238.24771
2012-10-23 08:00:00,285.83765
2012-10-23 09:00:00,349.8954
2012-10-23 10:00:00,495.78598
2012-10-23 11:00:00,327.22748
2012-10-23 12:00:00,398.53705
2012-10-23 13:00:00,398.3673
2012-10-23 14:00:00,543.5743
2012-10-23 15:00:00,607.54834
2012-10-23 16:00:00,429.3678
2012-10-23 17:00:00,505.15594
2012-10-23 18:00:00,333.8385
2012-10-23 19:00:00,323.78464
2012-10-23 20:00:00,520.6663
2012-10-23 21:00:00,338.4558
2012-10-23 22:00:00,360.40564
2012-10-23 23:00:00,332.26096
2012-10-24 00:00:00,284.77557
2012-10-24 01:00:00,326.78394
2012-10-24 02:00:00,326.78555
2012-10-24 03:00:00,161.00356
2012-10-24 04:00:00,161.00372
2012-10-24 05:00:00,78.835266
2012-10-24 06:00:00,153.53293
2012-10-24 07:00:00,110.7993
2012-10-24 08:00:00,194.45474
2012-10-24 09:00:00,242.08267
2012-10-24 10:00:00,264.1843
2012-10-24 11:00:00,476.64383
2012-10-24 12:00:00,365.35822
2012-10-24 13:00:00,389.3963
2012-10-24 14:00:00,588.3799
2012-10-24 15:00:00,533.34033
2012-10-24 16:00:00,538.49884
2012-10-24 17:00:00,404.00934
2012-10-24 18:00:00,407.31256
2012-10-24 19:00:00,367.54822
2012-10-24 20:00:00,356.07468
2012-10-24 21:00:00,351.97827
2012-10-24 22:00:00,363.32193
2012-10-24 23:00:00,345.7892
2012-10-25 00:00:00,382.36157
2012-10-25 01:00:00,320.3742
2012-10-25 02:00:00,200.30777
2012-10-25 03:00:00,206.68738
2012-10-25 04:00:00,195.59296
2012-10-25 05:00:00,203.24991
2012-10-25 06:00:00,212.44444
2012-10-25 07:00:00,212.44469
2012-10-25 08:00:00,204.5953
2012-10-25 09:00:00,202.10591
2012-10-25 10:00:00,214.7091
2012-10-25 11:00:00,208.05696
2012-10-25 12:00:00,232.83337
2012-10-25 13:00:00,244.48672
2012-10-25 14:00:00,337.36902
2012-10-25 15:00:00,377.87866
2012-10-25 16:00:00,386.96704
2012-10-25 17:00:00,386.9677
2012-10-25 18:00:00,189.56491
2012-10-25 19:00:00,211.51747
2012-10-25 20:00:00,206.69324
2012-10-25 21:00:00,206.6936
2012-10-25 22:00:00,202.39899
2012-10-25 23:00:00,214.70016
2012-10-26 00:00:00,259.1578
2012-10-26 01:00:00,182.44562
2012-10-26 02:00:00,193.45435
2012-10-26 03:00:00,195.71979
2012-10-26 04:00:00,195.71991
2012-10-26 05:00:00,193.45476
2012-10-26 06:00:00,182.44388
2012-10-26 07:00:00,193.45503
2012-10-26 08:00:00,208.16241
2012-10-26 09:00:00,208.16286
2012-10-26 10:00:00,199.16995
2012-10-26 11:00:00,231.03867
2012-10-26 12:00:00,246.84052
2012-10-26 13:00:00,333.00128
2012-10-26 14:00:00,375.91995
2012-10-26 15:00:00,371.28687
2012-10-26 16:00:00,257.10327
2012-10-26 17:00:00,246.93668
2012-10-26 18:00:00,216.99191
2012-10-26 19:00:00,214.42142
2012-10-26 20:00:00,214.4213
2012-10-26 21:00:00,252.23334
2012-10-26 22:00:00,208.03923
2012-10-26 23:00:00,190.33817
2012-10-27 00:00:00,166.34785
2012-10-27 01:00:00,194.17421
2012-10-27 02:00:00,191.33488
2012-10-27 03:00:00,179.04475
2012-10-27 04:00:00,194.94635
2012-10-27 05:00:00,206.07051
2012-10-27 06:00:00,206.06998
2012-10-27 07:00:00,190.46652
2012-10-27 08:00:00,298.39264
2012-10-27 09:00:00,298.39206
2012-10-27 10:00:00,330.36853
2012-10-27 11:00:00,528.09973
2012-10-27 12:00:00,456.81052
2012-10-27 13:00:00,507.66428
2012-10-27 14:00:00,489.49997
2012-10-27 15:00:00,485.4429
2012-10-27 16:00:00,500.8387
2012-10-27 17:00:00,500.8399
2012-10-27 18:00:00,500.84106
2012-10-27 19:00:00,312.44397
2012-10-27 20:00:00,312.44302
2012-10-27 21:00:00,312.42926
2012-10-27 22:00:00,331.6737
2012-10-27 23:00:00,361.05295
2012-10-28 00:00:00,327.95807
2012-10-28 01:00:00,348.30426
2012-10-28 02:00:00,344.4182
2012-10-28 03:00:00,381.4474
2012-10-28 04:00:00,360.1391
2012-10-28 05:00:00,359.30438
2012-10-28 06:00:00,377.89783
2012-10-28 07:00:00,364.02673
2012-10-28 08:00:00,318.65637
2012-10-28 09:00:00,337.90546
2012-10-28 10:00:00,351.18604
2012-10-28 11:00:00,369.36304
2012-10-28 12:00:00,300.01025
2012-10-28 13:00:00,300.423
2012-10-28 14:00:00,339.6553
2012-10-28 15:00:00,352.5713
2012-10-28 16:00:00,268.07172
2012-10-28 17:00:00,259.77948
2012-10-28 18:00:00,187.61356
2012-10-28 19:00:00,207.31613
2012-10-28 20:00:00,202.93393
2012-10-28 21:00:00,244.91312
2012-10-28 22:00:00,239.55753
2012-10-28 23:00:00,207.31396
2012-10-29 00:00:00,252.95744
2012-10-30 13:00:00,116.141174
2012-10-30 14:00:00,116.14128
2012-10-30 15:00:00,105.519905
2012-10-30 16:00:00,105.5197
2012-10-30 17:00:00,104.675385
2012-10-30 18:00:00,116.17418
2012-10-30 19:00:00,263.02496
2012-10-30 20:00:00,103.00474
2012-10-30 21:00:00,86.64723
2012-10-30 22:00:00,76.9305
2012-10-30 23:00:00,76.93075
2012-10-31 00:00:00,102.76337
2012-10-31 01:00:00,110.476425
2012-10-31 02:00:00,117.79668
2012-10-31 03:00:00,102.76234
2012-10-31 04:00:00,72.03145
2012-10-31 05:00:00,117.79589
2012-10-31 06:00:00,61.158993
2012-10-31 07:00:00,92.0478
2012-10-31 08:00:00,126.9427
2012-10-31 09:00:00,170.51022
2012-10-31 10:00:00,199.07971
2012-10-31 11:00:00,188.24255
2012-10-31 12:00:00,332.9471
2012-10-31 13:00:00,318.14877
2012-10-31 14:00:00,310.70615
2012-10-31 15:00:00,355.49237
2012-10-31 16:00:00,320.48328
2012-10-31 17:00:00,328.5306
2012-10-31 18:00:00,328.5468
2012-10-31 19:00:00,320.27228
2012-10-31 20:00:00,320.27307
2012-10-31 21:00:00,319.9894
2012-10-31 22:00:00,287.72186
2012-10-31 23:00:00,261.8987
2012-11-20 00:00:00,143.02173
2012-11-20 01:00:00,124.939354
2012-11-20 02:00:00,243.38867
2012-11-20 03:00:00,195.64034
2012-11-20 04:00:00,189.59229
2012-11-20 05:00:00,188.59253
2012-11-20 06:00:00,203.41814
2012-11-20 07:00:00,136.42407
2012-11-20 08:00:00,129.01279
2012-11-20 09:00:00,306.0882
2012-11-20 10:00:00,301.04053
2012-11-20 11:00:00,317.74277
2012-11-20 12:00:00,322.25272
2012-11-20 13:00:00,398.4907
2012-11-20 14:00:00,417.71008
2012-11-20 15:00:00,342.4158
2012-11-20 16:00:00,362.42444
2012-11-20 17:00:00,257.68372
2012-11-20 18:00:00,301.03323
2012-11-20 19:00:00,294.88754
2012-11-20 20:00:00,241.83047
2012-11-20 21:00:00,199.39175
2012-11-20 22:00:00,199.39288
2012-11-20 23:00:00,116.7262
2012-11-21 00:00:00,114.305466
2012-11-21 01:00:00,87.08064
2012-11-21 02:00:00,20.47942
2012-11-21 03:00:00,20.47942
2012-11-21 04:00:00,20.47942
2012-11-21 05:00:00,20.47942
2012-11-21 06:00:00,41.30885
2012-11-21 07:00:00,40.942757
2012-11-21 08:00:00,105.26247
2012-11-21 09:00:00,127.55101
2012-11-21 10:00:00,320.748
2012-11-21 11:00:00,290.81543
2012-11-21 12:00:00,287.94064
2012-11-21 13:00:00,357.28296
2012-11-21 14:00:00,371.36255
2012-11-21 15:00:00,360.22003
2012-11-21 16:00:00,339.2173
2012-11-21 17:00:00,306.00287
2012-11-21 18:00:00,324.99197
2012-11-21 19:00:00,284.58368
2012-11-21 20:00:00,295.4817
2012-11-21 21:00:00,290.7339
2012-11-21 22:00:00,236.1958
2012-11-21 23:00:00,258.52258
2012-11-22 00:00:00,142.44574
2012-11-22 01:00:00,79.13299
2012-11-22 02:00:00,62.743477
2012-11-22 03:00:00,72.928665
2012-11-22 04:00:00,95.37866
2012-11-22 05:00:00,72.929436
2012-11-22 06:00:00,71.26625
2012-11-22 07:00:00,98.64121
2012-11-22 08:00:00,87.24037
2012-11-22 09:00:00,92.77141
2012-11-22 10:00:00,319.70093
2012-11-22 11:00:00,392.5556
2012-11-22 12:00:00,426.56198
2012-11-22 13:00:00,431.66608
2012-11-22 14:00:00,445.2281
2012-11-22 15:00:00,445.22815
2012-11-22 16:00:00,434.06525
2012-11-22 17:00:00,426.71368
2012-11-22 18:00:00,362.70966
2012-11-22 19:00:00,175.14838
2012-11-22 20:00:00,158.72287
2012-11-22 21:00:00,256.23053
2012-11-22 22:00:00,243.76968
2012-11-22 23:00:00,96.11272
2012-11-23 00:00:00,86.92915
2012-11-23 01:00:00,92.61261
2012-11-23 02:00:00,94.83156
2012-11-23 03:00:00,80.11966
2012-11-23 04:00:00,70.633865
2012-11-23 05:00:00,83.95208
2012-11-23 06:00:00,83.95234
2012-11-23 07:00:00,83.9526
2012-11-23 08:00:00,40.20199
2012-11-23 09:00:00,71.76213
2012-11-23 10:00:00,309.4977
2012-11-23 11:00:00,317.6904
2012-11-23 12:00:00,363.98795
2012-11-23 13:00:00,427.03958
2012-11-23 14:00:00,444.07895
2012-11-23 15:00:00,366.14273
2012-11-23 16:00:00,353.7771
2012-11-23 17:00:00,342.68958
2012-11-23 18:00:00,337.80383
2012-11-23 19:00:00,330.33856
2012-11-23 20:00:00,361.12878
2012-11-23 21:00:00,303.6012
2012-11-23 22:00:00,350.89014
2012-11-23 23:00:00,396.63474
2012-11-24 00:00:00,510.2566
2012-11-24 01:00:00,239.15291
2012-11-24 02:00:00,299.1641
2012-11-24 03:00:00,304.78894
2012-11-24 04:00:00,303.33224
2012-11-24 05:00:00,269.01166
2012-11-24 06:00:00,265.05966
2012-11-24 07:00:00,237.39047
2012-11-24 08:00:00,257.54422
2012-11-24 09:00:00,264.26352
2012-11-24 10:00:00,228.14258
2012-11-24 11:00:00,235.07956
2012-11-24 12:00:00,347.48163
2012-11-24 13:00:00,312.64948
2012-11-24 14:00:00,343.0551
2012-11-24 15:00:00,399.64087
2012-11-24 16:00:00,319.7413
2012-11-24 17:00:00,268.13293
2012-11-24 18:00:00,314.3803
2012-11-24 19:00:00,229.33176
2012-11-24 20:00:00,265.05646
2012-11-24 21:00:00,273.47128
2012-11-24 22:00:00,222.51526
2012-11-24 23:00:00,273.24304
2012-11-25 00:00:00,220.51437
2012-11-25 01:00:00,283.55377
2012-11-25 02:00:00,317.10675
2012-11-25 03:00:00,255.91632
2012-11-25 04:00:00,255.9166
2012-11-25 05:00:00,204.2684
2012-11-25 06:00:00,193.98041
2012-11-25 07:00:00,232.22757
2012-11-25 08:00:00,244.38922
2012-11-25 09:00:00,167.59332
2012-11-25 10:00:00,171.0726
2012-11-25 11:00:00,220.1159
2012-11-25 12:00:00,220.0854
2012-11-25 13:00:00,261.3933
2012-11-25 14:00:00,165.54149
2012-11-25 15:00:00,199.92966
2012-11-25 16:00:00,265.43976
2012-11-25 17:00:00,313.29935
2012-11-25 18:00:00,265.9764
2012-11-25 19:00:00,210.57391
2012-11-25 20:00:00,123.707886
2012-11-25 21:00:00,168.7074
2012-11-25 22:00:00,123.928345
2012-11-25 23:00:00,52.214302
2012-11-26 00:00:00,84.63905
2012-11-26 01:00:00,162.9752
2012-11-26 02:00:00,162.97614
2012-11-26 03:00:00,162.97708
2012-11-26 04:00:00,84.64209
2012-11-26 05:00:00,171.54977
2012-11-26 06:00:00,84.64361
2012-11-26 07:00:00,98.490204
2012-11-26 08:00:00,98.49078
2012-11-26 09:00:00,167.61598
2012-11-26 10:00:00,247.56935
2012-11-26 11:00:00,330.64532
2012-11-26 12:00:00,347.90735
2012-11-26 13:00:00,347.9066
2012-11-26 14:00:00,344.20306
2012-11-26 15:00:00,332.93826
2012-11-26 16:00:00,353.57104
2012-11-26 17:00:00,330.16064
2012-11-26 18:00:00,301.89844
2012-11-26 19:00:00,255.67023
2012-11-26 20:00:00,244.91536
2012-11-26 21:00:00,244.9158
2012-11-26 22:00:00,276.79977
2012-11-26 23:00:00,175.71048
2012-11-27 00:00:00,212.11377
2012-11-27 01:00:00,191.54218
2012-11-27 02:00:00,182.1637
2012-11-27 03:00:00,168.58347
2012-11-27 04:00:00,143.80946
2012-11-27 05:00:00,160.03534
2012-11-27 06:00:00,163.28485
2012-11-27 07:00:00,124.71872
2012-11-27 08:00:00,161.58911
2012-11-27 09:00:00,196.62204
2012-11-27 10:00:00,151.69888
2012-11-27 11:00:00,132.42285
2012-11-27 12:00:00,158.17996
2012-11-27 13:00:00,134.63744
2012-11-27 14:00:00,163.96312
2012-11-27 15:00:00,223.6835
2012-11-27 16:00:00,223.6727
2012-11-27 17:00:00,229.72815
2012-11-27 18:00:00,187.95453
2012-11-27 19:00:00,235.75482
2012-11-27 20:00:00,242.62408
2012-11-27 21:00:00,258.94983
2012-11-27 22:00:00,98.36565
2012-11-27 23:00:00,170.54143
2012-11-28 00:00:00,169.35199
2012-11-28 01:00:00,133.2781
2012-11-28 02:00:00,133.27786
2012-11-28 03:00:00,168.05215
2012-11-28 04:00:00,131.01208
2012-11-28 05:00:00,98.33147
2012-11-28 06:00:00,203.37628
2012-11-28 07:00:00,215.67612
2012-11-28 08:00:00,177.23682
2012-11-28 09:00:00,132.13348
2012-11-28 10:00:00,243.012
2012-11-28 11:00:00,315.1012
2012-11-28 12:00:00,182.57635
2012-11-28 13:00:00,254.32423
2012-11-28 14:00:00,268.21487
2012-11-28 15:00:00,267.8089
2012-11-28 16:00:00,301.802
2012-11-28 17:00:00,274.3739
2012-11-28 18:00:00,292.85602
2012-11-28 19:00:00,295.5891
2012-11-28 20:00:00,289.6621
2012-11-28 21:00:00,269.02246
2012-11-28 22:00:00,310.91077
2012-11-28 23:00:00,186.13611
2012-11-29 00:00:00,137.6208
2012-11-29 01:00:00,128.67664
2012-11-29 02:00:00,118.75769
2012-11-29 04:00:00,119.52678
2012-11-29 05:00:00,117.831116
2012-11-29 06:00:00,51.11191
2012-11-29 07:00:00,145.62811
2012-11-29 08:00:00,58.523064
2012-11-29 09:00:00,128.08383
2012-11-29 10:00:00,70.35759
2012-11-29 11:00:00,289.48712
2012-11-29 12:00:00,286.3426
2012-11-29 13:00:00,302.4394
2012-11-29 14:00:00,255.83644
2012-11-29 15:00:00,237.79752
2012-11-29 16:00:00,289.31256
2012-11-29 17:00:00,267.85004
2012-11-29 18:00:00,297.1382
2012-11-29 19:00:00,132.94429
2012-11-29 20:00:00,127.498055
2012-11-29 21:00:00,72.21756
2012-11-29 22:00:00,60.668106
2012-11-29 23:00:00,111.46312
2012-11-30 00:00:00,76.19598
2012-11-30 01:00:00,58.684402
2012-11-30 02:00:00,69.492516
2012-11-30 03:00:00,69.40018
2012-11-30 04:00:00,68.8129
2012-11-30 05:00:00,82.55734
2012-11-30 06:00:00,53.959705
2012-11-30 07:00:00,65.89666
2012-11-30 08:00:00,83.378815
2012-11-30 09:00:00,68.55436
2012-11-30 10:00:00,149.18277
2012-11-30 11:00:00,187.23784
2012-11-30 12:00:00,311.11496
2012-11-30 13:00:00,312.3218
2012-11-30 14:00:00,306.88095
2012-11-30 15:00:00,321.5324
2012-11-30 16:00:00,350.30756
2012-11-30 17:00:00,225.53116
2012-11-30 18:00:00,288.53946
2012-11-30 19:00:00,156.08357
2012-11-30 20:00:00,156.09175
2012-11-30 21:00:00,101.11959
2012-11-30 22:00:00,105.536766
2012-11-30 23:00:00,136.32867
2012-12-20 00:00:00,154.34412
2012-12-20 01:00:00,178.64296
2012-12-20 02:00:00,178.64362
2012-12-20 03:00:00,252.37573
2012-12-20 04:00:00,252.37463
2012-12-20 05:00:00,257.1866
2012-12-20 06:00:00,246.80821
2012-12-20 07:00:00,261.62805
2012-12-20 08:00:00,261.62747
2012-12-20 09:00:00,261.6269
2012-12-20 10:00:00,209.57526
2012-12-20 11:00:00,199.48384
2012-12-20 12:00:00,210.4526
2012-12-20 13:00:00,192.59744
2012-12-20 14:00:00,202.46057
2012-12-20 15:00:00,203.0563
2012-12-20 16:00:00,346.35703
2012-12-20 17:00:00,154.50906
2012-12-20 18:00:00,199.89204
2012-12-20 19:00:00,156.03227
2012-12-20 20:00:00,200.82425
2012-12-20 21:00:00,200.82379
2012-12-20 22:00:00,322.5517
2012-12-20 23:00:00,284.3316
2012-12-21 00:00:00,285.59503
2012-12-21 01:00:00,249.14276
2012-12-21 02:00:00,289.01538
2012-12-21 03:00:00,289.0156
2012-12-21 04:00:00,220.65671
2012-12-21 05:00:00,247.27597
2012-12-21 06:00:00,272.25577
2012-12-21 07:00:00,227.80205
2012-12-21 08:00:00,281.02124
2012-12-21 09:00:00,291.083
2012-12-21 10:00:00,279.28418
2012-12-21 11:00:00,232.10352
2012-12-21 12:00:00,269.84402
2012-12-21 13:00:00,285.0511
2012-12-21 14:00:00,299.02536
2012-12-21 15:00:00,286.74744
2012-12-21 16:00:00,303.9679
2012-12-21 17:00:00,341.19687
2012-12-21 18:00:00,343.8189
2012-12-21 19:00:00,310.39642
2012-12-21 20:00:00,296.73608
2012-12-21 21:00:00,329.28568
2012-12-21 22:00:00,312.96167
2012-12-21 23:00:00,277.1438
2012-12-22 00:00:00,339.37967
2012-12-22 01:00:00,346.4492
2012-12-22 02:00:00,339.5188
2012-12-22 03:00:00,344.9914
2012-12-22 04:00:00,272.2442
2012-12-22 05:00:00,312.19556
2012-12-22 06:00:00,325.8449
2012-12-22 07:00:00,325.8449
2012-12-22 08:00:00,340.84448
2012-12-22 09:00:00,316.2801
2012-12-22 10:00:00,320.78015
2012-12-22 11:00:00,324.74713
2012-12-22 12:00:00,377.24158
2012-12-22 13:00:00,356.82098
2012-12-22 14:00:00,352.85144
2012-12-22 15:00:00,372.29688
2012-12-22 16:00:00,341.19525
2012-12-22 17:00:00,323.03973
2012-12-22 18:00:00,344.01562
2012-12-22 19:00:00,352.16138
2012-12-22 20:00:00,274.94067
2012-12-22 21:00:00,357.5265
2012-12-22 22:00:00,357.52795
2012-12-22 23:00:00,330.7721
2012-12-23 00:00:00,318.08105
2012-12-23 01:00:00,306.74252
2012-12-23 02:00:00,334.87024
2012-12-23 03:00:00,319.22372
2012-12-23 04:00:00,300.49542
2012-12-23 05:00:00,278.3011
2012-12-23 06:00:00,316.84814
2012-12-23 07:00:00,316.84967
2012-12-23 08:00:00,307.67078
2012-12-23 09:00:00,309.11725
2012-12-23 10:00:00,312.6568
2012-12-23 11:00:00,314.41898
2012-12-23 12:00:00,291.72327
2012-12-23 13:00:00,317.85803
2012-12-23 14:00:00,351.16818
2012-12-23 15:00:00,331.8725
2012-12-23 16:00:00,338.28802
2012-12-23 17:00:00,236.3149
2012-12-23 18:00:00,291.91
2012-12-23 19:00:00,246.62311
2012-12-23 20:00:00,224.42896
2012-12-23 21:00:00,297.40744
2012-12-23 22:00:00,273.39072
2012-12-23 23:00:00,214.82877
2012-12-24 00:00:00,331.0668
2012-12-24 01:00:00,331.06818
2012-12-24 02:00:00,344.3584
2012-12-24 03:00:00,344.35974
2012-12-24 05:00:00,332.58362
2012-12-24 06:00:00,344.36383
2012-12-24 07:00:00,342.8338
2012-12-24 08:00:00,331.07776
2012-12-24 09:00:00,340.05225
2012-12-24 10:00:00,309.7163
2012-12-24 11:00:00,329.0754
2012-12-24 12:00:00,223.33028
2012-12-24 13:00:00,341.3916
2012-12-24 14:00:00,383.21338
2012-12-24 15:00:00,353.84393
2012-12-24 16:00:00,353.8459
2012-12-24 17:00:00,352.039
2012-12-24 18:00:00,385.98236
2012-12-24 19:00:00,367.08636
2012-12-24 20:00:00,366.7694
2012-12-24 21:00:00,374.43298
2012-12-24 22:00:00,360.3573
2012-12-24 23:00:00,364.8381
2012-12-25 00:00:00,390.5091
2012-12-25 01:00:00,371.4393
2012-12-25 02:00:00,371.44067
2012-12-25 04:00:00,397.70593
2012-12-25 05:00:00,391.39093
2012-12-25 06:00:00,391.39258
2012-12-25 07:00:00,386.63208
2012-12-25 08:00:00,376.8933
2012-12-25 09:00:00,385.77087
2012-12-25 10:00:00,302.79932
2012-12-25 11:00:00,277.4443
2012-12-25 12:00:00,256.00684
2012-12-25 13:00:00,416.26654
2012-12-25 14:00:00,421.43964
2012-12-25 15:00:00,237.84503
2012-12-25 16:00:00,237.97218
2012-12-25 17:00:00,314.04245
2012-12-25 18:00:00,199.35355
2012-12-25 19:00:00,191.92697
2012-12-25 20:00:00,289.5506
2012-12-25 21:00:00,276.3199
2012-12-25 22:00:00,273.52728
2012-12-25 23:00:00,293.96008
2012-12-26 00:00:00,324.50098
2012-12-26 01:00:00,371.93805
2012-12-26 02:00:00,371.93982
2012-12-26 03:00:00,352.605
2012-12-26 04:00:00,330.6491
2012-12-26 05:00:00,327.63702
2012-12-26 06:00:00,307.61472
2012-12-26 07:00:00,332.92413
2012-12-26 08:00:00,332.92514
2012-12-26 09:00:00,332.92615
2012-12-26 10:00:00,327.11612
2012-12-26 11:00:00,340.0836
2012-12-26 12:00:00,328.56357
2012-12-26 13:00:00,328.56494
2012-12-26 14:00:00,343.07864
2012-12-26 15:00:00,296.47552
2012-12-26 16:00:00,296.4767
2012-12-26 17:00:00,296.96695
2012-12-26 18:00:00,276.54218
2012-12-26 19:00:00,310.49353
2012-12-26 20:00:00,305.53558
2012-12-26 21:00:00,267.51526
2012-12-26 22:00:00,332.45395
2012-12-26 23:00:00,287.4748
2012-12-27 00:00:00,289.23383
2012-12-27 01:00:00,327.60706
2012-12-27 02:00:00,343.1524
2012-12-27 03:00:00,335.2982
2012-12-27 04:00:00,331.5196
2012-12-27 05:00:00,316.78876
2012-12-27 06:00:00,329.9481
2012-12-27 07:00:00,318.69812
2012-12-27 08:00:00,347.83026
2012-12-27 09:00:00,354.99167
2012-12-27 10:00:00,380.12695
2012-12-27 11:00:00,337.62457
2012-12-27 12:00:00,248.95135
2012-12-27 13:00:00,248.95218
2012-12-27 14:00:00,349.16608
2012-12-27 15:00:00,350.23367
2012-12-27 16:00:00,310.02203
2012-12-27 17:00:00,310.02185
2012-12-27 18:00:00,329.8206
2012-12-27 19:00:00,334.7077
2012-12-27 20:00:00,288.32092
2012-12-27 21:00:00,329.8227
2012-12-27 22:00:00,328.64172
2012-12-27 23:00:00,329.82413
2012-12-28 00:00:00,279.58588
2012-12-28 01:00:00,320.41223
2012-12-28 02:00:00,313.94363
2012-12-28 03:00:00,279.58655
2012-12-28 04:00:00,227.7217
2012-12-28 05:00:00,245.4584
2012-12-28 06:00:00,301.7282
2012-12-28 07:00:00,294.6631
2012-12-28 08:00:00,270.246
2012-12-28 09:00:00,317.05243
2012-12-28 10:00:00,283.63086
2012-12-28 11:00:00,284.56488
2012-12-28 12:00:00,210.68185
2012-12-28 13:00:00,210.6816
2012-12-28 14:00:00,210.68135
2012-12-28 15:00:00,169.31418
2012-12-28 16:00:00,204.9292
2012-12-28 17:00:00,264.16547
2012-12-28 18:00:00,264.1654
2012-12-28 19:00:00,316.9765
2012-12-28 20:00:00,323.7318
2012-12-28 21:00:00,313.88745
2012-12-28 22:00:00,327.96155
2012-12-28 23:00:00,311.88214
2012-12-29 00:00:00,294.84424
2012-12-29 01:00:00,317.5106
2012-12-29 02:00:00,294.84647
2012-12-29 03:00:00,321.19073
2012-12-29 04:00:00,317.51398
2012-12-29 05:00:00,317.51508
2012-12-29 06:00:00,286.66806
2012-12-29 07:00:00,285.88287
2012-12-29 08:00:00,320.8357
2012-12-29 09:00:00,320.83673
2012-12-29 10:00:00,311.25647
2012-12-29 11:00:00,351.25214
2012-12-29 12:00:00,354.58536
2012-12-29 13:00:00,354.58722
2012-12-29 14:00:00,371.50983
2012-12-29 15:00:00,347.73486
2012-12-29 16:00:00,304.6797
2012-12-29 17:00:00,323.63672
2012-12-29 18:00:00,262.16714
2012-12-29 19:00:00,265.5605
2012-12-29 20:00:00,301.99817
2012-12-29 21:00:00,287.28046
2012-12-29 22:00:00,291.25543
2012-12-29 23:00:00,236.43686
2012-12-30 00:00:00,268.72345
2012-12-30 01:00:00,334.22766
2012-12-30 02:00:00,244.9586
2012-12-30 03:00:00,334.22852
2012-12-30 04:00:00,228.64758
2012-12-30 05:00:00,288.86255
2012-12-30 06:00:00,327.96924
2012-12-30 07:00:00,341.47995
2012-12-30 08:00:00,344.3996
2012-12-30 09:00:00,340.6145
2012-12-30 10:00:00,336.9242
2012-12-30 11:00:00,321.5622
2012-12-30 12:00:00,378.1264
2012-12-30 13:00:00,374.9511
2012-12-30 14:00:00,388.8695
2012-12-30 15:00:00,337.17416
2012-12-30 16:00:00,334.3606
2012-12-30 17:00:00,323.32532
2012-12-30 18:00:00,323.1081
2012-12-30 19:00:00,155.8343
2012-12-30 20:00:00,353.89966
2012-12-30 21:00:00,332.40137
2012-12-30 22:00:00,284.753
2012-12-30 23:00:00,332.4176
2012-12-31 00:00:00,295.30954
2012-12-31 01:00:00,295.3102
2012-12-31 02:00:00,322.5671
2012-12-31 03:00:00,284.92078
2012-12-31 04:00:00,294.0659
2012-12-31 05:00:00,309.59283
2012-12-31 06:00:00,305.8808
2012-12-31 07:00:00,286.42786
2012-12-31 08:00:00,301.1538
2012-12-31 09:00:00,307.6558
2012-12-31 10:00:00,320.4654
2012-12-31 11:00:00,342.62555
2012-12-31 12:00:00,335.39746
2012-12-31 13:00:00,314.98315
2012-12-31 14:00:00,316.95755
2012-12-31 15:00:00,302.69614
2012-12-31 16:00:00,280.96033
2012-12-31 17:00:00,231.88791
2012-12-31 18:00:00,240.62332
2012-12-31 19:00:00,310.03046
2012-12-31 20:00:00,310.0311
2012-12-31 21:00:00,313.92432
2012-12-31 22:00:00,216.75455
2012-12-31 23:00:00,267.5116
