datetime,count
2011-01-20 00:00:00,12.3243475
2011-01-20 01:00:00,5.7115407
2011-01-20 02:00:00,4.844593
2011-01-20 03:00:00,4.3550963
2011-01-20 04:00:00,4.346828
2011-01-20 05:00:00,6.3316526
2011-01-20 06:00:00,34.232536
2011-01-20 07:00:00,89.32523
2011-01-20 08:00:00,213.50243
2011-01-20 09:00:00,119.62035
2011-01-20 10:00:00,51.874744
2011-01-20 11:00:00,53.46867
2011-01-20 12:00:00,66.00313
2011-01-20 13:00:00,63.80828
2011-01-20 14:00:00,63.267788
2011-01-20 15:00:00,70.2796
2011-01-20 16:00:00,85.36783
2011-01-20 17:00:00,174.23732
2011-01-20 18:00:00,172.55457
2011-01-20 19:00:00,106.78056
2011-01-20 20:00:00,75.83662
2011-01-20 21:00:00,54.79545
2011-01-20 22:00:00,40.93007
2011-01-20 23:00:00,28.675571
2011-01-21 00:00:00,12.836186
2011-01-21 01:00:00,5.958573
2011-01-21 02:00:00,4.371313
2011-01-21 03:00:00,3.7276924
2011-01-21 04:00:00,4.066037
2011-01-21 05:00:00,5.321562
2011-01-21 06:00:00,30.44198
2011-01-21 07:00:00,78.59558
2011-01-21 08:00:00,188.89583
2011-01-21 09:00:00,111.53021
2011-01-21 10:00:00,38.795937
2011-01-21 11:00:00,53.04948
2011-01-21 12:00:00,58.25658
2011-01-21 13:00:00,48.767113
2011-01-21 14:00:00,51.571186
2011-01-21 15:00:00,52.97409
2011-01-21 16:00:00,75.86773
2011-01-21 17:00:00,155.95956
2011-01-21 18:00:00,134.40016
2011-01-21 19:00:00,80.66115
2011-01-21 20:00:00,51.444126
2011-01-21 21:00:00,39.889954
2011-01-21 22:00:00,35.429188
2011-01-21 23:00:00,25.046118
2011-01-22 00:00:00,28.306856
2011-01-22 01:00:00,41.83047
2011-01-22 02:00:00,17.10416
2011-01-22 03:00:00,8.167695
2011-01-22 04:00:00,3.987608
2011-01-22 06:00:00,4.539834
2011-01-22 07:00:00,11.1301155
2011-01-22 08:00:00,58.739697
2011-01-22 09:00:00,33.567196
2011-01-22 10:00:00,60.789932
2011-01-22 11:00:00,76.04268
2011-01-22 12:00:00,86.11891
2011-01-22 13:00:00,89.94014
2011-01-22 14:00:00,91.6861
2011-01-22 15:00:00,91.99562
2011-01-22 16:00:00,88.220985
2011-01-22 17:00:00,77.72731
2011-01-22 18:00:00,64.53635
2011-01-22 19:00:00,51.306873
2011-01-22 20:00:00,35.62426
2011-01-22 21:00:00,33.875957
2011-01-22 22:00:00,31.760649
2011-01-22 23:00:00,25.327326
2011-01-23 00:00:00,30.99402
2011-01-23 01:00:00,24.95393
2011-01-23 02:00:00,16.191061
2011-01-23 03:00:00,9.398266
2011-01-23 05:00:00,4.1454086
2011-01-23 06:00:00,4.3070183
2011-01-23 07:00:00,9.487666
2011-01-23 08:00:00,18.199274
2011-01-23 09:00:00,23.504366
2011-01-23 10:00:00,59.574917
2011-01-23 11:00:00,73.65973
2011-01-23 12:00:00,80.05351
2011-01-23 13:00:00,85.416565
2011-01-23 14:00:00,83.419785
2011-01-23 15:00:00,86.12441
2011-01-23 16:00:00,76.62816
2011-01-23 17:00:00,59.832954
2011-01-23 18:00:00,57.922714
2011-01-23 19:00:00,39.3776
2011-01-23 20:00:00,33.80286
2011-01-23 21:00:00,29.308168
2011-01-23 22:00:00,19.401413
2011-01-23 23:00:00,15.847645
2011-01-24 00:00:00,8.515503
2011-01-24 01:00:00,5.4294615
2011-01-24 03:00:00,3.9593248
2011-01-24 04:00:00,3.8385417
2011-01-24 05:00:00,5.385373
2011-01-24 06:00:00,24.071606
2011-01-24 07:00:00,63.74096
2011-01-24 08:00:00,164.78679
2011-01-24 09:00:00,94.61964
2011-01-24 10:00:00,29.353725
2011-01-24 11:00:00,30.621618
2011-01-24 12:00:00,44.739906
2011-01-24 13:00:00,43.012806
2011-01-24 14:00:00,36.26077
2011-01-24 15:00:00,45.786434
2011-01-24 16:00:00,60.825214
2011-01-24 17:00:00,151.31784
2011-01-24 18:00:00,153.06671
2011-01-24 19:00:00,99.34528
2011-01-24 20:00:00,66.823906
2011-01-24 21:00:00,46.344837
2011-01-24 22:00:00,28.855173
2011-01-24 23:00:00,16.033941
2011-01-25 00:00:00,8.364867
2011-01-25 01:00:00,5.7826767
2011-01-25 02:00:00,4.435436
2011-01-25 04:00:00,4.1547813
2011-01-25 05:00:00,5.8407845
2011-01-25 06:00:00,30.352581
2011-01-25 07:00:00,80.14689
2011-01-25 08:00:00,185.06241
2011-01-25 09:00:00,108.45261
2011-01-25 10:00:00,40.012352
2011-01-25 11:00:00,48.254288
2011-01-25 12:00:00,60.959103
2011-01-25 13:00:00,61.937225
2011-01-25 14:00:00,53.29041
2011-01-25 15:00:00,62.711502
2011-01-25 16:00:00,80.01376
2011-01-25 17:00:00,191.99911
2011-01-25 18:00:00,180.74515
2011-01-25 19:00:00,106.84221
2011-01-25 20:00:00,76.16939
2011-01-25 21:00:00,55.05489
2011-01-25 22:00:00,36.5601
2011-01-25 23:00:00,19.654224
2011-01-26 00:00:00,9.152894
2011-01-26 01:00:00,5.720912
2011-01-26 02:00:00,4.2627416
2011-01-26 05:00:00,4.148727
2011-01-26 06:00:00,19.611462
2011-01-26 07:00:00,53.901024
2011-01-26 08:00:00,129.83209
2011-01-26 09:00:00,79.71511
2011-01-26 10:00:00,27.306276
2011-01-26 11:00:00,24.931871
2011-01-26 12:00:00,28.590523
2011-01-26 13:00:00,30.734304
2011-01-26 14:00:00,28.908575
2011-01-26 15:00:00,28.506893
2011-01-26 16:00:00,47.42638
2011-01-26 17:00:00,85.10925
2011-01-27 16:00:00,77.04706
2011-01-27 17:00:00,162.58679
2011-01-27 18:00:00,161.03264
2011-01-27 19:00:00,105.54193
2011-01-27 20:00:00,79.99477
2011-01-27 21:00:00,60.825977
2011-01-27 22:00:00,44.62883
2011-01-27 23:00:00,28.569063
2011-01-28 00:00:00,12.78909
2011-01-28 01:00:00,6.9006977
2011-01-28 02:00:00,4.6210284
2011-01-28 03:00:00,4.182787
2011-01-28 05:00:00,6.358136
2011-01-28 06:00:00,29.755835
2011-01-28 07:00:00,81.06359
2011-01-28 08:00:00,193.76543
2011-01-28 09:00:00,86.10491
2011-01-28 10:00:00,37.211964
2011-01-28 11:00:00,38.224655
2011-01-28 12:00:00,40.268105
2011-01-28 13:00:00,38.97482
2011-01-28 14:00:00,32.691757
2011-01-28 15:00:00,53.420204
2011-01-28 16:00:00,76.13466
2011-01-28 17:00:00,178.6055
2011-01-28 18:00:00,150.97595
2011-01-28 19:00:00,98.401184
2011-01-28 20:00:00,66.49274
2011-01-28 21:00:00,47.266724
2011-01-28 22:00:00,43.168575
2011-01-28 23:00:00,35.053932
2011-01-29 00:00:00,30.240402
2011-01-29 01:00:00,24.835949
2011-01-29 02:00:00,15.030534
2011-01-29 03:00:00,8.868407
2011-01-29 04:00:00,4.3624444
2011-01-29 06:00:00,4.8263626
2011-01-29 07:00:00,10.668545
2011-01-29 08:00:00,21.920292
2011-01-29 09:00:00,38.089367
2011-01-29 10:00:00,72.775375
2011-01-29 11:00:00,80.51903
2011-01-29 12:00:00,90.565216
2011-01-29 13:00:00,92.411194
2011-01-29 14:00:00,90.04239
2011-01-29 15:00:00,93.2608
2011-01-29 16:00:00,95.92175
2011-01-29 17:00:00,81.957924
2011-01-29 18:00:00,74.74432
2011-01-29 19:00:00,59.29584
2011-01-29 20:00:00,48.903893
2011-01-29 21:00:00,43.262
2011-01-29 22:00:00,38.15727
2011-01-29 23:00:00,29.55214
2011-01-30 00:00:00,31.451164
2011-01-30 01:00:00,28.794893
2011-01-30 02:00:00,21.543673
2011-01-30 03:00:00,10.714592
2011-01-30 04:00:00,4.2957916
2011-01-30 05:00:00,4.3954363
2011-01-30 07:00:00,7.439006
2011-01-30 08:00:00,18.09342
2011-01-30 09:00:00,27.721952
2011-01-30 10:00:00,67.8943
2011-01-30 11:00:00,80.9398
2011-01-30 12:00:00,113.83275
2011-01-30 13:00:00,99.57994
2011-01-30 14:00:00,101.920395
2011-01-30 15:00:00,107.214035
2011-01-30 16:00:00,105.255585
2011-01-30 17:00:00,81.435295
2011-01-30 18:00:00,73.549965
2011-01-30 19:00:00,52.33779
2011-01-30 20:00:00,38.46618
2011-01-30 21:00:00,31.387676
2011-01-30 22:00:00,27.136702
2011-01-30 23:00:00,17.18109
2011-01-31 00:00:00,8.981939
2011-01-31 01:00:00,5.0737677
2011-01-31 02:00:00,4.3930893
2011-01-31 03:00:00,4.0778
2011-01-31 04:00:00,4.0295863
2011-01-31 05:00:00,4.5958543
2011-01-31 06:00:00,26.451416
2011-01-31 07:00:00,75.317375
2011-01-31 08:00:00,175.4835
2011-01-31 09:00:00,100.38534
2011-01-31 10:00:00,33.463234
2011-01-31 11:00:00,35.2378
2011-01-31 12:00:00,43.945873
2011-01-31 13:00:00,42.82986
2011-01-31 14:00:00,38.715225
2011-01-31 15:00:00,43.958874
2011-01-31 16:00:00,65.191216
2011-01-31 17:00:00,155.02896
2011-01-31 18:00:00,153.08322
2011-01-31 19:00:00,110.480515
2011-01-31 20:00:00,55.76148
2011-01-31 21:00:00,39.26323
2011-01-31 22:00:00,32.160458
2011-01-31 23:00:00,16.96774
2011-02-20 00:00:00,32.880554
2011-02-20 01:00:00,27.480072
2011-02-20 02:00:00,20.138996
2011-02-20 03:00:00,9.451026
2011-02-20 04:00:00,4.269904
2011-02-20 06:00:00,4.787798
2011-02-20 07:00:00,18.690956
2011-02-20 08:00:00,27.05154
2011-02-20 09:00:00,44.698574
2011-02-20 10:00:00,97.084114
2011-02-20 11:00:00,111.4901
2011-02-20 12:00:00,140.35568
2011-02-20 13:00:00,145.26054
2011-02-20 14:00:00,148.4223
2011-02-20 15:00:00,160.26825
2011-02-20 16:00:00,149.5505
2011-02-20 17:00:00,123.84506
2011-02-20 18:00:00,93.36951
2011-02-20 19:00:00,73.066536
2011-02-20 20:00:00,46.685905
2011-02-20 21:00:00,41.839264
2011-02-20 22:00:00,42.66417
2011-02-20 23:00:00,23.438921
2011-02-21 00:00:00,26.156086
2011-02-21 01:00:00,15.755677
2011-02-21 02:00:00,8.217375
2011-02-21 03:00:00,4.922688
2011-02-21 04:00:00,4.4708896
2011-02-21 05:00:00,5.8014784
2011-02-21 06:00:00,18.370571
2011-02-21 07:00:00,63.842007
2011-02-21 08:00:00,119.29184
2011-02-21 09:00:00,91.61561
2011-02-21 10:00:00,90.2133
2011-02-21 11:00:00,103.561714
2011-02-21 12:00:00,114.99832
2011-02-21 13:00:00,75.323105
2011-02-21 14:00:00,107.108185
2011-02-21 15:00:00,101.434456
2011-02-21 16:00:00,78.77597
2011-02-21 17:00:00,135.84227
2011-02-21 18:00:00,99.435555
2011-02-21 19:00:00,88.341705
2011-02-21 20:00:00,44.20373
2011-02-21 21:00:00,34.467026
2011-02-21 22:00:00,22.312864
2011-02-21 23:00:00,14.920241
2011-02-22 06:00:00,29.637486
2011-02-22 07:00:00,85.34521
2011-02-22 08:00:00,201.56143
2011-02-22 09:00:00,120.54332
2011-02-22 10:00:00,48.747234
2011-02-22 11:00:00,51.05745
2011-02-22 12:00:00,65.57091
2011-02-22 13:00:00,68.0022
2011-02-22 14:00:00,64.88948
2011-02-22 15:00:00,72.486565
2011-02-22 16:00:00,85.709114
2011-02-22 17:00:00,179.13826
2011-02-22 18:00:00,180.23703
2011-02-22 19:00:00,105.863014
2011-02-22 20:00:00,79.06676
2011-02-22 21:00:00,58.390594
2011-02-22 22:00:00,37.20301
2011-02-22 23:00:00,22.64926
2011-02-23 00:00:00,10.179945
2011-02-23 01:00:00,5.9410634
2011-02-23 02:00:00,4.5047555
2011-02-23 03:00:00,4.1150923
2011-02-23 05:00:00,6.055375
2011-02-23 06:00:00,31.15271
2011-02-23 07:00:00,100.31019
2011-02-23 08:00:00,209.13568
2011-02-23 09:00:00,130.11827
2011-02-23 10:00:00,53.17709
2011-02-23 11:00:00,59.4964
2011-02-23 12:00:00,80.04497
2011-02-23 13:00:00,82.41437
2011-02-23 14:00:00,76.10216
2011-02-23 15:00:00,85.71865
2011-02-23 16:00:00,96.80299
2011-02-23 17:00:00,217.43651
2011-02-23 18:00:00,208.28058
2011-02-23 19:00:00,129.61963
2011-02-23 20:00:00,86.64593
2011-02-23 21:00:00,61.190247
2011-02-23 22:00:00,44.23843
2011-02-23 23:00:00,28.555439
2011-02-24 00:00:00,11.726157
2011-02-24 01:00:00,6.379092
2011-02-24 02:00:00,4.667286
2011-02-24 03:00:00,4.295158
2011-02-24 05:00:00,6.953751
2011-02-24 06:00:00,36.458107
2011-02-24 07:00:00,107.70347
2011-02-24 08:00:00,247.61493
2011-02-24 09:00:00,133.32574
2011-02-24 10:00:00,61.354263
2011-02-24 11:00:00,72.82887
2011-02-24 12:00:00,80.54268
2011-02-24 13:00:00,82.29083
2011-02-24 14:00:00,75.886154
2011-02-24 15:00:00,60.68881
2011-02-24 16:00:00,64.33731
2011-02-24 17:00:00,168.40399
2011-02-24 18:00:00,138.72061
2011-02-24 19:00:00,71.489334
2011-02-24 20:00:00,74.28901
2011-02-24 21:00:00,66.05911
2011-02-24 22:00:00,29.443274
2011-02-24 23:00:00,31.33525
2011-02-25 00:00:00,13.468113
2011-02-25 01:00:00,8.648857
2011-02-25 02:00:00,5.7978578
2011-02-25 03:00:00,4.358056
2011-02-25 05:00:00,7.272502
2011-02-25 06:00:00,29.479458
2011-02-25 07:00:00,61.67346
2011-02-25 08:00:00,155.48521
2011-02-25 09:00:00,76.205376
2011-02-25 10:00:00,35.63764
2011-02-25 11:00:00,111.16699
2011-02-25 12:00:00,112.42775
2011-02-25 13:00:00,111.92559
2011-02-25 14:00:00,105.27755
2011-02-25 15:00:00,129.71161
2011-02-25 16:00:00,103.51138
2011-02-25 17:00:00,179.17635
2011-02-25 18:00:00,154.57185
2011-02-25 19:00:00,102.850136
2011-02-25 20:00:00,59.75355
2011-02-25 21:00:00,52.584217
2011-02-25 22:00:00,43.295704
2011-02-25 23:00:00,34.129845
2011-02-26 00:00:00,29.844126
2011-02-26 01:00:00,21.456484
2011-02-26 02:00:00,15.363426
2011-02-26 03:00:00,9.013724
2011-02-26 04:00:00,4.353892
2011-02-26 05:00:00,4.445227
2011-02-26 06:00:00,5.0190983
2011-02-26 07:00:00,20.982176
2011-02-26 08:00:00,36.993862
2011-02-26 09:00:00,62.74445
2011-02-26 10:00:00,103.08478
2011-02-26 11:00:00,116.7363
2011-02-26 12:00:00,139.04823
2011-02-26 13:00:00,142.89827
2011-02-26 14:00:00,135.77042
2011-02-26 15:00:00,146.07079
2011-02-26 16:00:00,139.51173
2011-02-26 17:00:00,130.9673
2011-02-26 18:00:00,104.69551
2011-02-26 19:00:00,76.684395
2011-02-26 20:00:00,63.078976
2011-02-26 21:00:00,49.32793
2011-02-26 22:00:00,47.135635
2011-02-26 23:00:00,37.087185
2011-02-27 00:00:00,32.819443
2011-02-27 01:00:00,30.38977
2011-02-27 02:00:00,23.663317
2011-02-27 03:00:00,10.997653
2011-02-27 04:00:00,4.627758
2011-02-27 06:00:00,4.817589
2011-02-27 07:00:00,19.619644
2011-02-27 08:00:00,32.515575
2011-02-27 09:00:00,58.20655
2011-02-27 10:00:00,94.90729
2011-02-27 11:00:00,134.53676
2011-02-27 12:00:00,159.64496
2011-02-27 13:00:00,169.54929
2011-02-27 14:00:00,188.59662
2011-02-27 15:00:00,217.44283
2011-02-27 16:00:00,220.8207
2011-02-27 17:00:00,142.94666
2011-02-27 18:00:00,110.50799
2011-02-27 19:00:00,86.12538
2011-02-27 20:00:00,62.434444
2011-02-27 21:00:00,52.43339
2011-02-27 22:00:00,41.580788
2011-02-27 23:00:00,30.89237
2011-02-28 00:00:00,13.190234
2011-02-28 01:00:00,5.640557
2011-02-28 03:00:00,3.8223603
2011-02-28 05:00:00,6.5100574
2011-02-28 06:00:00,34.203773
2011-02-28 07:00:00,101.370125
2011-02-28 08:00:00,212.8307
2011-02-28 09:00:00,133.20273
2011-02-28 10:00:00,81.48601
2011-02-28 11:00:00,93.90754
2011-02-28 12:00:00,120.04106
2011-02-28 13:00:00,62.193485
2011-02-28 14:00:00,34.516335
2011-02-28 15:00:00,36.016655
2011-02-28 16:00:00,66.6371
2011-02-28 17:00:00,83.47949
2011-02-28 18:00:00,106.071106
2011-02-28 19:00:00,60.64755
2011-02-28 20:00:00,43.00555
2011-02-28 21:00:00,61.124813
2011-02-28 22:00:00,18.790121
2011-02-28 23:00:00,19.08659
2011-03-20 00:00:00,37.303368
2011-03-20 01:00:00,32.09952
2011-03-20 02:00:00,20.064398
2011-03-20 03:00:00,11.390965
2011-03-20 04:00:00,4.7782536
2011-03-20 05:00:00,4.7045536
2011-03-20 06:00:00,5.6426115
2011-03-20 07:00:00,25.649431
2011-03-20 08:00:00,41.105644
2011-03-20 09:00:00,70.41551
2011-03-20 10:00:00,125.23682
2011-03-20 11:00:00,157.9362
2011-03-20 12:00:00,193.30544
2011-03-20 13:00:00,196.05168
2011-03-20 14:00:00,196.56354
2011-03-20 15:00:00,221.51904
2011-03-20 16:00:00,203.38525
2011-03-20 17:00:00,171.38841
2011-03-20 18:00:00,144.79248
2011-03-20 19:00:00,98.267395
2011-03-20 20:00:00,70.60947
2011-03-20 21:00:00,60.59224
2011-03-20 22:00:00,45.411484
2011-03-20 23:00:00,25.492556
2011-03-21 00:00:00,11.986496
2011-03-21 01:00:00,6.623823
2011-03-21 02:00:00,5.6485095
2011-03-21 03:00:00,4.351898
2011-03-21 05:00:00,7.150019
2011-03-21 06:00:00,26.681349
2011-03-21 07:00:00,71.0172
2011-03-21 08:00:00,235.6516
2011-03-21 09:00:00,128.86127
2011-03-21 10:00:00,65.69103
2011-03-21 11:00:00,80.46998
2011-03-21 12:00:00,95.42037
2011-03-21 13:00:00,126.96795
2011-03-21 14:00:00,115.7321
2011-03-21 15:00:00,132.8833
2011-03-21 16:00:00,157.83746
2011-03-21 17:00:00,332.25516
2011-03-21 18:00:00,320.05988
2011-03-21 19:00:00,265.80084
2011-03-21 20:00:00,179.39586
2011-03-21 21:00:00,80.16519
2011-03-21 22:00:00,67.40178
2011-03-21 23:00:00,49.696304
2011-03-22 00:00:00,22.988985
2011-03-22 01:00:00,7.380195
2011-03-22 02:00:00,6.5899944
2011-03-22 03:00:00,4.9250245
2011-03-22 04:00:00,5.0312033
2011-03-22 05:00:00,9.552663
2011-03-22 06:00:00,46.952576
2011-03-22 07:00:00,145.89177
2011-03-22 08:00:00,273.83112
2011-03-22 09:00:00,135.76353
2011-03-22 10:00:00,82.74629
2011-03-22 11:00:00,91.02382
2011-03-22 12:00:00,122.79525
2011-03-22 13:00:00,120.93292
2011-03-22 14:00:00,115.58576
2011-03-22 15:00:00,128.237
2011-03-22 16:00:00,173.37949
2011-03-22 17:00:00,340.72583
2011-03-22 18:00:00,327.93274
2011-03-22 19:00:00,187.30084
2011-03-22 20:00:00,127.83629
2011-03-22 21:00:00,88.52335
2011-03-22 22:00:00,64.910645
2011-03-22 23:00:00,38.261097
2011-03-23 00:00:00,13.919448
2011-03-23 01:00:00,7.469704
2011-03-23 02:00:00,5.847752
2011-03-23 03:00:00,4.6684318
2011-03-23 05:00:00,8.977832
2011-03-23 06:00:00,39.361786
2011-03-23 07:00:00,104.319824
2011-03-23 08:00:00,268.2317
2011-03-23 09:00:00,136.93253
2011-03-23 10:00:00,55.085464
2011-03-23 11:00:00,65.12002
2011-03-23 12:00:00,67.78425
2011-03-23 13:00:00,72.41134
2011-03-23 14:00:00,70.25947
2011-03-23 15:00:00,81.42068
2011-03-23 16:00:00,122.85142
2011-03-23 17:00:00,235.48843
2011-03-23 18:00:00,141.72559
2011-03-23 19:00:00,105.54308
2011-03-23 20:00:00,38.40564
2011-03-23 21:00:00,38.330997
2011-03-23 22:00:00,46.92796
2011-03-23 23:00:00,23.446016
2011-03-24 00:00:00,11.3596115
2011-03-24 01:00:00,6.97793
2011-03-24 02:00:00,5.900023
2011-03-24 03:00:00,4.4402347
2011-03-24 04:00:00,4.3913245
2011-03-24 05:00:00,8.271202
2011-03-24 06:00:00,39.800423
2011-03-24 07:00:00,68.65947
2011-03-24 08:00:00,117.54985
2011-03-24 09:00:00,129.4598
2011-03-24 10:00:00,56.43046
2011-03-24 11:00:00,66.07388
2011-03-24 12:00:00,77.503716
2011-03-24 13:00:00,86.95577
2011-03-24 14:00:00,83.4167
2011-03-24 15:00:00,81.91335
2011-03-24 16:00:00,104.26909
2011-03-24 17:00:00,201.93718
2011-03-24 18:00:00,193.98473
2011-03-24 19:00:00,139.55386
2011-03-24 20:00:00,98.04833
2011-03-24 21:00:00,79.40592
2011-03-24 22:00:00,62.292316
2011-03-24 23:00:00,37.490192
2011-03-25 00:00:00,16.065905
2011-03-25 01:00:00,7.3430533
2011-03-25 02:00:00,6.297658
2011-03-25 03:00:00,4.681913
2011-03-25 04:00:00,4.489093
2011-03-25 05:00:00,8.447972
2011-03-25 06:00:00,34.498653
2011-03-25 07:00:00,105.584946
2011-03-25 08:00:00,243.52661
2011-03-25 09:00:00,143.38295
2011-03-25 10:00:00,69.29135
2011-03-25 11:00:00,82.489815
2011-03-25 12:00:00,105.52587
2011-03-25 13:00:00,106.27849
2011-03-25 14:00:00,113.322075
2011-03-25 15:00:00,103.14751
2011-03-25 16:00:00,136.39383
2011-03-25 17:00:00,223.6146
2011-03-25 18:00:00,196.5849
2011-03-25 19:00:00,130.0139
2011-03-25 20:00:00,86.417694
2011-03-25 21:00:00,75.66473
2011-03-25 22:00:00,51.070538
2011-03-25 23:00:00,38.659885
2011-03-26 00:00:00,33.921654
2011-03-26 01:00:00,28.273218
2011-03-26 02:00:00,16.66733
2011-03-26 03:00:00,9.2038765
2011-03-26 04:00:00,4.780956
2011-03-26 05:00:00,4.7940536
2011-03-26 06:00:00,7.3942695
2011-03-26 07:00:00,26.23134
2011-03-26 08:00:00,50.337902
2011-03-26 09:00:00,80.92248
2011-03-26 10:00:00,118.27875
2011-03-26 11:00:00,138.26535
2011-03-26 12:00:00,173.91489
2011-03-26 13:00:00,191.97586
2011-03-26 14:00:00,192.03485
2011-03-26 15:00:00,203.18564
2011-03-26 16:00:00,179.67958
2011-03-26 17:00:00,169.62025
2011-03-26 18:00:00,138.93562
2011-03-26 19:00:00,93.893326
2011-03-26 20:00:00,66.13092
2011-03-26 21:00:00,58.20922
2011-03-26 22:00:00,52.489677
2011-03-26 23:00:00,35.459805
2011-03-27 00:00:00,37.944675
2011-03-27 01:00:00,28.05798
2011-03-27 02:00:00,19.619576
2011-03-27 03:00:00,10.232675
2011-03-27 04:00:00,5.483296
2011-03-27 06:00:00,7.386025
2011-03-27 07:00:00,28.890373
2011-03-27 08:00:00,38.08183
2011-03-27 09:00:00,65.3327
2011-03-27 10:00:00,106.8608
2011-03-27 11:00:00,134.68245
2011-03-27 12:00:00,155.62979
2011-03-27 13:00:00,176.22516
2011-03-27 14:00:00,174.09793
2011-03-27 15:00:00,179.66696
2011-03-27 16:00:00,170.15216
2011-03-27 17:00:00,165.95067
2011-03-27 18:00:00,128.28723
2011-03-27 19:00:00,93.42901
2011-03-27 20:00:00,65.562965
2011-03-27 21:00:00,50.12753
2011-03-27 22:00:00,41.407887
2011-03-27 23:00:00,28.552387
2011-03-28 00:00:00,10.479402
2011-03-28 01:00:00,5.5744734
2011-03-28 02:00:00,5.5511103
2011-03-28 03:00:00,4.3003335
2011-03-28 05:00:00,7.107918
2011-03-28 06:00:00,34.084145
2011-03-28 07:00:00,108.0354
2011-03-28 08:00:00,234.2454
2011-03-28 09:00:00,133.44582
2011-03-28 10:00:00,67.50267
2011-03-28 11:00:00,75.30245
2011-03-28 12:00:00,84.85552
2011-03-28 13:00:00,89.11004
2011-03-28 14:00:00,87.11825
2011-03-28 15:00:00,91.37658
2011-03-28 16:00:00,114.673134
2011-03-28 17:00:00,239.85971
2011-03-28 18:00:00,218.24112
2011-03-28 19:00:00,158.5913
2011-03-28 20:00:00,105.5866
2011-03-28 21:00:00,81.52761
2011-03-28 22:00:00,56.359726
2011-03-28 23:00:00,30.648346
2011-03-29 00:00:00,10.3326435
2011-03-29 01:00:00,5.1604805
2011-03-29 02:00:00,5.397024
2011-03-29 03:00:00,4.5986433
2011-03-29 04:00:00,4.358475
2011-03-29 05:00:00,7.5457473
2011-03-29 06:00:00,37.335106
2011-03-29 07:00:00,116.68825
2011-03-29 08:00:00,251.42844
2011-03-29 09:00:00,140.963
2011-03-29 10:00:00,68.38168
2011-03-29 11:00:00,75.58579
2011-03-29 12:00:00,100.24957
2011-03-29 13:00:00,91.71048
2011-03-29 14:00:00,91.820015
2011-03-29 15:00:00,101.97259
2011-03-29 16:00:00,138.05064
2011-03-29 17:00:00,277.59915
2011-03-29 18:00:00,267.58124
2011-03-29 19:00:00,169.89188
2011-03-29 20:00:00,122.37139
2011-03-29 21:00:00,79.60839
2011-03-29 22:00:00,59.267982
2011-03-29 23:00:00,33.600178
2011-03-30 00:00:00,14.101101
2011-03-30 01:00:00,7.5089946
2011-03-30 02:00:00,5.615744
2011-03-30 03:00:00,4.7849483
2011-03-30 04:00:00,4.8702197
2011-03-30 05:00:00,9.134861
2011-03-30 06:00:00,39.709084
2011-03-30 07:00:00,133.82648
2011-03-30 08:00:00,270.9114
2011-03-30 09:00:00,143.95564
2011-03-30 10:00:00,65.40914
2011-03-30 11:00:00,67.80681
2011-03-30 12:00:00,88.04316
2011-03-30 13:00:00,86.3674
2011-03-30 14:00:00,75.996735
2011-03-30 15:00:00,45.408085
2011-03-30 16:00:00,66.55443
2011-03-30 17:00:00,121.3242
2011-03-30 18:00:00,117.74184
2011-03-30 19:00:00,100.50057
2011-03-30 20:00:00,50.24785
2011-03-30 21:00:00,59.24163
2011-03-30 22:00:00,31.166752
2011-03-30 23:00:00,15.003403
2011-03-31 00:00:00,8.764146
2011-03-31 01:00:00,7.007612
2011-03-31 02:00:00,6.3911858
2011-03-31 03:00:00,4.405951
2011-03-31 04:00:00,4.4373345
2011-03-31 05:00:00,8.837558
2011-03-31 06:00:00,26.917324
2011-03-31 07:00:00,73.17742
2011-03-31 08:00:00,218.8197
2011-03-31 09:00:00,91.93049
2011-03-31 10:00:00,53.279118
2011-03-31 11:00:00,62.56343
2011-03-31 12:00:00,67.57729
2011-03-31 13:00:00,77.438614
2011-03-31 14:00:00,75.068794
2011-03-31 15:00:00,53.650524
2011-03-31 16:00:00,89.0503
2011-03-31 17:00:00,167.28757
2011-03-31 18:00:00,177.93463
2011-03-31 19:00:00,142.3379
2011-03-31 20:00:00,59.14774
2011-03-31 21:00:00,68.88911
2011-03-31 22:00:00,35.274853
2011-03-31 23:00:00,29.481659
2011-04-20 00:00:00,28.655247
2011-04-20 01:00:00,9.058933
2011-04-20 02:00:00,7.9565372
2011-04-20 03:00:00,5.218944
2011-04-20 04:00:00,5.2706776
2011-04-20 05:00:00,13.816743
2011-04-20 06:00:00,66.53399
2011-04-20 07:00:00,178.99341
2011-04-20 08:00:00,373.95197
2011-04-20 09:00:00,193.36383
2011-04-20 10:00:00,108.99999
2011-04-20 11:00:00,123.3412
2011-04-20 12:00:00,160.42471
2011-04-20 13:00:00,154.59973
2011-04-20 14:00:00,133.8398
2011-04-20 15:00:00,139.54659
2011-04-20 16:00:00,215.31664
2011-04-20 17:00:00,414.95996
2011-04-20 18:00:00,414.12064
2011-04-20 19:00:00,318.43048
2011-04-20 20:00:00,227.11652
2011-04-20 21:00:00,168.89882
2011-04-20 22:00:00,119.10447
2011-04-20 23:00:00,61.697365
2011-04-21 00:00:00,35.952568
2011-04-21 01:00:00,13.451078
2011-04-21 02:00:00,9.485502
2011-04-21 03:00:00,5.5878634
2011-04-21 04:00:00,5.3583226
2011-04-21 05:00:00,14.787844
2011-04-21 06:00:00,59.785362
2011-04-21 07:00:00,187.30128
2011-04-21 08:00:00,328.21124
2011-04-21 09:00:00,179.82794
2011-04-21 10:00:00,106.59961
2011-04-21 11:00:00,121.36368
2011-04-21 12:00:00,158.89099
2011-04-21 13:00:00,159.47751
2011-04-21 14:00:00,146.03061
2011-04-21 15:00:00,156.72476
2011-04-21 16:00:00,220.1956
2011-04-21 17:00:00,448.7854
2011-04-21 18:00:00,386.26263
2011-04-21 19:00:00,266.08472
2011-04-21 20:00:00,199.93387
2011-04-21 21:00:00,137.38904
2011-04-21 22:00:00,110.27309
2011-04-21 23:00:00,71.89107
2011-04-22 00:00:00,34.673912
2011-04-22 01:00:00,13.626876
2011-04-22 02:00:00,8.404615
2011-04-22 03:00:00,5.6102443
2011-04-22 04:00:00,5.4718137
2011-04-22 05:00:00,15.482425
2011-04-22 06:00:00,54.726665
2011-04-22 07:00:00,147.56633
2011-04-22 08:00:00,332.719
2011-04-22 09:00:00,134.78018
2011-04-22 10:00:00,104.01463
2011-04-22 11:00:00,89.951004
2011-04-22 12:00:00,91.20694
2011-04-22 13:00:00,83.98866
2011-04-22 14:00:00,64.67707
2011-04-22 15:00:00,86.90153
2011-04-22 16:00:00,147.08878
2011-04-22 17:00:00,158.45732
2011-04-22 18:00:00,134.3506
2011-04-22 19:00:00,106.63135
2011-04-22 20:00:00,90.06453
2011-04-22 21:00:00,69.37298
2011-04-22 22:00:00,55.790016
2011-04-22 23:00:00,47.66516
2011-04-23 00:00:00,38.241554
2011-04-23 01:00:00,34.42009
2011-04-23 02:00:00,32.291508
2011-04-23 03:00:00,17.080294
2011-04-23 04:00:00,5.421653
2011-04-23 05:00:00,5.3399444
2011-04-23 06:00:00,11.527519
2011-04-23 07:00:00,34.124504
2011-04-23 08:00:00,63.88525
2011-04-23 09:00:00,90.11501
2011-04-23 10:00:00,147.94212
2011-04-23 11:00:00,201.83086
2011-04-23 12:00:00,242.35608
2011-04-23 13:00:00,254.91803
2011-04-23 14:00:00,296.0595
2011-04-23 15:00:00,316.23367
2011-04-23 16:00:00,323.53348
2011-04-23 17:00:00,318.41763
2011-04-23 18:00:00,272.80005
2011-04-23 19:00:00,191.89102
2011-04-23 20:00:00,130.86853
2011-04-23 21:00:00,109.1197
2011-04-23 22:00:00,105.87465
2011-04-23 23:00:00,75.42207
2011-04-24 00:00:00,64.48024
2011-04-24 01:00:00,57.797127
2011-04-24 02:00:00,41.80299
2011-04-24 03:00:00,20.822338
2011-04-24 04:00:00,8.067766
2011-04-24 05:00:00,8.074442
2011-04-24 06:00:00,9.777275
2011-04-24 07:00:00,32.03836
2011-04-24 08:00:00,65.440285
2011-04-24 09:00:00,137.23546
2011-04-24 10:00:00,234.02048
2011-04-24 11:00:00,345.84637
2011-04-24 12:00:00,378.90875
2011-04-24 13:00:00,375.64526
2011-04-24 14:00:00,368.15784
2011-04-24 15:00:00,364.15146
2011-04-24 16:00:00,375.22864
2011-04-24 17:00:00,349.81592
2011-04-24 18:00:00,317.6039
2011-04-24 19:00:00,164.63347
2011-04-24 20:00:00,113.550095
2011-04-24 21:00:00,64.89629
2011-04-24 22:00:00,43.416084
2011-04-24 23:00:00,40.793667
2011-04-25 00:00:00,17.079908
2011-04-25 01:00:00,10.71521
2011-04-25 02:00:00,7.2024407
2011-04-25 03:00:00,5.12239
2011-04-25 04:00:00,5.2232304
2011-04-25 05:00:00,11.899176
2011-04-25 06:00:00,59.22004
2011-04-25 07:00:00,167.77467
2011-04-25 08:00:00,337.93762
2011-04-25 09:00:00,175.75893
2011-04-25 10:00:00,107.27999
2011-04-25 11:00:00,123.01883
2011-04-25 12:00:00,171.57462
2011-04-25 13:00:00,158.33792
2011-04-25 14:00:00,140.42479
2011-04-25 15:00:00,145.7619
2011-04-25 16:00:00,229.47125
2011-04-25 17:00:00,453.3098
2011-04-25 18:00:00,452.05472
2011-04-25 19:00:00,318.76855
2011-04-25 20:00:00,231.84552
2011-04-25 21:00:00,159.51436
2011-04-25 22:00:00,102.3399
2011-04-25 23:00:00,53.83869
2011-04-26 00:00:00,37.314926
2011-04-26 01:00:00,15.973962
2011-04-26 02:00:00,8.618721
2011-04-26 03:00:00,5.2418237
2011-04-26 04:00:00,5.9924245
2011-04-26 05:00:00,16.233246
2011-04-26 06:00:00,75.70972
2011-04-26 07:00:00,233.32877
2011-04-26 08:00:00,370.58957
2011-04-26 09:00:00,190.08044
2011-04-26 10:00:00,109.90587
2011-04-26 11:00:00,127.984825
2011-04-26 12:00:00,156.2508
2011-04-26 13:00:00,140.45409
2011-04-26 14:00:00,139.25032
2011-04-26 15:00:00,147.22878
2011-04-26 16:00:00,233.67566
2011-04-26 17:00:00,460.31723
2011-04-26 18:00:00,453.75748
2011-04-26 19:00:00,299.78766
2011-04-26 20:00:00,208.10893
2011-04-26 21:00:00,156.50293
2011-04-26 22:00:00,102.39294
2011-04-26 23:00:00,52.12433
2011-04-27 00:00:00,30.742163
2011-04-27 01:00:00,15.013766
2011-04-27 02:00:00,8.8818245
2011-04-27 03:00:00,5.608204
2011-04-27 04:00:00,5.3811474
2011-04-27 05:00:00,12.293264
2011-04-27 06:00:00,69.26251
2011-04-27 07:00:00,224.82791
2011-04-27 08:00:00,367.86832
2011-04-27 09:00:00,177.0405
2011-04-27 10:00:00,90.681175
2011-04-27 11:00:00,101.06476
2011-04-27 12:00:00,133.11513
2011-04-27 13:00:00,127.80542
2011-04-27 14:00:00,136.04027
2011-04-27 15:00:00,133.60445
2011-04-27 16:00:00,214.95644
2011-04-27 17:00:00,260.83282
2011-04-27 18:00:00,256.34665
2011-04-27 19:00:00,274.23752
2011-04-27 20:00:00,148.3397
2011-04-27 21:00:00,119.391846
2011-04-27 22:00:00,70.25262
2011-04-27 23:00:00,44.38847
2011-04-28 00:00:00,36.21174
2011-04-28 01:00:00,15.205756
2011-04-28 02:00:00,8.298666
2011-04-28 03:00:00,6.163763
2011-04-28 04:00:00,6.0738063
2011-04-28 05:00:00,19.52589
2011-04-28 06:00:00,73.41941
2011-04-28 07:00:00,227.7497
2011-04-28 08:00:00,381.39868
2011-04-28 09:00:00,156.4955
2011-04-28 10:00:00,94.80721
2011-04-28 11:00:00,102.00234
2011-04-28 12:00:00,141.7539
2011-04-28 13:00:00,110.56857
2011-04-28 14:00:00,108.04647
2011-04-28 15:00:00,161.81888
2011-04-28 16:00:00,205.7738
2011-04-28 17:00:00,420.79694
2011-04-28 18:00:00,398.98633
2011-04-28 19:00:00,286.61612
2011-04-28 20:00:00,236.38107
2011-04-28 21:00:00,172.27237
2011-04-28 22:00:00,124.19897
2011-04-28 23:00:00,89.11855
2011-04-29 00:00:00,43.964935
2011-04-29 01:00:00,20.730122
2011-04-29 02:00:00,14.024448
2011-04-29 03:00:00,7.195283
2011-04-29 04:00:00,6.866132
2011-04-29 05:00:00,18.320633
2011-04-29 06:00:00,68.45728
2011-04-29 07:00:00,209.72758
2011-04-29 08:00:00,384.24847
2011-04-29 09:00:00,207.9092
2011-04-29 10:00:00,143.4537
2011-04-29 11:00:00,153.27155
2011-04-29 12:00:00,211.73581
2011-04-29 13:00:00,212.06044
2011-04-29 14:00:00,196.70738
2011-04-29 15:00:00,199.90623
2011-04-29 16:00:00,259.29327
2011-04-29 17:00:00,391.63275
2011-04-29 18:00:00,362.57678
2011-04-29 19:00:00,244.24084
2011-04-29 20:00:00,173.3738
2011-04-29 21:00:00,129.9946
2011-04-29 22:00:00,113.70482
2011-04-29 23:00:00,80.86649
2011-04-30 00:00:00,62.71521
2011-04-30 01:00:00,50.311646
2011-04-30 02:00:00,40.28446
2011-04-30 03:00:00,19.413881
2011-04-30 04:00:00,7.004964
2011-04-30 05:00:00,7.0370626
2011-04-30 06:00:00,19.575382
2011-04-30 07:00:00,43.34347
2011-04-30 08:00:00,89.07899
2011-04-30 09:00:00,149.05917
2011-04-30 10:00:00,230.36768
2011-04-30 11:00:00,293.22522
2011-04-30 12:00:00,337.60617
2011-04-30 13:00:00,344.48535
2011-04-30 14:00:00,322.98904
2011-04-30 15:00:00,353.1087
2011-04-30 16:00:00,350.95322
2011-04-30 17:00:00,347.2662
2011-04-30 18:00:00,284.30792
2011-04-30 19:00:00,217.57397
2011-04-30 20:00:00,143.82405
2011-04-30 21:00:00,114.844185
2011-04-30 22:00:00,103.44005
2011-04-30 23:00:00,85.939125
2011-05-20 00:00:00,36.36138
2011-05-20 01:00:00,16.499647
2011-05-20 02:00:00,10.48064
2011-05-20 03:00:00,6.000625
2011-05-20 04:00:00,6.0640454
2011-05-20 05:00:00,20.092234
2011-05-20 06:00:00,99.255974
2011-05-20 07:00:00,278.28116
2011-05-20 08:00:00,443.87988
2011-05-20 09:00:00,230.91298
2011-05-20 10:00:00,163.49309
2011-05-20 11:00:00,190.70042
2011-05-20 12:00:00,244.47662
2011-05-20 13:00:00,213.28342
2011-05-20 14:00:00,233.40715
2011-05-20 15:00:00,247.6534
2011-05-20 16:00:00,340.5067
2011-05-20 17:00:00,508.01312
2011-05-20 18:00:00,504.59314
2011-05-20 19:00:00,344.56665
2011-05-20 20:00:00,260.41666
2011-05-20 21:00:00,193.60228
2011-05-20 22:00:00,147.73581
2011-05-20 23:00:00,128.90886
2011-05-21 00:00:00,101.67393
2011-05-21 01:00:00,77.07878
2011-05-21 02:00:00,59.739365
2011-05-21 03:00:00,28.191626
2011-05-21 04:00:00,10.963758
2011-05-21 05:00:00,9.455976
2011-05-21 06:00:00,29.259445
2011-05-21 07:00:00,70.28247
2011-05-21 08:00:00,151.15862
2011-05-21 09:00:00,221.29875
2011-05-21 10:00:00,302.2124
2011-05-21 11:00:00,392.05655
2011-05-21 12:00:00,416.10123
2011-05-21 13:00:00,424.58328
2011-05-21 14:00:00,412.29276
2011-05-21 15:00:00,418.92322
2011-05-21 16:00:00,412.35898
2011-05-21 17:00:00,412.1207
2011-05-21 18:00:00,369.42398
2011-05-21 19:00:00,338.5277
2011-05-21 20:00:00,243.92049
2011-05-21 21:00:00,216.1127
2011-05-21 22:00:00,169.85884
2011-05-21 23:00:00,132.16109
2011-05-22 00:00:00,104.290596
2011-05-22 01:00:00,76.10997
2011-05-22 02:00:00,58.042164
2011-05-22 03:00:00,24.947289
2011-05-22 04:00:00,9.532093
2011-05-22 05:00:00,9.238891
2011-05-22 06:00:00,13.527185
2011-05-22 07:00:00,46.609356
2011-05-22 08:00:00,99.90807
2011-05-22 09:00:00,195.26778
2011-05-22 10:00:00,295.52142
2011-05-22 11:00:00,377.93845
2011-05-22 12:00:00,393.10388
2011-05-22 13:00:00,412.34546
2011-05-22 14:00:00,330.18958
2011-05-22 15:00:00,385.84906
2011-05-22 16:00:00,415.0763
2011-05-22 17:00:00,391.0852
2011-05-22 18:00:00,371.2232
2011-05-22 19:00:00,331.39337
2011-05-22 20:00:00,252.71657
2011-05-22 21:00:00,189.11443
2011-05-22 22:00:00,112.725845
2011-05-22 23:00:00,78.48112
2011-05-23 00:00:00,29.625637
2011-05-23 01:00:00,15.169008
2011-05-23 02:00:00,12.734257
2011-05-23 03:00:00,6.9959764
2011-05-23 04:00:00,5.490684
2011-05-23 05:00:00,17.278019
2011-05-23 06:00:00,87.64074
2011-05-23 07:00:00,219.41374
2011-05-23 08:00:00,389.20596
2011-05-23 09:00:00,190.01587
2011-05-23 10:00:00,128.51631
2011-05-23 11:00:00,159.21121
2011-05-23 12:00:00,189.23865
2011-05-23 13:00:00,177.91893
2011-05-23 14:00:00,170.47658
2011-05-23 15:00:00,171.71358
2011-05-23 16:00:00,273.22034
2011-05-23 17:00:00,426.70206
2011-05-23 18:00:00,495.261
2011-05-23 19:00:00,378.272
2011-05-23 20:00:00,224.524
2011-05-23 21:00:00,135.60536
2011-05-23 22:00:00,87.50823
2011-05-23 23:00:00,64.116165
2011-05-24 00:00:00,21.0999
2011-05-24 01:00:00,10.706345
2011-05-24 02:00:00,7.9939
2011-05-24 03:00:00,5.6037717
2011-05-24 04:00:00,6.481118
2011-05-24 05:00:00,16.822567
2011-05-24 06:00:00,94.615364
2011-05-24 07:00:00,209.94702
2011-05-24 08:00:00,306.66553
2011-05-24 09:00:00,222.82695
2011-05-24 10:00:00,128.19354
2011-05-24 11:00:00,146.00142
2011-05-24 12:00:00,188.3963
2011-05-24 13:00:00,173.88934
2011-05-24 14:00:00,151.23378
2011-05-24 15:00:00,165.01845
2011-05-24 16:00:00,310.4299
2011-05-24 17:00:00,532.655
2011-05-24 18:00:00,527.69745
2011-05-24 19:00:00,391.91113
2011-05-24 20:00:00,287.01297
2011-05-24 21:00:00,204.08882
2011-05-24 22:00:00,93.56514
2011-05-24 23:00:00,110.70625
2011-05-25 00:00:00,36.49723
2011-05-25 01:00:00,21.188044
2011-05-25 02:00:00,7.9904838
2011-05-25 03:00:00,5.823744
2011-05-25 04:00:00,5.564255
2011-05-25 05:00:00,25.607267
2011-05-25 06:00:00,97.058304
2011-05-25 07:00:00,317.93994
2011-05-25 08:00:00,466.27493
2011-05-25 09:00:00,230.00327
2011-05-25 10:00:00,135.05736
2011-05-25 11:00:00,145.33295
2011-05-25 12:00:00,192.76724
2011-05-25 13:00:00,184.18794
2011-05-25 14:00:00,173.3659
2011-05-25 15:00:00,167.10281
2011-05-25 16:00:00,275.3903
2011-05-25 17:00:00,554.27844
2011-05-25 18:00:00,536.91595
2011-05-25 19:00:00,398.09784
2011-05-25 20:00:00,309.799
2011-05-25 21:00:00,234.20096
2011-05-25 22:00:00,176.07161
2011-05-25 23:00:00,102.81639
2011-05-26 00:00:00,53.595184
2011-05-26 01:00:00,28.219519
2011-05-26 02:00:00,11.30548
2011-05-26 03:00:00,7.043091
2011-05-26 04:00:00,7.2361045
2011-05-26 05:00:00,21.957115
2011-05-26 06:00:00,89.136894
2011-05-26 07:00:00,244.28894
2011-05-26 08:00:00,440.1878
2011-05-26 09:00:00,228.85472
2011-05-26 10:00:00,131.81252
2011-05-26 11:00:00,154.84346
2011-05-26 12:00:00,186.45094
2011-05-26 13:00:00,176.87596
2011-05-26 14:00:00,162.96892
2011-05-26 15:00:00,161.31274
2011-05-26 16:00:00,278.6504
2011-05-26 17:00:00,524.8707
2011-05-26 18:00:00,510.63074
2011-05-26 19:00:00,355.5829
2011-05-26 20:00:00,311.50674
2011-05-26 21:00:00,234.04721
2011-05-26 22:00:00,189.49286
2011-05-26 23:00:00,133.85895
2011-05-27 00:00:00,77.41022
2011-05-27 01:00:00,35.081276
2011-05-27 02:00:00,23.05161
2011-05-27 03:00:00,14.270826
2011-05-27 04:00:00,13.206098
2011-05-27 05:00:00,41.409775
2011-05-27 06:00:00,114.46106
2011-05-27 07:00:00,292.98224
2011-05-27 08:00:00,469.61072
2011-05-27 09:00:00,244.68726
2011-05-27 10:00:00,165.5438
2011-05-27 11:00:00,173.28851
2011-05-27 12:00:00,218.15681
2011-05-27 13:00:00,236.77704
2011-05-27 14:00:00,206.30632
2011-05-27 15:00:00,222.53813
2011-05-27 16:00:00,319.50375
2011-05-27 17:00:00,538.16547
2011-05-27 18:00:00,462.12115
2011-05-27 19:00:00,301.22375
2011-05-27 20:00:00,245.33739
2011-05-27 21:00:00,162.0777
2011-05-27 22:00:00,170.16791
2011-05-27 23:00:00,129.95415
2011-05-28 00:00:00,106.59525
2011-05-28 01:00:00,82.42826
2011-05-28 02:00:00,56.65698
2011-05-28 03:00:00,29.206625
2011-05-28 04:00:00,13.618131
2011-05-28 05:00:00,13.739009
2011-05-28 06:00:00,31.00571
2011-05-28 07:00:00,59.145004
2011-05-28 08:00:00,133.84839
2011-05-28 09:00:00,229.15883
2011-05-28 10:00:00,300.94147
2011-05-28 11:00:00,375.56564
2011-05-28 12:00:00,390.69998
2011-05-28 13:00:00,398.24133
2011-05-28 14:00:00,386.82733
2011-05-28 15:00:00,405.28302
2011-05-28 16:00:00,399.64703
2011-05-28 17:00:00,431.41983
2011-05-28 18:00:00,366.8913
2011-05-28 19:00:00,328.9179
2011-05-28 20:00:00,276.98126
2011-05-28 21:00:00,218.457
2011-05-28 22:00:00,189.5268
2011-05-28 23:00:00,140.46387
2011-05-29 00:00:00,109.0308
2011-05-29 01:00:00,87.08296
2011-05-29 02:00:00,63.789783
2011-05-29 03:00:00,30.8198
2011-05-29 04:00:00,11.532181
2011-05-29 05:00:00,11.263649
2011-05-29 06:00:00,19.412403
2011-05-29 07:00:00,46.42169
2011-05-29 08:00:00,87.303665
2011-05-29 09:00:00,120.90768
2011-05-29 10:00:00,254.52425
2011-05-29 11:00:00,301.54562
2011-05-29 12:00:00,350.6014
2011-05-29 13:00:00,395.65366
2011-05-29 14:00:00,347.85217
2011-05-29 15:00:00,340.45172
2011-05-29 16:00:00,346.65076
2011-05-29 17:00:00,334.60007
2011-05-29 18:00:00,307.40768
2011-05-29 19:00:00,283.95493
2011-05-29 20:00:00,232.24777
2011-05-29 21:00:00,178.25887
2011-05-29 22:00:00,125.46463
2011-05-29 23:00:00,99.83462
2011-05-30 00:00:00,77.69557
2011-05-30 01:00:00,67.267624
2011-05-30 02:00:00,37.23986
2011-05-30 03:00:00,17.299717
2011-05-30 04:00:00,12.799681
2011-05-30 05:00:00,27.692934
2011-05-30 06:00:00,52.612213
2011-05-30 07:00:00,95.5947
2011-05-30 08:00:00,192.35616
2011-05-30 09:00:00,219.78415
2011-05-30 10:00:00,252.99976
2011-05-30 11:00:00,320.89035
2011-05-30 12:00:00,330.5811
2011-05-30 13:00:00,339.93527
2011-05-30 14:00:00,306.70065
2011-05-30 15:00:00,298.7638
2011-05-30 16:00:00,349.6423
2011-05-30 17:00:00,456.94092
2011-05-30 18:00:00,461.74878
2011-05-30 19:00:00,306.89297
2011-05-30 20:00:00,319.61713
2011-05-30 21:00:00,278.57132
2011-05-30 22:00:00,200.93677
2011-05-30 23:00:00,86.809616
2011-05-31 00:00:00,46.96322
2011-05-31 01:00:00,25.432997
2011-05-31 02:00:00,8.175206
2011-05-31 03:00:00,5.325279
2011-05-31 04:00:00,7.5473394
2011-05-31 05:00:00,25.363995
2011-05-31 06:00:00,124.95395
2011-05-31 07:00:00,325.7044
2011-05-31 08:00:00,453.6273
2011-05-31 09:00:00,191.43742
2011-05-31 10:00:00,123.85703
2011-05-31 11:00:00,119.036064
2011-05-31 12:00:00,154.52797
2011-05-31 13:00:00,151.66673
2011-05-31 14:00:00,132.2333
2011-05-31 15:00:00,151.18051
2011-05-31 16:00:00,241.80539
2011-05-31 17:00:00,521.7488
2011-05-31 18:00:00,515.95135
2011-05-31 19:00:00,381.31833
2011-05-31 20:00:00,290.91632
2011-05-31 21:00:00,219.09494
2011-05-31 22:00:00,164.37315
2011-05-31 23:00:00,99.16766
2011-06-20 00:00:00,33.76931
2011-06-20 01:00:00,13.867336
2011-06-20 02:00:00,8.226213
2011-06-20 03:00:00,5.993809
2011-06-20 04:00:00,8.048474
2011-06-20 05:00:00,26.042547
2011-06-20 06:00:00,83.45114
2011-06-20 07:00:00,167.66183
2011-06-20 08:00:00,281.85187
2011-06-20 09:00:00,202.63696
2011-06-20 10:00:00,115.882835
2011-06-20 11:00:00,125.19499
2011-06-20 12:00:00,172.98941
2011-06-20 13:00:00,175.76042
2011-06-20 14:00:00,167.48534
2011-06-20 15:00:00,181.76395
2011-06-20 16:00:00,287.56396
2011-06-20 17:00:00,536.74304
2011-06-20 18:00:00,531.75824
2011-06-20 19:00:00,386.13202
2011-06-20 20:00:00,285.3252
2011-06-20 21:00:00,208.87926
2011-06-20 22:00:00,142.56012
2011-06-20 23:00:00,78.07106
2011-06-21 00:00:00,34.797646
2011-06-21 01:00:00,14.157473
2011-06-21 02:00:00,8.283716
2011-06-21 03:00:00,6.6017866
2011-06-21 04:00:00,5.879935
2011-06-21 05:00:00,19.51093
2011-06-21 06:00:00,102.41886
2011-06-21 07:00:00,251.21269
2011-06-21 08:00:00,411.5432
2011-06-21 09:00:00,209.89828
2011-06-21 10:00:00,105.352844
2011-06-21 11:00:00,108.482925
2011-06-21 12:00:00,171.49522
2011-06-21 13:00:00,172.02496
2011-06-21 14:00:00,162.92488
2011-06-21 15:00:00,175.16544
2011-06-21 16:00:00,272.7441
2011-06-21 17:00:00,550.76556
2011-06-21 18:00:00,472.26044
2011-06-21 19:00:00,342.86395
2011-06-21 20:00:00,211.11565
2011-06-21 21:00:00,224.02376
2011-06-21 22:00:00,161.62433
2011-06-21 23:00:00,92.517136
2011-06-22 00:00:00,38.44925
2011-06-22 01:00:00,16.943382
2011-06-22 02:00:00,9.238667
2011-06-22 03:00:00,6.863408
2011-06-22 04:00:00,6.402044
2011-06-22 05:00:00,22.994001
2011-06-22 06:00:00,107.65403
2011-06-22 07:00:00,320.0081
2011-06-22 08:00:00,448.97565
2011-06-22 09:00:00,210.33144
2011-06-22 10:00:00,95.31754
2011-06-22 11:00:00,131.72992
2011-06-22 12:00:00,178.58008
2011-06-22 13:00:00,159.07094
2011-06-22 14:00:00,159.41864
2011-06-22 15:00:00,149.4428
2011-06-22 16:00:00,249.5179
2011-06-22 17:00:00,509.31573
2011-06-22 18:00:00,482.03543
2011-06-22 19:00:00,369.29086
2011-06-22 20:00:00,284.35117
2011-06-22 21:00:00,216.87186
2011-06-22 22:00:00,159.38707
2011-06-22 23:00:00,93.87791
2011-06-23 00:00:00,43.77653
2011-06-23 01:00:00,20.711815
2011-06-23 02:00:00,12.539301
2011-06-23 03:00:00,7.3727593
2011-06-23 04:00:00,7.693676
2011-06-23 05:00:00,27.383863
2011-06-23 06:00:00,119.588936
2011-06-23 07:00:00,315.14133
2011-06-23 08:00:00,433.61572
2011-06-23 09:00:00,203.2442
2011-06-23 10:00:00,124.89256
2011-06-23 11:00:00,118.60071
2011-06-23 12:00:00,173.50804
2011-06-23 13:00:00,171.0819
2011-06-23 14:00:00,146.28853
2011-06-23 15:00:00,165.31987
2011-06-23 16:00:00,258.54715
2011-06-23 17:00:00,428.22104
2011-06-23 18:00:00,466.097
2011-06-23 19:00:00,347.0315
2011-06-23 20:00:00,291.00867
2011-06-23 21:00:00,228.73326
2011-06-23 22:00:00,165.99869
2011-06-23 23:00:00,109.3474
2011-06-24 00:00:00,60.554607
2011-06-24 01:00:00,24.959093
2011-06-24 02:00:00,14.007542
2011-06-24 03:00:00,7.569954
2011-06-24 04:00:00,6.8725677
2011-06-24 05:00:00,22.917603
2011-06-24 06:00:00,102.71931
2011-06-24 07:00:00,285.93338
2011-06-24 08:00:00,449.81366
2011-06-24 09:00:00,234.13939
2011-06-24 10:00:00,149.39557
2011-06-24 11:00:00,177.79305
2011-06-24 12:00:00,226.53252
2011-06-24 13:00:00,236.4822
2011-06-24 14:00:00,210.32498
2011-06-24 15:00:00,223.44463
2011-06-24 16:00:00,319.48233
2011-06-24 17:00:00,559.28284
2011-06-24 18:00:00,499.1041
2011-06-24 19:00:00,373.59604
2011-06-24 20:00:00,285.45496
2011-06-24 21:00:00,237.23987
2011-06-24 22:00:00,197.44551
2011-06-24 23:00:00,165.54495
2011-06-25 00:00:00,127.20709
2011-06-25 01:00:00,92.04909
2011-06-25 02:00:00,71.4449
2011-06-25 03:00:00,32.39392
2011-06-25 04:00:00,13.213139
2011-06-25 05:00:00,12.977709
2011-06-25 06:00:00,36.84031
2011-06-25 07:00:00,73.38335
2011-06-25 08:00:00,169.37625
2011-06-25 09:00:00,231.0472
2011-06-25 10:00:00,302.3708
2011-06-25 11:00:00,383.04172
2011-06-25 12:00:00,422.10367
2011-06-25 13:00:00,425.27435
2011-06-25 14:00:00,402.43552
2011-06-25 15:00:00,390.0942
2011-06-25 16:00:00,443.43945
2011-06-25 17:00:00,448.03528
2011-06-25 18:00:00,387.5108
2011-06-25 19:00:00,342.96973
2011-06-25 20:00:00,285.05917
2011-06-25 21:00:00,238.60269
2011-06-25 22:00:00,210.83315
2011-06-25 23:00:00,148.53699
2011-06-26 00:00:00,113.35548
2011-06-26 01:00:00,95.49048
2011-06-26 02:00:00,76.61642
2011-06-26 03:00:00,33.644306
2011-06-26 04:00:00,12.518787
2011-06-26 05:00:00,11.72258
2011-06-26 06:00:00,24.417543
2011-06-26 07:00:00,53.57639
2011-06-26 08:00:00,103.043335
2011-06-26 09:00:00,190.40996
2011-06-26 10:00:00,301.18637
2011-06-26 11:00:00,381.08932
2011-06-26 12:00:00,421.47882
2011-06-26 13:00:00,405.54434
2011-06-26 14:00:00,406.65506
2011-06-26 15:00:00,381.44876
2011-06-26 16:00:00,401.16162
2011-06-26 17:00:00,387.64453
2011-06-26 18:00:00,349.97708
2011-06-26 19:00:00,314.00986
2011-06-26 20:00:00,243.26016
2011-06-26 21:00:00,199.05557
2011-06-26 22:00:00,181.20073
2011-06-26 23:00:00,117.16231
2011-06-27 00:00:00,32.109577
2011-06-27 01:00:00,14.812228
2011-06-27 02:00:00,8.553654
2011-06-27 03:00:00,6.6924877
2011-06-27 04:00:00,6.5109544
2011-06-27 05:00:00,21.127428
2011-06-27 06:00:00,104.62582
2011-06-27 07:00:00,297.45917
2011-06-27 08:00:00,387.18365
2011-06-27 09:00:00,196.81659
2011-06-27 10:00:00,120.32897
2011-06-27 11:00:00,138.35176
2011-06-27 12:00:00,176.25775
2011-06-27 13:00:00,176.88625
2011-06-27 14:00:00,162.24968
2011-06-27 15:00:00,153.92735
2011-06-27 16:00:00,281.40082
2011-06-27 17:00:00,560.2849
2011-06-27 18:00:00,520.10876
2011-06-27 19:00:00,389.45193
2011-06-27 20:00:00,288.24445
2011-06-27 21:00:00,197.45967
2011-06-27 22:00:00,139.249
2011-06-27 23:00:00,79.85011
2011-06-28 00:00:00,32.846603
2011-06-28 01:00:00,16.454657
2011-06-28 02:00:00,8.662688
2011-06-28 03:00:00,6.4414825
2011-06-28 04:00:00,6.451386
2011-06-28 05:00:00,22.468414
2011-06-28 06:00:00,107.13545
2011-06-28 07:00:00,311.9134
2011-06-28 08:00:00,431.96634
2011-06-28 09:00:00,189.45006
2011-06-28 10:00:00,125.31915
2011-06-28 11:00:00,138.84846
2011-06-28 12:00:00,174.8306
2011-06-28 13:00:00,167.16779
2011-06-28 14:00:00,148.35918
2011-06-28 15:00:00,148.0415
2011-06-28 16:00:00,250.55428
2011-06-28 17:00:00,424.02612
2011-06-28 18:00:00,419.60443
2011-06-28 19:00:00,352.49515
2011-06-28 20:00:00,284.96725
2011-06-28 21:00:00,196.92519
2011-06-28 22:00:00,137.38422
2011-06-28 23:00:00,82.98423
2011-06-29 00:00:00,35.84524
2011-06-29 01:00:00,18.527052
2011-06-29 02:00:00,8.995371
2011-06-29 03:00:00,6.398929
2011-06-29 04:00:00,6.672651
2011-06-29 05:00:00,25.880043
2011-06-29 06:00:00,111.91381
2011-06-29 07:00:00,325.2508
2011-06-29 08:00:00,459.68317
2011-06-29 09:00:00,219.04141
2011-06-29 10:00:00,126.28945
2011-06-29 11:00:00,162.62383
2011-06-29 12:00:00,199.16522
2011-06-29 13:00:00,177.35686
2011-06-29 14:00:00,173.40796
2011-06-29 15:00:00,187.10951
2011-06-29 16:00:00,288.03284
2011-06-29 17:00:00,564.749
2011-06-29 18:00:00,545.02057
2011-06-29 19:00:00,393.41483
2011-06-29 20:00:00,308.13885
2011-06-29 21:00:00,245.71158
2011-06-29 22:00:00,190.74774
2011-06-29 23:00:00,112.794815
2011-06-30 00:00:00,48.29597
2011-06-30 01:00:00,19.476635
2011-06-30 02:00:00,10.924553
2011-06-30 03:00:00,7.323603
2011-06-30 04:00:00,8.473195
2011-06-30 05:00:00,29.505827
2011-06-30 06:00:00,120.22147
2011-06-30 07:00:00,326.5087
2011-06-30 08:00:00,455.69168
2011-06-30 09:00:00,217.42874
2011-06-30 10:00:00,127.20474
2011-06-30 11:00:00,164.80649
2011-06-30 12:00:00,206.44519
2011-06-30 13:00:00,197.46504
2011-06-30 14:00:00,178.85515
2011-06-30 15:00:00,191.7366
2011-06-30 16:00:00,299.70633
2011-06-30 17:00:00,564.497
2011-06-30 18:00:00,549.76227
2011-06-30 19:00:00,398.282
2011-06-30 20:00:00,314.94287
2011-06-30 21:00:00,242.60944
2011-06-30 22:00:00,193.5665
2011-06-30 23:00:00,130.74774
2011-07-20 00:00:00,41.744152
2011-07-20 01:00:00,19.25767
2011-07-20 02:00:00,11.702736
2011-07-20 03:00:00,7.838314
2011-07-20 04:00:00,6.990938
2011-07-20 05:00:00,25.99742
2011-07-20 06:00:00,112.07553
2011-07-20 07:00:00,313.4082
2011-07-20 08:00:00,417.36258
2011-07-20 09:00:00,200.98386
2011-07-20 10:00:00,110.569885
2011-07-20 11:00:00,132.77328
2011-07-20 12:00:00,168.45204
2011-07-20 13:00:00,163.86057
2011-07-20 14:00:00,154.57416
2011-07-20 15:00:00,158.57887
2011-07-20 16:00:00,246.32727
2011-07-20 17:00:00,516.80493
2011-07-20 18:00:00,510.03363
2011-07-20 19:00:00,380.36343
2011-07-20 20:00:00,287.4321
2011-07-20 21:00:00,235.63583
2011-07-20 22:00:00,160.45808
2011-07-20 23:00:00,96.07272
2011-07-21 00:00:00,47.9327
2011-07-21 01:00:00,18.333271
2011-07-21 02:00:00,10.73412
2011-07-21 03:00:00,7.379771
2011-07-21 04:00:00,7.5742116
2011-07-21 05:00:00,26.263897
2011-07-21 06:00:00,120.44055
2011-07-21 07:00:00,312.2136
2011-07-21 08:00:00,432.00497
2011-07-21 09:00:00,189.12558
2011-07-21 10:00:00,109.53019
2011-07-21 11:00:00,141.90277
2011-07-21 12:00:00,170.23055
2011-07-21 13:00:00,168.23337
2011-07-21 14:00:00,159.25386
2011-07-21 15:00:00,156.38815
2011-07-21 16:00:00,244.34912
2011-07-21 17:00:00,494.53912
2011-07-21 18:00:00,473.01385
2011-07-21 19:00:00,343.3451
2011-07-21 20:00:00,281.32104
2011-07-21 21:00:00,229.51782
2011-07-21 22:00:00,182.55827
2011-07-21 23:00:00,112.331
2011-07-22 00:00:00,67.225075
2011-07-22 01:00:00,28.997889
2011-07-22 02:00:00,19.614614
2011-07-22 03:00:00,10.278013
2011-07-22 04:00:00,11.044754
2011-07-22 05:00:00,29.813574
2011-07-22 06:00:00,114.564285
2011-07-22 07:00:00,283.84937
2011-07-22 08:00:00,424.34305
2011-07-22 09:00:00,201.07678
2011-07-22 10:00:00,130.63365
2011-07-22 11:00:00,150.31519
2011-07-22 12:00:00,186.68576
2011-07-22 13:00:00,184.90596
2011-07-22 14:00:00,172.34302
2011-07-22 15:00:00,185.80215
2011-07-22 16:00:00,241.94374
2011-07-22 17:00:00,467.1151
2011-07-22 18:00:00,458.60938
2011-07-22 19:00:00,326.15356
2011-07-22 20:00:00,261.20837
2011-07-22 21:00:00,225.69492
2011-07-22 22:00:00,183.09119
2011-07-22 23:00:00,146.20786
2011-07-23 00:00:00,119.87598
2011-07-23 01:00:00,99.54708
2011-07-23 02:00:00,83.53149
2011-07-23 03:00:00,47.991226
2011-07-23 04:00:00,18.362658
2011-07-23 05:00:00,19.224234
2011-07-23 06:00:00,52.273094
2011-07-23 07:00:00,88.45754
2011-07-23 08:00:00,170.69054
2011-07-23 09:00:00,223.4404
2011-07-23 10:00:00,288.8499
2011-07-23 11:00:00,337.24054
2011-07-23 12:00:00,343.02335
2011-07-23 13:00:00,330.6186
2011-07-23 14:00:00,309.5802
2011-07-23 15:00:00,276.32623
2011-07-23 16:00:00,291.29922
2011-07-23 17:00:00,303.47458
2011-07-23 18:00:00,346.27454
2011-07-23 19:00:00,299.84857
2011-07-23 20:00:00,282.95242
2011-07-23 21:00:00,241.52467
2011-07-23 22:00:00,207.67616
2011-07-23 23:00:00,163.27785
2011-07-24 00:00:00,128.31569
2011-07-24 01:00:00,98.12999
2011-07-24 02:00:00,88.93279
2011-07-24 03:00:00,50.66522
2011-07-24 04:00:00,20.277882
2011-07-24 05:00:00,22.383093
2011-07-24 06:00:00,35.65105
2011-07-24 07:00:00,71.68692
2011-07-24 08:00:00,108.80783
2011-07-24 09:00:00,187.43822
2011-07-24 10:00:00,292.15918
2011-07-24 11:00:00,345.21826
2011-07-24 12:00:00,348.59396
2011-07-24 13:00:00,361.9802
2011-07-24 14:00:00,348.77692
2011-07-24 15:00:00,327.00638
2011-07-24 16:00:00,331.4399
2011-07-24 17:00:00,331.35516
2011-07-24 18:00:00,340.8037
2011-07-24 19:00:00,328.67523
2011-07-24 20:00:00,283.67453
2011-07-24 21:00:00,202.76468
2011-07-24 22:00:00,135.85791
2011-07-24 23:00:00,97.76683
2011-07-25 00:00:00,38.73276
2011-07-25 01:00:00,21.607578
2011-07-25 02:00:00,10.654242
2011-07-25 03:00:00,7.0115986
2011-07-25 04:00:00,9.262289
2011-07-25 05:00:00,29.170517
2011-07-25 06:00:00,112.64404
2011-07-25 07:00:00,296.00137
2011-07-25 08:00:00,387.76266
2011-07-25 09:00:00,184.99939
2011-07-25 10:00:00,109.451416
2011-07-25 11:00:00,128.78659
2011-07-25 12:00:00,159.48264
2011-07-25 13:00:00,147.84142
2011-07-25 14:00:00,131.36324
2011-07-25 15:00:00,125.60258
2011-07-25 16:00:00,184.56195
2011-07-25 17:00:00,464.6952
2011-07-25 18:00:00,486.92078
2011-07-25 19:00:00,375.6104
2011-07-25 20:00:00,273.24554
2011-07-25 21:00:00,166.89186
2011-07-25 22:00:00,127.11671
2011-07-25 23:00:00,74.423775
2011-07-26 00:00:00,40.595196
2011-07-26 01:00:00,17.466112
2011-07-26 02:00:00,9.403237
2011-07-26 03:00:00,6.9931684
2011-07-26 04:00:00,6.9651766
2011-07-26 05:00:00,23.574682
2011-07-26 06:00:00,112.60802
2011-07-26 07:00:00,325.13516
2011-07-26 08:00:00,443.1908
2011-07-26 09:00:00,208.25111
2011-07-26 10:00:00,127.827225
2011-07-26 11:00:00,140.55183
2011-07-26 12:00:00,180.86731
2011-07-26 13:00:00,182.63316
2011-07-26 14:00:00,164.56801
2011-07-26 15:00:00,176.55025
2011-07-26 16:00:00,279.21616
2011-07-26 17:00:00,566.90375
2011-07-26 18:00:00,553.86554
2011-07-26 19:00:00,393.72934
2011-07-26 20:00:00,300.32767
2011-07-26 21:00:00,251.04321
2011-07-26 22:00:00,179.76147
2011-07-26 23:00:00,98.02164
2011-07-27 00:00:00,45.303856
2011-07-27 01:00:00,17.286808
2011-07-27 02:00:00,10.121103
2011-07-27 03:00:00,7.1229396
2011-07-27 04:00:00,8.397702
2011-07-27 05:00:00,30.35438
2011-07-27 06:00:00,120.2291
2011-07-27 07:00:00,324.82104
2011-07-27 08:00:00,452.64417
2011-07-27 09:00:00,215.00496
2011-07-27 10:00:00,119.50282
2011-07-27 11:00:00,139.253
2011-07-27 12:00:00,194.13043
2011-07-27 13:00:00,187.12842
2011-07-27 14:00:00,175.53769
2011-07-27 15:00:00,185.1322
2011-07-27 16:00:00,290.76532
2011-07-27 17:00:00,569.4221
2011-07-27 18:00:00,574.1244
2011-07-27 19:00:00,427.6799
2011-07-27 20:00:00,315.88306
2011-07-27 21:00:00,240.94308
2011-07-27 22:00:00,180.91623
2011-07-27 23:00:00,102.867424
2011-07-28 00:00:00,50.148743
2011-07-28 01:00:00,18.69048
2011-07-28 02:00:00,10.828566
2011-07-28 03:00:00,6.980146
2011-07-28 04:00:00,7.7649846
2011-07-28 05:00:00,27.233633
2011-07-28 06:00:00,112.55991
2011-07-28 07:00:00,321.56668
2011-07-28 08:00:00,437.75385
2011-07-28 09:00:00,202.18748
2011-07-28 10:00:00,125.04506
2011-07-28 11:00:00,135.43253
2011-07-28 12:00:00,173.70303
2011-07-28 13:00:00,168.34465
2011-07-28 14:00:00,156.82236
2011-07-28 15:00:00,157.30316
2011-07-28 16:00:00,261.91675
2011-07-28 17:00:00,523.0942
2011-07-28 18:00:00,497.03592
2011-07-28 19:00:00,389.30447
2011-07-28 20:00:00,293.88107
2011-07-28 21:00:00,218.06602
2011-07-28 22:00:00,130.11284
2011-07-28 23:00:00,126.367874
2011-07-29 00:00:00,62.818184
2011-07-29 01:00:00,30.069725
2011-07-29 02:00:00,17.539137
2011-07-29 03:00:00,9.244701
2011-07-29 04:00:00,10.742402
2011-07-29 05:00:00,32.932446
2011-07-29 06:00:00,110.05666
2011-07-29 07:00:00,290.81113
2011-07-29 08:00:00,440.08978
2011-07-29 09:00:00,202.382
2011-07-29 10:00:00,141.2496
2011-07-29 11:00:00,169.81453
2011-07-29 12:00:00,168.87103
2011-07-29 13:00:00,171.08813
2011-07-29 14:00:00,161.31746
2011-07-29 15:00:00,171.21101
2011-07-29 16:00:00,255.8955
2011-07-29 17:00:00,438.25995
2011-07-29 18:00:00,429.43524
2011-07-29 19:00:00,329.3245
2011-07-29 20:00:00,264.0713
2011-07-29 21:00:00,235.32164
2011-07-29 22:00:00,212.25941
2011-07-29 23:00:00,155.99272
2011-07-30 00:00:00,135.22844
2011-07-30 01:00:00,101.88176
2011-07-30 02:00:00,87.462616
2011-07-30 03:00:00,42.543144
2011-07-30 04:00:00,14.295562
2011-07-30 05:00:00,13.789572
2011-07-30 06:00:00,33.202564
2011-07-30 07:00:00,76.38207
2011-07-30 08:00:00,154.64238
2011-07-30 09:00:00,234.32219
2011-07-30 10:00:00,311.7849
2011-07-30 11:00:00,360.3935
2011-07-30 12:00:00,393.18668
2011-07-30 13:00:00,379.5414
2011-07-30 14:00:00,352.78326
2011-07-30 15:00:00,359.2568
2011-07-30 16:00:00,370.63354
2011-07-30 17:00:00,385.63843
2011-07-30 18:00:00,381.99973
2011-07-30 19:00:00,356.17773
2011-07-30 20:00:00,285.4174
2011-07-30 21:00:00,263.99457
2011-07-30 22:00:00,222.59253
2011-07-30 23:00:00,176.77481
2011-07-31 00:00:00,136.70146
2011-07-31 01:00:00,98.8375
2011-07-31 02:00:00,85.08642
2011-07-31 03:00:00,36.47649
2011-07-31 04:00:00,12.722288
2011-07-31 05:00:00,13.455002
2011-07-31 06:00:00,23.092827
2011-07-31 07:00:00,67.840744
2011-07-31 08:00:00,123.65385
2011-07-31 09:00:00,209.43497
2011-07-31 10:00:00,288.4195
2011-07-31 11:00:00,341.5881
2011-07-31 12:00:00,352.98218
2011-07-31 13:00:00,356.432
2011-07-31 14:00:00,350.69476
2011-07-31 15:00:00,333.91266
2011-07-31 16:00:00,339.8537
2011-07-31 17:00:00,337.87195
2011-07-31 18:00:00,359.705
2011-07-31 19:00:00,326.83728
2011-07-31 20:00:00,277.93283
2011-07-31 21:00:00,208.9489
2011-07-31 22:00:00,113.81673
2011-07-31 23:00:00,98.14645
2011-08-20 00:00:00,102.59533
2011-08-20 01:00:00,78.87419
2011-08-20 02:00:00,61.20337
2011-08-20 03:00:00,28.617807
2011-08-20 04:00:00,8.9964
2011-08-20 05:00:00,9.437227
2011-08-20 06:00:00,19.605886
2011-08-20 07:00:00,43.23326
2011-08-20 08:00:00,124.28637
2011-08-20 09:00:00,207.19044
2011-08-20 10:00:00,297.6941
2011-08-20 11:00:00,346.41125
2011-08-20 12:00:00,384.37762
2011-08-20 13:00:00,388.9408
2011-08-20 14:00:00,393.46768
2011-08-20 15:00:00,388.9087
2011-08-20 16:00:00,387.1066
2011-08-20 17:00:00,398.72006
2011-08-20 18:00:00,347.7396
2011-08-20 19:00:00,307.24496
2011-08-20 20:00:00,253.13124
2011-08-20 21:00:00,196.78308
2011-08-20 22:00:00,152.4976
2011-08-20 23:00:00,130.60973
2011-08-21 00:00:00,109.96676
2011-08-21 01:00:00,89.70624
2011-08-21 02:00:00,77.52705
2011-08-21 03:00:00,32.94359
2011-08-21 04:00:00,11.285144
2011-08-21 05:00:00,10.002668
2011-08-21 06:00:00,14.853424
2011-08-21 07:00:00,42.50148
2011-08-21 08:00:00,80.66959
2011-08-21 09:00:00,176.33171
2011-08-21 10:00:00,252.21742
2011-08-21 11:00:00,318.85587
2011-08-21 12:00:00,352.0636
2011-08-21 13:00:00,381.0673
2011-08-21 14:00:00,245.50227
2011-08-21 15:00:00,275.97443
2011-08-21 16:00:00,297.27032
2011-08-21 17:00:00,259.17538
2011-08-21 18:00:00,246.48337
2011-08-21 19:00:00,266.85754
2011-08-21 20:00:00,180.80057
2011-08-21 21:00:00,136.50078
2011-08-21 22:00:00,114.719345
2011-08-21 23:00:00,84.464455
2011-08-22 00:00:00,35.43081
2011-08-22 01:00:00,15.115945
2011-08-22 02:00:00,9.919814
2011-08-22 03:00:00,7.5538387
2011-08-22 04:00:00,6.4132824
2011-08-22 05:00:00,26.24527
2011-08-22 06:00:00,104.97609
2011-08-22 07:00:00,294.1848
2011-08-22 08:00:00,390.6245
2011-08-22 09:00:00,204.77983
2011-08-22 10:00:00,124.36359
2011-08-22 11:00:00,148.42474
2011-08-22 12:00:00,192.9447
2011-08-22 13:00:00,179.3165
2011-08-22 14:00:00,176.90826
2011-08-22 15:00:00,180.01715
2011-08-22 16:00:00,290.59525
2011-08-22 17:00:00,554.5424
2011-08-22 18:00:00,550.9661
2011-08-22 19:00:00,391.74048
2011-08-22 20:00:00,287.539
2011-08-22 21:00:00,203.45946
2011-08-22 22:00:00,141.58968
2011-08-22 23:00:00,82.96017
2011-08-23 00:00:00,36.131935
2011-08-23 01:00:00,16.350481
2011-08-23 02:00:00,8.825431
2011-08-23 03:00:00,6.232926
2011-08-23 04:00:00,6.5792384
2011-08-23 05:00:00,25.811821
2011-08-23 06:00:00,108.95468
2011-08-23 07:00:00,321.82
2011-08-23 08:00:00,442.86624
2011-08-23 09:00:00,211.36412
2011-08-23 10:00:00,127.105286
2011-08-23 11:00:00,154.88431
2011-08-23 12:00:00,197.1592
2011-08-23 13:00:00,209.29892
2011-08-23 14:00:00,189.05455
2011-08-23 15:00:00,189.21715
2011-08-23 16:00:00,310.01166
2011-08-23 17:00:00,587.3746
2011-08-23 18:00:00,569.3941
2011-08-23 19:00:00,376.94333
2011-08-23 20:00:00,289.33963
2011-08-23 21:00:00,199.16489
2011-08-23 22:00:00,159.51779
2011-08-23 23:00:00,85.58007
2011-08-24 00:00:00,41.45789
2011-08-24 01:00:00,16.745363
2011-08-24 02:00:00,9.228788
2011-08-24 03:00:00,7.2811694
2011-08-24 04:00:00,6.539646
2011-08-24 05:00:00,23.348166
2011-08-24 06:00:00,106.38257
2011-08-24 07:00:00,315.8095
2011-08-24 08:00:00,433.09875
2011-08-24 09:00:00,209.28922
2011-08-24 10:00:00,125.32514
2011-08-24 11:00:00,152.86552
2011-08-24 12:00:00,179.73343
2011-08-24 13:00:00,185.12549
2011-08-24 14:00:00,173.46068
2011-08-24 15:00:00,173.0008
2011-08-24 16:00:00,265.30838
2011-08-24 17:00:00,550.81213
2011-08-24 18:00:00,532.138
2011-08-24 19:00:00,363.1776
2011-08-24 20:00:00,267.257
2011-08-24 21:00:00,199.99466
2011-08-24 22:00:00,145.7381
2011-08-24 23:00:00,73.90516
2011-08-25 00:00:00,42.44064
2011-08-25 01:00:00,17.819239
2011-08-25 02:00:00,9.756485
2011-08-25 03:00:00,6.4029408
2011-08-25 04:00:00,6.6715045
2011-08-25 05:00:00,25.304535
2011-08-25 06:00:00,103.971985
2011-08-25 07:00:00,297.017
2011-08-25 08:00:00,423.91913
2011-08-25 09:00:00,202.13431
2011-08-25 10:00:00,115.25253
2011-08-25 11:00:00,110.86098
2011-08-25 12:00:00,118.84375
2011-08-25 13:00:00,134.2258
2011-08-25 14:00:00,119.48545
2011-08-25 15:00:00,117.73894
2011-08-25 16:00:00,187.24681
2011-08-25 17:00:00,347.5988
2011-08-25 18:00:00,310.04865
2011-08-25 19:00:00,283.39072
2011-08-25 20:00:00,223.99936
2011-08-25 21:00:00,194.98502
2011-08-25 22:00:00,116.59569
2011-08-25 23:00:00,76.15512
2011-08-26 00:00:00,42.835007
2011-08-26 01:00:00,19.506498
2011-08-26 02:00:00,10.567441
2011-08-26 03:00:00,6.5357814
2011-08-26 04:00:00,6.2879477
2011-08-26 05:00:00,21.951075
2011-08-26 06:00:00,93.92907
2011-08-26 07:00:00,271.14243
2011-08-26 08:00:00,394.59674
2011-08-26 09:00:00,218.68951
2011-08-26 10:00:00,157.27063
2011-08-26 11:00:00,170.5512
2011-08-26 12:00:00,219.36067
2011-08-26 13:00:00,223.20439
2011-08-26 14:00:00,195.99504
2011-08-26 15:00:00,217.91466
2011-08-26 16:00:00,302.69943
2011-08-26 17:00:00,401.171
2011-08-26 18:00:00,386.5584
2011-08-26 19:00:00,290.7376
2011-08-26 20:00:00,217.50673
2011-08-26 21:00:00,185.6376
2011-08-26 22:00:00,153.6685
2011-08-26 23:00:00,128.79715
2011-08-27 00:00:00,110.20172
2011-08-27 01:00:00,88.996086
2011-08-27 02:00:00,71.00318
2011-08-27 03:00:00,37.816383
2011-08-27 04:00:00,14.280334
2011-08-27 05:00:00,11.608126
2011-08-27 06:00:00,25.642513
2011-08-27 07:00:00,47.51256
2011-08-27 08:00:00,118.87755
2011-08-27 09:00:00,177.99583
2011-08-27 10:00:00,229.55347
2011-08-27 11:00:00,219.49292
2011-08-27 12:00:00,226.87051
2011-08-27 13:00:00,237.17462
2011-08-27 14:00:00,196.14561
2011-08-27 15:00:00,213.70126
2011-08-27 16:00:00,189.94571
2011-08-27 17:00:00,121.58631
2011-08-28 07:00:00,48.60516
2011-08-28 08:00:00,64.90478
2011-08-28 09:00:00,172.39047
2011-08-28 10:00:00,265.48514
2011-08-28 11:00:00,338.83417
2011-08-28 12:00:00,385.28064
2011-08-28 13:00:00,400.02817
2011-08-28 14:00:00,369.3648
2011-08-28 15:00:00,362.83923
2011-08-28 16:00:00,373.1038
2011-08-28 17:00:00,405.6302
2011-08-28 18:00:00,380.2657
2011-08-28 19:00:00,305.70218
2011-08-28 20:00:00,242.32825
2011-08-28 21:00:00,182.84793
2011-08-28 22:00:00,125.34251
2011-08-28 23:00:00,79.32741
2011-08-29 00:00:00,32.89102
2011-08-29 01:00:00,15.015286
2011-08-29 02:00:00,8.927841
2011-08-29 03:00:00,6.6973605
2011-08-29 04:00:00,6.56682
2011-08-29 05:00:00,23.980368
2011-08-29 06:00:00,104.29024
2011-08-29 07:00:00,304.581
2011-08-29 08:00:00,407.8991
2011-08-29 09:00:00,200.9183
2011-08-29 10:00:00,120.536514
2011-08-29 11:00:00,146.00183
2011-08-29 12:00:00,194.04015
2011-08-29 13:00:00,191.54845
2011-08-29 14:00:00,175.98181
2011-08-29 15:00:00,188.06975
2011-08-29 16:00:00,294.55627
2011-08-29 17:00:00,547.18475
2011-08-29 18:00:00,544.42676
2011-08-29 19:00:00,385.89923
2011-08-29 20:00:00,287.0558
2011-08-29 21:00:00,208.67659
2011-08-29 22:00:00,149.14615
2011-08-29 23:00:00,78.31636
2011-08-30 00:00:00,33.20884
2011-08-30 01:00:00,13.7290945
2011-08-30 02:00:00,8.067324
2011-08-30 03:00:00,6.1867394
2011-08-30 04:00:00,6.5390825
2011-08-30 05:00:00,24.12622
2011-08-30 06:00:00,107.758446
2011-08-30 07:00:00,324.25922
2011-08-30 08:00:00,451.91098
2011-08-30 09:00:00,205.31235
2011-08-30 10:00:00,129.25578
2011-08-30 11:00:00,155.53358
2011-08-30 12:00:00,196.48479
2011-08-30 13:00:00,197.8439
2011-08-30 14:00:00,185.50159
2011-08-30 15:00:00,189.3053
2011-08-30 16:00:00,300.6645
2011-08-30 17:00:00,582.68585
2011-08-30 18:00:00,558.8598
2011-08-30 19:00:00,366.26645
2011-08-30 20:00:00,280.06607
2011-08-30 21:00:00,191.06706
2011-08-30 22:00:00,148.32718
2011-08-30 23:00:00,81.83893
2011-08-31 00:00:00,32.949055
2011-08-31 01:00:00,14.187471
2011-08-31 02:00:00,7.919258
2011-08-31 03:00:00,6.3780036
2011-08-31 04:00:00,6.432899
2011-08-31 05:00:00,22.496254
2011-08-31 06:00:00,105.131805
2011-08-31 07:00:00,315.9175
2011-08-31 08:00:00,426.99844
2011-08-31 09:00:00,204.40573
2011-08-31 10:00:00,122.49028
2011-08-31 11:00:00,151.12663
2011-08-31 12:00:00,192.57265
2011-08-31 13:00:00,197.24762
2011-08-31 14:00:00,177.61829
2011-08-31 15:00:00,188.47978
2011-08-31 16:00:00,289.78326
2011-08-31 17:00:00,566.91797
2011-08-31 18:00:00,546.86835
2011-08-31 19:00:00,373.67953
2011-08-31 20:00:00,286.80795
2011-08-31 21:00:00,200.40942
2011-08-31 22:00:00,137.59644
2011-08-31 23:00:00,75.10599
2011-09-20 00:00:00,31.938568
2011-09-20 01:00:00,11.50831
2011-09-20 02:00:00,6.547184
2011-09-20 03:00:00,6.3809752
2011-09-20 04:00:00,6.3692017
2011-09-20 05:00:00,22.500908
2011-09-20 06:00:00,105.41422
2011-09-20 07:00:00,294.2991
2011-09-20 08:00:00,228.61174
2011-09-20 09:00:00,132.21365
2011-09-20 10:00:00,91.36899
2011-09-20 11:00:00,92.28251
2011-09-20 12:00:00,98.65771
2011-09-20 13:00:00,94.408875
2011-09-20 14:00:00,105.57186
2011-09-20 15:00:00,147.93968
2011-09-20 16:00:00,179.76884
2011-09-20 17:00:00,352.44382
2011-09-20 18:00:00,347.11514
2011-09-20 19:00:00,264.82803
2011-09-20 20:00:00,181.06139
2011-09-20 21:00:00,133.32657
2011-09-20 22:00:00,105.43055
2011-09-20 23:00:00,63.227524
2011-09-21 00:00:00,22.884325
2011-09-21 01:00:00,11.430442
2011-09-21 02:00:00,6.843402
2011-09-21 03:00:00,5.4566603
2011-09-21 04:00:00,5.702695
2011-09-21 05:00:00,16.696611
2011-09-21 06:00:00,91.557434
2011-09-21 07:00:00,256.32938
2011-09-21 08:00:00,354.50043
2011-09-21 09:00:00,150.32974
2011-09-21 10:00:00,99.60468
2011-09-21 11:00:00,107.508545
2011-09-21 12:00:00,147.81213
2011-09-21 13:00:00,161.93326
2011-09-21 14:00:00,143.26036
2011-09-21 15:00:00,149.58171
2011-09-21 16:00:00,249.59277
2011-09-21 17:00:00,441.86078
2011-09-21 18:00:00,269.73187
2011-09-21 19:00:00,151.74364
2011-09-21 20:00:00,107.29545
2011-09-21 21:00:00,106.28494
2011-09-21 22:00:00,85.63228
2011-09-21 23:00:00,65.35144
2011-09-22 00:00:00,27.438896
2011-09-22 01:00:00,11.292829
2011-09-22 02:00:00,6.948501
2011-09-22 03:00:00,5.824915
2011-09-22 04:00:00,5.8618007
2011-09-22 05:00:00,17.583677
2011-09-22 06:00:00,92.318245
2011-09-22 07:00:00,267.74982
2011-09-22 08:00:00,344.72586
2011-09-22 09:00:00,172.89603
2011-09-22 10:00:00,107.85643
2011-09-22 11:00:00,112.03275
2011-09-22 12:00:00,131.71921
2011-09-22 13:00:00,124.099884
2011-09-22 14:00:00,115.45916
2011-09-22 15:00:00,146.59863
2011-09-22 16:00:00,253.48346
2011-09-22 17:00:00,425.2777
2011-09-22 18:00:00,281.61127
2011-09-22 19:00:00,209.25406
2011-09-22 20:00:00,128.10133
2011-09-22 21:00:00,117.3967
2011-09-22 22:00:00,94.41522
2011-09-22 23:00:00,66.94959
2011-09-23 00:00:00,32.821037
2011-09-23 01:00:00,15.529589
2011-09-23 02:00:00,9.32354
2011-09-23 03:00:00,6.204793
2011-09-23 04:00:00,5.434761
2011-09-23 05:00:00,18.820415
2011-09-23 06:00:00,82.66543
2011-09-23 07:00:00,144.62857
2011-09-23 08:00:00,236.72057
2011-09-23 09:00:00,135.5809
2011-09-23 10:00:00,102.05795
2011-09-23 11:00:00,114.6014
2011-09-23 12:00:00,133.07779
2011-09-23 13:00:00,115.60118
2011-09-23 14:00:00,116.01352
2011-09-23 15:00:00,139.2604
2011-09-23 16:00:00,180.08252
2011-09-23 17:00:00,237.77545
2011-09-23 18:00:00,226.39
2011-09-23 19:00:00,199.17427
2011-09-23 20:00:00,153.23651
2011-09-23 21:00:00,113.92403
2011-09-23 22:00:00,107.06346
2011-09-23 23:00:00,81.83019
2011-09-24 00:00:00,94.08793
2011-09-24 01:00:00,74.393524
2011-09-24 02:00:00,59.017
2011-09-24 03:00:00,29.96719
2011-09-24 04:00:00,10.932187
2011-09-24 05:00:00,11.404433
2011-09-24 06:00:00,17.448048
2011-09-24 07:00:00,46.825634
2011-09-24 08:00:00,69.11866
2011-09-24 09:00:00,180.93506
2011-09-24 10:00:00,263.2037
2011-09-24 11:00:00,295.51453
2011-09-24 12:00:00,315.544
2011-09-24 13:00:00,339.27045
2011-09-24 14:00:00,342.0462
2011-09-24 15:00:00,350.3952
2011-09-24 16:00:00,341.4793
2011-09-24 17:00:00,337.43915
2011-09-24 18:00:00,301.76978
2011-09-24 19:00:00,198.32877
2011-09-24 20:00:00,161.08308
2011-09-24 21:00:00,147.35204
2011-09-24 22:00:00,116.07982
2011-09-24 23:00:00,107.491425
2011-09-25 00:00:00,97.11763
2011-09-25 01:00:00,80.49685
2011-09-25 02:00:00,63.218002
2011-09-25 03:00:00,28.803625
2011-09-25 04:00:00,9.8612
2011-09-25 05:00:00,14.695357
2011-09-25 06:00:00,15.294813
2011-09-25 07:00:00,35.87945
2011-09-25 08:00:00,84.78277
2011-09-25 09:00:00,153.27359
2011-09-25 10:00:00,247.90956
2011-09-25 11:00:00,331.27728
2011-09-25 12:00:00,339.3551
2011-09-25 13:00:00,344.22174
2011-09-25 14:00:00,301.0838
2011-09-25 15:00:00,302.38358
2011-09-25 16:00:00,367.05182
2011-09-25 17:00:00,328.64056
2011-09-25 18:00:00,300.83417
2011-09-25 19:00:00,199.51973
2011-09-25 20:00:00,160.50519
2011-09-25 21:00:00,120.040016
2011-09-25 22:00:00,109.47115
2011-09-25 23:00:00,73.242386
2011-09-26 00:00:00,21.083223
2011-09-26 01:00:00,11.905805
2011-09-26 02:00:00,6.678768
2011-09-26 03:00:00,5.509062
2011-09-26 04:00:00,5.5897775
2011-09-26 05:00:00,21.372387
2011-09-26 06:00:00,90.63445
2011-09-26 07:00:00,258.87946
2011-09-26 08:00:00,339.52585
2011-09-26 09:00:00,189.89224
2011-09-26 10:00:00,107.083534
2011-09-26 11:00:00,126.613205
2011-09-26 12:00:00,160.9139
2011-09-26 13:00:00,172.59465
2011-09-26 14:00:00,173.73404
2011-09-26 15:00:00,187.67964
2011-09-26 16:00:00,300.41766
2011-09-26 17:00:00,551.294
2011-09-26 18:00:00,333.27728
2011-09-26 19:00:00,277.012
2011-09-26 20:00:00,178.9283
2011-09-26 21:00:00,130.09375
2011-09-26 22:00:00,95.99575
2011-09-26 23:00:00,53.751472
2011-09-27 00:00:00,23.099146
2011-09-27 01:00:00,10.611832
2011-09-27 02:00:00,6.610617
2011-09-27 03:00:00,5.326823
2011-09-27 04:00:00,5.9928064
2011-09-27 05:00:00,18.965284
2011-09-27 06:00:00,93.92665
2011-09-27 07:00:00,266.84338
2011-09-27 08:00:00,390.9718
2011-09-27 09:00:00,171.74771
2011-09-27 10:00:00,97.61734
2011-09-27 11:00:00,114.23111
2011-09-27 12:00:00,137.95381
2011-09-27 13:00:00,170.69922
2011-09-27 14:00:00,137.587
2011-09-27 15:00:00,122.76445
2011-09-27 16:00:00,200.10484
2011-09-27 17:00:00,314.0307
2011-09-27 18:00:00,276.88623
2011-09-27 19:00:00,227.10953
2011-09-27 20:00:00,236.13943
2011-09-27 21:00:00,152.4718
2011-09-27 22:00:00,127.84912
2011-09-27 23:00:00,73.600334
2011-09-28 00:00:00,27.918041
2011-09-28 01:00:00,12.002503
2011-09-28 02:00:00,7.461175
2011-09-28 03:00:00,5.405598
2011-09-28 04:00:00,6.2803893
2011-09-28 05:00:00,17.08468
2011-09-28 06:00:00,68.0939
2011-09-28 07:00:00,135.04837
2011-09-28 08:00:00,252.19919
2011-09-28 09:00:00,156.23975
2011-09-28 10:00:00,73.75015
2011-09-28 11:00:00,103.76497
2011-09-28 12:00:00,149.04636
2011-09-28 13:00:00,170.11871
2011-09-28 14:00:00,173.48306
2011-09-28 15:00:00,181.82805
2011-09-28 16:00:00,289.8635
2011-09-28 17:00:00,541.4868
2011-09-28 18:00:00,294.27832
2011-09-28 19:00:00,214.73134
2011-09-28 20:00:00,126.89372
2011-09-28 21:00:00,101.72526
2011-09-28 22:00:00,126.12189
2011-09-28 23:00:00,62.84072
2011-09-29 00:00:00,27.86169
2011-09-29 01:00:00,11.941963
2011-09-29 02:00:00,7.1604457
2011-09-29 03:00:00,6.3721924
2011-09-29 04:00:00,6.6588326
2011-09-29 05:00:00,21.188087
2011-09-29 06:00:00,104.45461
2011-09-29 07:00:00,310.79996
2011-09-29 08:00:00,432.5871
2011-09-29 09:00:00,218.16301
2011-09-29 10:00:00,130.57663
2011-09-29 11:00:00,156.80894
2011-09-29 12:00:00,196.34436
2011-09-29 13:00:00,194.7604
2011-09-29 14:00:00,178.95413
2011-09-29 15:00:00,190.35576
2011-09-29 16:00:00,298.14905
2011-09-29 17:00:00,563.3537
2011-09-29 18:00:00,547.02734
2011-09-29 19:00:00,362.56244
2011-09-29 20:00:00,284.84125
2011-09-29 21:00:00,193.20209
2011-09-29 22:00:00,140.0451
2011-09-29 23:00:00,96.9597
2011-09-30 00:00:00,47.69183
2011-09-30 01:00:00,26.347515
2011-09-30 02:00:00,12.896726
2011-09-30 03:00:00,7.588568
2011-09-30 04:00:00,7.549257
2011-09-30 05:00:00,27.602346
2011-09-30 06:00:00,98.43518
2011-09-30 07:00:00,285.43356
2011-09-30 08:00:00,429.7851
2011-09-30 09:00:00,220.5818
2011-09-30 10:00:00,159.764
2011-09-30 11:00:00,192.19737
2011-09-30 12:00:00,239.24454
2011-09-30 13:00:00,222.60976
2011-09-30 14:00:00,218.76978
2011-09-30 15:00:00,226.31544
2011-09-30 16:00:00,347.43723
2011-09-30 17:00:00,547.85724
2011-09-30 18:00:00,473.73615
2011-09-30 19:00:00,291.46045
2011-09-30 20:00:00,203.40135
2011-09-30 21:00:00,166.61212
2011-09-30 22:00:00,130.91302
2011-09-30 23:00:00,107.74812
2011-10-20 00:00:00,26.856342
2011-10-20 01:00:00,15.174442
2011-10-20 02:00:00,8.405192
2011-10-20 03:00:00,6.259497
2011-10-20 04:00:00,6.3937135
2011-10-20 05:00:00,27.091234
2011-10-20 06:00:00,105.00852
2011-10-20 07:00:00,292.00815
2011-10-20 08:00:00,420.50375
2011-10-20 09:00:00,198.85657
2011-10-20 10:00:00,126.8933
2011-10-20 11:00:00,144.50299
2011-10-20 12:00:00,177.41214
2011-10-20 13:00:00,168.69081
2011-10-20 14:00:00,144.39749
2011-10-20 15:00:00,150.69427
2011-10-20 16:00:00,234.75471
2011-10-20 17:00:00,457.5806
2011-10-20 18:00:00,396.0477
2011-10-20 19:00:00,290.0039
2011-10-20 20:00:00,200.27548
2011-10-20 21:00:00,150.51604
2011-10-20 22:00:00,122.00366
2011-10-20 23:00:00,85.42322
2011-10-21 00:00:00,47.52231
2011-10-21 01:00:00,23.09492
2011-10-21 02:00:00,12.319979
2011-10-21 03:00:00,6.866043
2011-10-21 04:00:00,6.8230896
2011-10-21 05:00:00,20.541723
2011-10-21 06:00:00,86.303055
2011-10-21 07:00:00,253.55385
2011-10-21 08:00:00,447.74673
2011-10-21 09:00:00,228.29776
2011-10-21 10:00:00,151.57326
2011-10-21 11:00:00,183.45001
2011-10-21 12:00:00,217.39737
2011-10-21 13:00:00,205.08165
2011-10-21 14:00:00,214.87186
2011-10-21 15:00:00,219.25954
2011-10-21 16:00:00,318.21173
2011-10-21 17:00:00,437.02026
2011-10-21 18:00:00,368.1119
2011-10-21 19:00:00,238.48291
2011-10-21 20:00:00,180.99133
2011-10-21 21:00:00,144.30173
2011-10-21 22:00:00,128.16028
2011-10-21 23:00:00,97.79979
2011-10-22 00:00:00,85.93347
2011-10-22 01:00:00,70.29112
2011-10-22 02:00:00,55.6926
2011-10-22 03:00:00,27.469955
2011-10-22 04:00:00,10.47929
2011-10-22 05:00:00,9.173677
2011-10-22 06:00:00,20.296947
2011-10-22 07:00:00,50.982304
2011-10-22 08:00:00,104.65376
2011-10-22 09:00:00,188.82668
2011-10-22 10:00:00,246.57845
2011-10-22 11:00:00,296.07736
2011-10-22 12:00:00,352.32285
2011-10-22 13:00:00,381.4781
2011-10-22 14:00:00,342.2963
2011-10-22 15:00:00,347.8114
2011-10-22 16:00:00,373.94925
2011-10-22 17:00:00,320.81702
2011-10-22 18:00:00,265.07242
2011-10-22 19:00:00,198.88194
2011-10-22 20:00:00,152.2535
2011-10-22 21:00:00,124.897316
2011-10-22 22:00:00,109.0309
2011-10-22 23:00:00,88.104164
2011-10-23 00:00:00,72.08319
2011-10-23 01:00:00,69.811844
2011-10-23 02:00:00,58.918575
2011-10-23 03:00:00,27.496653
2011-10-23 04:00:00,8.015001
2011-10-23 05:00:00,7.78582
2011-10-23 06:00:00,11.0973425
2011-10-23 07:00:00,43.34616
2011-10-23 08:00:00,73.66728
2011-10-23 09:00:00,147.52025
2011-10-23 10:00:00,241.68382
2011-10-23 11:00:00,283.3155
2011-10-23 12:00:00,356.74414
2011-10-23 13:00:00,366.77838
2011-10-23 14:00:00,350.49265
2011-10-23 15:00:00,349.06137
2011-10-23 16:00:00,358.17758
2011-10-23 17:00:00,332.54776
2011-10-23 18:00:00,290.10706
2011-10-23 19:00:00,187.33478
2011-10-23 20:00:00,142.50648
2011-10-23 21:00:00,110.77051
2011-10-23 22:00:00,92.8657
2011-10-23 23:00:00,62.849968
2011-10-24 00:00:00,28.440657
2011-10-24 01:00:00,11.991583
2011-10-24 02:00:00,6.3351073
2011-10-24 03:00:00,6.3574967
2011-10-24 04:00:00,5.993627
2011-10-24 05:00:00,20.530113
2011-10-24 06:00:00,95.6528
2011-10-24 07:00:00,253.8649
2011-10-24 08:00:00,398.09976
2011-10-24 09:00:00,213.09203
2011-10-24 10:00:00,120.40126
2011-10-24 11:00:00,135.54019
2011-10-24 12:00:00,184.07686
2011-10-24 13:00:00,177.31506
2011-10-24 14:00:00,160.2692
2011-10-24 15:00:00,187.41803
2011-10-24 16:00:00,278.63116
2011-10-24 17:00:00,531.5856
2011-10-24 18:00:00,513.10876
2011-10-24 19:00:00,189.05704
2011-10-24 20:00:00,202.28235
2011-10-24 21:00:00,144.59682
2011-10-24 22:00:00,117.299904
2011-10-24 23:00:00,71.06528
2011-10-25 00:00:00,31.979813
2011-10-25 01:00:00,14.106086
2011-10-25 02:00:00,7.5550237
2011-10-25 03:00:00,5.6364136
2011-10-25 04:00:00,6.174237
2011-10-25 05:00:00,23.691969
2011-10-25 06:00:00,100.91703
2011-10-25 07:00:00,292.4668
2011-10-25 08:00:00,446.02676
2011-10-25 09:00:00,217.93718
2011-10-25 10:00:00,125.62436
2011-10-25 11:00:00,144.9455
2011-10-25 12:00:00,185.87662
2011-10-25 13:00:00,179.51851
2011-10-25 14:00:00,172.97935
2011-10-25 15:00:00,187.4526
2011-10-25 16:00:00,298.74106
2011-10-25 17:00:00,572.635
2011-10-25 18:00:00,506.973
2011-10-25 19:00:00,314.3207
2011-10-25 20:00:00,221.36086
2011-10-25 21:00:00,164.69693
2011-10-25 22:00:00,126.01456
2011-10-25 23:00:00,72.46521
2011-10-26 00:00:00,34.420853
2011-10-26 01:00:00,14.00999
2011-10-26 02:00:00,8.44932
2011-10-26 03:00:00,6.0368032
2011-10-26 04:00:00,6.0414333
2011-10-26 05:00:00,26.144556
2011-10-26 06:00:00,106.19252
2011-10-26 07:00:00,302.95895
2011-10-26 08:00:00,445.2155
2011-10-26 09:00:00,218.95583
2011-10-26 10:00:00,125.284294
2011-10-26 11:00:00,147.09882
2011-10-26 12:00:00,165.55025
2011-10-26 13:00:00,137.6129
2011-10-26 14:00:00,130.34294
2011-10-26 15:00:00,146.28136
2011-10-26 16:00:00,236.39252
2011-10-26 17:00:00,452.001
2011-10-26 18:00:00,456.51895
2011-10-26 19:00:00,258.45
2011-10-26 20:00:00,184.26524
2011-10-26 21:00:00,154.0692
2011-10-26 22:00:00,111.205315
2011-10-26 23:00:00,69.44791
2011-10-27 00:00:00,28.48106
2011-10-27 01:00:00,12.675337
2011-10-27 02:00:00,5.8229995
2011-10-27 03:00:00,4.719357
2011-10-27 04:00:00,5.1220336
2011-10-27 05:00:00,17.368141
2011-10-27 06:00:00,64.305
2011-10-27 07:00:00,270.99927
2011-10-27 08:00:00,275.43793
2011-10-27 09:00:00,225.69
2011-10-27 10:00:00,94.76587
2011-10-27 11:00:00,100.7682
2011-10-27 12:00:00,103.82691
2011-10-27 13:00:00,133.14323
2011-10-27 14:00:00,112.970116
2011-10-27 15:00:00,135.6515
2011-10-27 16:00:00,269.95126
2011-10-27 17:00:00,422.37607
2011-10-27 18:00:00,390.49554
2011-10-27 19:00:00,243.61485
2011-10-27 20:00:00,187.54921
2011-10-27 21:00:00,139.7513
2011-10-27 22:00:00,93.64232
2011-10-27 23:00:00,65.94806
2011-10-28 00:00:00,40.376137
2011-10-28 01:00:00,16.857178
2011-10-28 02:00:00,9.546662
2011-10-28 03:00:00,5.291001
2011-10-28 04:00:00,5.349595
2011-10-28 05:00:00,19.279222
2011-10-28 06:00:00,80.825645
2011-10-28 07:00:00,234.55722
2011-10-28 08:00:00,411.37332
2011-10-28 09:00:00,218.41284
2011-10-28 10:00:00,137.14291
2011-10-28 11:00:00,156.01056
2011-10-28 12:00:00,191.94876
2011-10-28 13:00:00,190.45178
2011-10-28 14:00:00,170.41861
2011-10-28 15:00:00,188.13368
2011-10-28 16:00:00,244.06514
2011-10-28 17:00:00,391.6925
2011-10-28 18:00:00,349.65005
2011-10-28 19:00:00,229.43881
2011-10-28 20:00:00,113.777435
2011-10-28 21:00:00,73.94268
2011-10-28 22:00:00,47.365902
2011-10-28 23:00:00,34.345108
2011-10-29 00:00:00,48.242886
2011-10-29 01:00:00,41.01773
2011-10-29 02:00:00,34.873093
2011-10-29 03:00:00,9.746406
2011-10-29 04:00:00,5.379438
2011-10-29 05:00:00,6.167712
2011-10-29 06:00:00,9.169385
2011-10-29 07:00:00,40.212036
2011-10-29 08:00:00,74.92101
2011-10-29 09:00:00,99.64124
2011-10-29 10:00:00,132.91455
2011-10-29 11:00:00,150.6464
2011-10-29 12:00:00,152.07549
2011-10-29 13:00:00,148.5088
2011-10-29 14:00:00,159.60822
2011-10-29 15:00:00,174.94183
2011-10-29 16:00:00,171.47263
2011-10-29 17:00:00,120.99831
2011-10-29 18:00:00,95.63417
2011-10-29 19:00:00,123.99199
2011-10-29 20:00:00,95.94905
2011-10-29 21:00:00,76.86644
2011-10-29 22:00:00,69.82479
2011-10-29 23:00:00,59.902466
2011-10-30 00:00:00,63.997536
2011-10-30 01:00:00,60.468826
2011-10-30 02:00:00,42.647293
2011-10-30 03:00:00,15.394573
2011-10-30 04:00:00,5.4182124
2011-10-30 05:00:00,5.215775
2011-10-30 06:00:00,9.565531
2011-10-30 07:00:00,26.317225
2011-10-30 08:00:00,53.93589
2011-10-30 09:00:00,121.798965
2011-10-30 10:00:00,223.27412
2011-10-30 11:00:00,260.2297
2011-10-30 12:00:00,302.56564
2011-10-30 13:00:00,322.54453
2011-10-30 14:00:00,336.36642
2011-10-30 15:00:00,341.44638
2011-10-30 16:00:00,343.265
2011-10-30 17:00:00,266.55252
2011-10-30 18:00:00,220.85544
2011-10-30 19:00:00,258.39365
2011-10-30 20:00:00,118.15617
2011-10-30 21:00:00,89.83554
2011-10-30 22:00:00,66.99509
2011-10-30 23:00:00,42.09399
2011-10-31 00:00:00,17.68873
2011-10-31 01:00:00,8.693806
2011-10-31 02:00:00,5.121649
2011-10-31 03:00:00,4.9059005
2011-10-31 04:00:00,4.889501
2011-10-31 05:00:00,17.649849
2011-10-31 06:00:00,77.54683
2011-10-31 07:00:00,253.12636
2011-10-31 08:00:00,408.06927
2011-10-31 09:00:00,201.25783
2011-10-31 10:00:00,118.153786
2011-10-31 11:00:00,136.67493
2011-10-31 12:00:00,177.46217
2011-10-31 13:00:00,172.01335
2011-10-31 14:00:00,148.09229
2011-10-31 15:00:00,173.52795
2011-10-31 16:00:00,251.43011
2011-10-31 17:00:00,491.66983
2011-10-31 18:00:00,409.53552
2011-10-31 19:00:00,284.01108
2011-10-31 20:00:00,194.11055
2011-10-31 21:00:00,129.07422
2011-10-31 22:00:00,89.4644
2011-10-31 23:00:00,53.646107
2011-11-20 00:00:00,84.00782
2011-11-20 01:00:00,72.16284
2011-11-20 02:00:00,61.70636
2011-11-20 03:00:00,29.3931
2011-11-20 04:00:00,7.695589
2011-11-20 05:00:00,7.8963823
2011-11-20 06:00:00,15.401413
2011-11-20 07:00:00,51.131447
2011-11-20 08:00:00,79.3579
2011-11-20 09:00:00,155.1593
2011-11-20 10:00:00,221.74483
2011-11-20 11:00:00,314.85565
2011-11-20 12:00:00,345.94278
2011-11-20 13:00:00,347.64023
2011-11-20 14:00:00,343.73175
2011-11-20 15:00:00,315.72757
2011-11-20 16:00:00,328.38553
2011-11-20 17:00:00,281.3489
2011-11-20 18:00:00,259.48303
2011-11-20 19:00:00,208.16951
2011-11-20 20:00:00,174.48647
2011-11-20 21:00:00,121.030304
2011-11-20 22:00:00,67.67666
2011-11-20 23:00:00,47.619812
2011-11-21 00:00:00,24.461555
2011-11-21 01:00:00,8.019511
2011-11-21 02:00:00,6.0976663
2011-11-21 03:00:00,4.736703
2011-11-21 04:00:00,4.7344847
2011-11-21 05:00:00,16.852106
2011-11-21 06:00:00,83.543236
2011-11-21 07:00:00,255.46495
2011-11-21 08:00:00,387.43042
2011-11-21 09:00:00,193.49385
2011-11-21 10:00:00,109.48347
2011-11-21 11:00:00,118.12261
2011-11-21 12:00:00,171.65637
2011-11-21 13:00:00,164.75807
2011-11-21 14:00:00,136.92117
2011-11-21 15:00:00,77.06322
2011-11-21 16:00:00,120.5239
2011-11-21 17:00:00,155.92888
2011-11-21 18:00:00,185.85121
2011-11-21 19:00:00,154.98921
2011-11-21 20:00:00,120.44758
2011-11-21 21:00:00,89.63975
2011-11-21 22:00:00,67.97876
2011-11-21 23:00:00,40.21351
2011-11-22 00:00:00,14.906659
2011-11-22 01:00:00,7.2963367
2011-11-22 02:00:00,5.5532064
2011-11-22 03:00:00,4.8241253
2011-11-22 04:00:00,4.9931016
2011-11-22 05:00:00,14.824794
2011-11-22 06:00:00,85.246086
2011-11-22 07:00:00,103.99044
2011-11-22 08:00:00,205.31609
2011-11-22 09:00:00,107.247604
2011-11-22 10:00:00,67.11995
2011-11-22 11:00:00,77.28464
2011-11-22 12:00:00,81.47117
2011-11-22 13:00:00,78.65698
2011-11-22 14:00:00,73.642235
2011-11-22 15:00:00,60.524185
2011-11-22 16:00:00,103.77339
2011-11-22 17:00:00,182.88303
2011-11-22 18:00:00,165.43767
2011-11-22 19:00:00,167.39014
2011-11-22 20:00:00,156.19997
2011-11-22 21:00:00,118.001564
2011-11-22 22:00:00,98.44459
2011-11-22 23:00:00,63.497868
2011-11-23 00:00:00,21.83646
2011-11-23 01:00:00,9.274536
2011-11-23 02:00:00,6.836133
2011-11-23 03:00:00,5.721852
2011-11-23 04:00:00,6.339292
2011-11-23 05:00:00,18.305105
2011-11-23 06:00:00,82.51071
2011-11-23 07:00:00,254.98947
2011-11-23 08:00:00,404.21155
2011-11-23 09:00:00,196.90306
2011-11-23 10:00:00,90.213806
2011-11-23 11:00:00,121.280304
2011-11-23 12:00:00,173.35965
2011-11-23 13:00:00,137.03668
2011-11-23 14:00:00,136.8791
2011-11-23 15:00:00,134.42227
2011-11-23 16:00:00,192.69383
2011-11-23 17:00:00,255.29568
2011-11-23 18:00:00,336.92154
2011-11-23 19:00:00,243.9408
2011-11-23 20:00:00,170.87936
2011-11-23 21:00:00,128.01126
2011-11-23 22:00:00,92.17315
2011-11-23 23:00:00,54.032658
2011-11-24 00:00:00,46.900406
2011-11-24 01:00:00,30.682526
2011-11-24 02:00:00,17.801775
2011-11-24 03:00:00,8.969934
2011-11-24 04:00:00,7.5561323
2011-11-24 05:00:00,15.869962
2011-11-24 06:00:00,41.578613
2011-11-24 07:00:00,90.315125
2011-11-24 08:00:00,233.38654
2011-11-24 09:00:00,190.72173
2011-11-24 10:00:00,197.58385
2011-11-24 11:00:00,248.5514
2011-11-24 12:00:00,269.75125
2011-11-24 13:00:00,280.9024
2011-11-24 14:00:00,290.1044
2011-11-24 15:00:00,285.6028
2011-11-24 16:00:00,296.98715
2011-11-24 17:00:00,347.87997
2011-11-24 18:00:00,298.72235
2011-11-24 19:00:00,220.44083
2011-11-24 20:00:00,157.44597
2011-11-24 21:00:00,125.61163
2011-11-24 22:00:00,103.68059
2011-11-24 23:00:00,72.27591
2011-11-25 00:00:00,39.409557
2011-11-25 01:00:00,16.49438
2011-11-25 02:00:00,9.013873
2011-11-25 03:00:00,5.935917
2011-11-25 04:00:00,6.1934233
2011-11-25 05:00:00,21.220402
2011-11-25 06:00:00,77.6023
2011-11-25 07:00:00,240.67206
2011-11-25 08:00:00,417.69324
2011-11-25 09:00:00,224.22473
2011-11-25 10:00:00,134.80223
2011-11-25 11:00:00,164.24051
2011-11-25 12:00:00,197.53397
2011-11-25 13:00:00,213.20619
2011-11-25 14:00:00,202.1301
2011-11-25 15:00:00,223.10559
2011-11-25 16:00:00,300.83987
2011-11-25 17:00:00,472.83688
2011-11-25 18:00:00,384.41162
2011-11-25 19:00:00,247.81725
2011-11-25 20:00:00,175.58997
2011-11-25 21:00:00,125.33871
2011-11-25 22:00:00,107.50002
2011-11-25 23:00:00,80.666435
2011-11-26 00:00:00,75.90785
2011-11-26 01:00:00,63.520565
2011-11-26 02:00:00,49.47741
2011-11-26 03:00:00,23.61118
2011-11-26 04:00:00,7.6092396
2011-11-26 05:00:00,7.398402
2011-11-26 06:00:00,16.01487
2011-11-26 07:00:00,35.293343
2011-11-26 08:00:00,100.63309
2011-11-26 09:00:00,169.4787
2011-11-26 10:00:00,214.79604
2011-11-26 11:00:00,284.87927
2011-11-26 12:00:00,328.3368
2011-11-26 13:00:00,360.87103
2011-11-26 14:00:00,336.02933
2011-11-26 15:00:00,355.16772
2011-11-26 16:00:00,311.9327
2011-11-26 17:00:00,264.0622
2011-11-26 18:00:00,223.48389
2011-11-26 19:00:00,189.84868
2011-11-26 20:00:00,148.65756
2011-11-26 21:00:00,107.990555
2011-11-26 22:00:00,101.81319
2011-11-26 23:00:00,77.211464
2011-11-27 00:00:00,75.03541
2011-11-27 01:00:00,73.36288
2011-11-27 02:00:00,58.96875
2011-11-27 03:00:00,28.713467
2011-11-27 04:00:00,7.7275357
2011-11-27 05:00:00,7.4798255
2011-11-27 06:00:00,14.793272
2011-11-27 07:00:00,37.212402
2011-11-27 08:00:00,77.96399
2011-11-27 09:00:00,155.02805
2011-11-27 10:00:00,231.88194
2011-11-27 11:00:00,316.3628
2011-11-27 12:00:00,358.77097
2011-11-27 13:00:00,357.97092
2011-11-27 14:00:00,408.55838
2011-11-27 15:00:00,402.54105
2011-11-27 16:00:00,365.01492
2011-11-27 17:00:00,298.7128
2011-11-27 18:00:00,255.30515
2011-11-27 19:00:00,195.01257
2011-11-27 20:00:00,161.78104
2011-11-27 21:00:00,108.49099
2011-11-27 22:00:00,96.21902
2011-11-27 23:00:00,67.548164
2011-11-28 00:00:00,32.879456
2011-11-28 01:00:00,13.235072
2011-11-28 03:00:00,5.645951
2011-11-28 04:00:00,6.369979
2011-11-28 05:00:00,22.664196
2011-11-28 06:00:00,102.17271
2011-11-28 07:00:00,286.88303
2011-11-28 08:00:00,390.40326
2011-11-28 09:00:00,196.90826
2011-11-28 10:00:00,121.06577
2011-11-28 11:00:00,142.66473
2011-11-28 12:00:00,187.345
2011-11-28 13:00:00,170.04086
2011-11-28 14:00:00,169.5003
2011-11-28 15:00:00,184.99327
2011-11-28 16:00:00,271.5897
2011-11-28 17:00:00,539.6681
2011-11-28 18:00:00,519.8766
2011-11-28 19:00:00,314.708
2011-11-28 20:00:00,213.65445
2011-11-28 21:00:00,164.04909
2011-11-28 22:00:00,105.24515
2011-11-28 23:00:00,61.664806
2011-11-29 00:00:00,28.6165
2011-11-29 01:00:00,13.421763
2011-11-29 02:00:00,7.0088573
2011-11-29 03:00:00,5.8388624
2011-11-29 04:00:00,5.5781283
2011-11-29 05:00:00,25.545166
2011-11-29 06:00:00,104.26811
2011-11-29 07:00:00,315.30313
2011-11-29 08:00:00,443.51086
2011-11-29 09:00:00,163.7342
2011-11-29 10:00:00,96.60122
2011-11-29 11:00:00,86.111694
2011-11-29 12:00:00,76.86334
2011-11-29 13:00:00,70.09533
2011-11-29 14:00:00,68.88097
2011-11-29 15:00:00,71.90128
2011-11-29 16:00:00,112.9796
2011-11-29 17:00:00,248.77417
2011-11-29 18:00:00,278.0718
2011-11-29 19:00:00,218.84569
2011-11-29 20:00:00,152.61623
2011-11-29 21:00:00,122.01941
2011-11-29 22:00:00,96.62892
2011-11-29 23:00:00,48.702877
2011-11-30 00:00:00,28.589159
2011-11-30 01:00:00,11.077829
2011-11-30 02:00:00,6.736318
2011-11-30 03:00:00,5.570825
2011-11-30 04:00:00,5.4611206
2011-11-30 05:00:00,20.843752
2011-11-30 06:00:00,84.54105
2011-11-30 07:00:00,258.721
2011-11-30 08:00:00,427.7137
2011-11-30 09:00:00,210.13635
2011-11-30 10:00:00,111.31716
2011-11-30 11:00:00,128.78201
2011-11-30 12:00:00,143.38745
2011-11-30 13:00:00,145.9391
2011-11-30 14:00:00,134.6315
2011-11-30 15:00:00,145.25998
2011-11-30 16:00:00,197.7836
2011-11-30 17:00:00,352.0798
2011-11-30 18:00:00,344.83694
2011-11-30 19:00:00,224.77911
2011-11-30 20:00:00,156.26082
2011-11-30 21:00:00,114.38658
2011-11-30 22:00:00,83.70147
2011-11-30 23:00:00,48.516155
2011-12-20 00:00:00,29.228354
2011-12-20 01:00:00,11.528327
2011-12-20 02:00:00,6.520262
2011-12-20 03:00:00,5.7940726
2011-12-20 04:00:00,6.041825
2011-12-20 05:00:00,22.740433
2011-12-20 06:00:00,96.04084
2011-12-20 07:00:00,270.14566
2011-12-20 08:00:00,446.94925
2011-12-20 09:00:00,222.33533
2011-12-20 10:00:00,117.158966
2011-12-20 11:00:00,127.2596
2011-12-20 12:00:00,158.47307
2011-12-20 13:00:00,153.95403
2011-12-20 14:00:00,137.08568
2011-12-20 15:00:00,138.03807
2011-12-20 16:00:00,226.2031
2011-12-20 17:00:00,407.39636
2011-12-20 18:00:00,384.6039
2011-12-20 19:00:00,261.7705
2011-12-20 20:00:00,179.12263
2011-12-20 21:00:00,139.18999
2011-12-20 22:00:00,99.2472
2011-12-20 23:00:00,68.061676
2011-12-21 00:00:00,28.229858
2011-12-21 01:00:00,13.3100605
2011-12-21 02:00:00,6.5754433
2011-12-21 03:00:00,5.6785836
2011-12-21 04:00:00,5.7246885
2011-12-21 05:00:00,21.20464
2011-12-21 06:00:00,92.75492
2011-12-21 07:00:00,259.87338
2011-12-21 08:00:00,203.41862
2011-12-21 09:00:00,208.33743
2011-12-21 10:00:00,110.01389
2011-12-21 11:00:00,117.15039
2011-12-21 12:00:00,70.44574
2011-12-21 13:00:00,49.86281
2011-12-21 14:00:00,104.00322
2011-12-21 15:00:00,107.23387
2011-12-21 16:00:00,80.36177
2011-12-21 17:00:00,108.126656
2011-12-21 18:00:00,193.1993
2011-12-21 19:00:00,181.68098
2011-12-21 20:00:00,135.47139
2011-12-21 21:00:00,138.17827
2011-12-21 22:00:00,106.80429
2011-12-21 23:00:00,63.27689
2011-12-22 00:00:00,36.71579
2011-12-22 01:00:00,12.02232
2011-12-22 02:00:00,8.840242
2011-12-22 03:00:00,6.2571077
2011-12-22 04:00:00,6.1072946
2011-12-22 05:00:00,24.93976
2011-12-22 06:00:00,94.49599
2011-12-22 07:00:00,264.51865
2011-12-22 08:00:00,434.6136
2011-12-22 09:00:00,218.99155
2011-12-22 10:00:00,108.03987
2011-12-22 11:00:00,115.6081
2011-12-22 12:00:00,152.50308
2011-12-22 13:00:00,147.68987
2011-12-22 14:00:00,128.56406
2011-12-22 15:00:00,137.73509
2011-12-22 16:00:00,209.182
2011-12-22 17:00:00,388.55396
2011-12-22 18:00:00,393.82504
2011-12-22 19:00:00,273.1877
2011-12-22 20:00:00,122.489655
2011-12-22 21:00:00,83.36011
2011-12-22 22:00:00,58.58551
2011-12-22 23:00:00,45.44991
2011-12-23 00:00:00,30.458813
2011-12-23 01:00:00,13.138291
2011-12-23 02:00:00,6.780201
2011-12-23 03:00:00,4.734774
2011-12-23 04:00:00,4.362482
2011-12-23 05:00:00,21.447857
2011-12-23 06:00:00,85.94972
2011-12-23 07:00:00,246.25786
2011-12-23 08:00:00,428.84354
2011-12-23 09:00:00,230.14236
2011-12-23 10:00:00,138.47733
2011-12-23 11:00:00,149.61636
2011-12-23 12:00:00,176.21722
2011-12-23 13:00:00,162.86864
2011-12-23 14:00:00,162.52176
2011-12-23 15:00:00,178.8448
2011-12-23 16:00:00,219.23904
2011-12-23 17:00:00,362.4303
2011-12-23 18:00:00,318.6522
2011-12-23 19:00:00,224.21133
2011-12-23 20:00:00,146.05495
2011-12-23 21:00:00,112.701935
2011-12-23 22:00:00,103.265816
2011-12-23 23:00:00,83.2504
2011-12-24 00:00:00,73.97495
2011-12-24 01:00:00,62.773663
2011-12-24 02:00:00,52.75358
2011-12-24 03:00:00,25.453363
2011-12-24 04:00:00,7.860062
2011-12-24 05:00:00,7.644003
2011-12-24 06:00:00,14.105661
2011-12-24 07:00:00,36.372097
2011-12-24 08:00:00,77.67836
2011-12-24 09:00:00,136.16228
2011-12-24 10:00:00,175.9496
2011-12-24 11:00:00,224.84987
2011-12-24 12:00:00,283.45514
2011-12-24 13:00:00,270.28455
2011-12-24 14:00:00,262.93176
2011-12-24 15:00:00,257.4895
2011-12-24 16:00:00,250.36467
2011-12-24 17:00:00,179.93321
2011-12-24 18:00:00,185.01591
2011-12-24 19:00:00,164.97801
2011-12-24 20:00:00,105.296005
2011-12-24 21:00:00,83.718414
2011-12-24 22:00:00,81.185555
2011-12-24 23:00:00,61.846745
2011-12-25 00:00:00,61.327938
2011-12-25 01:00:00,56.776543
2011-12-25 02:00:00,47.49036
2011-12-25 03:00:00,18.145391
2011-12-25 05:00:00,6.095676
2011-12-25 06:00:00,8.232899
2011-12-25 07:00:00,19.675785
2011-12-25 08:00:00,49.895695
2011-12-25 09:00:00,99.60684
2011-12-25 10:00:00,150.99661
2011-12-25 11:00:00,209.88925
2011-12-25 12:00:00,220.16722
2011-12-25 13:00:00,239.59152
2011-12-25 14:00:00,250.90979
2011-12-25 15:00:00,251.95587
2011-12-25 16:00:00,257.64627
2011-12-25 17:00:00,203.73909
2011-12-25 18:00:00,169.03612
2011-12-25 19:00:00,155.66507
2011-12-25 20:00:00,102.456665
2011-12-25 21:00:00,82.13444
2011-12-25 22:00:00,64.688446
2011-12-25 23:00:00,39.096752
2011-12-26 00:00:00,38.72987
2011-12-26 01:00:00,27.656652
2011-12-26 02:00:00,17.016783
2011-12-26 04:00:00,6.491151
2011-12-26 05:00:00,16.74042
2011-12-26 06:00:00,31.52226
2011-12-26 07:00:00,87.63195
2011-12-26 08:00:00,159.82541
2011-12-26 09:00:00,162.66132
2011-12-26 10:00:00,172.80464
2011-12-26 11:00:00,181.08565
2011-12-26 12:00:00,227.48085
2011-12-26 13:00:00,239.48116
2011-12-26 14:00:00,232.42276
2011-12-26 15:00:00,242.38956
2011-12-26 16:00:00,228.20248
2011-12-26 17:00:00,242.51912
2011-12-26 18:00:00,229.5636
2011-12-26 19:00:00,185.51825
2011-12-26 20:00:00,137.12018
2011-12-26 21:00:00,98.35963
2011-12-26 22:00:00,68.55357
2011-12-26 23:00:00,40.111725
2011-12-27 00:00:00,20.210577
2011-12-27 01:00:00,9.46344
2011-12-27 02:00:00,6.2117167
2011-12-27 03:00:00,5.506082
2011-12-27 04:00:00,5.6186256
2011-12-27 05:00:00,21.779999
2011-12-27 06:00:00,83.26356
2011-12-27 07:00:00,250.59549
2011-12-27 08:00:00,428.6125
2011-12-27 09:00:00,124.066315
2011-12-27 10:00:00,104.32717
2011-12-27 11:00:00,68.53085
2011-12-27 12:00:00,63.69003
2011-12-27 13:00:00,68.9661
2011-12-27 14:00:00,57.535645
2011-12-27 15:00:00,64.71074
2011-12-27 16:00:00,96.90536
2011-12-27 17:00:00,196.24881
2011-12-27 18:00:00,258.5852
2011-12-27 19:00:00,220.25282
2011-12-27 20:00:00,163.39339
2011-12-27 21:00:00,128.11076
2011-12-27 22:00:00,100.68629
2011-12-27 23:00:00,55.18786
2011-12-28 00:00:00,25.356915
2011-12-28 01:00:00,11.140718
2011-12-28 02:00:00,6.48406
2011-12-28 03:00:00,5.481679
2011-12-28 05:00:00,23.208803
2011-12-28 06:00:00,87.19222
2011-12-28 07:00:00,256.19635
2011-12-28 08:00:00,433.44394
2011-12-28 09:00:00,218.57396
2011-12-28 10:00:00,109.60614
2011-12-28 11:00:00,126.21342
2011-12-28 12:00:00,135.38083
2011-12-28 13:00:00,130.8869
2011-12-28 14:00:00,119.4294
2011-12-28 15:00:00,130.15239
2011-12-28 16:00:00,176.39137
2011-12-28 17:00:00,335.7679
2011-12-28 18:00:00,323.57324
2011-12-28 19:00:00,221.87007
2011-12-28 20:00:00,151.90753
2011-12-28 21:00:00,98.65656
2011-12-28 22:00:00,75.24445
2011-12-28 23:00:00,41.461018
2011-12-29 00:00:00,22.105453
2011-12-29 01:00:00,9.212085
2011-12-29 02:00:00,6.9022627
2011-12-29 03:00:00,5.1921635
2011-12-29 04:00:00,5.2165365
2011-12-29 05:00:00,18.12108
2011-12-29 06:00:00,77.56691
2011-12-29 07:00:00,224.03163
2011-12-29 08:00:00,403.82123
2011-12-29 09:00:00,205.17635
2011-12-29 10:00:00,96.89791
2011-12-29 11:00:00,103.3757
2011-12-29 12:00:00,121.082985
2011-12-29 13:00:00,129.34125
2011-12-29 14:00:00,113.64725
2011-12-29 15:00:00,133.23425
2011-12-29 16:00:00,192.70892
2011-12-29 17:00:00,351.46356
2011-12-29 18:00:00,348.91742
2011-12-29 19:00:00,240.82669
2011-12-29 20:00:00,161.93622
2011-12-29 21:00:00,115.8864
2011-12-29 22:00:00,99.442604
2011-12-29 23:00:00,68.46331
2011-12-30 00:00:00,36.4536
2011-12-30 01:00:00,15.2138605
2011-12-30 02:00:00,8.581481
2011-12-30 03:00:00,5.5589476
2011-12-30 04:00:00,5.5541787
2011-12-30 05:00:00,18.348461
2011-12-30 06:00:00,77.29689
2011-12-30 07:00:00,212.93343
2011-12-30 08:00:00,397.69717
2011-12-30 09:00:00,221.04054
2011-12-30 10:00:00,121.47078
2011-12-30 11:00:00,143.75566
2011-12-30 12:00:00,174.25558
2011-12-30 13:00:00,170.90921
2011-12-30 14:00:00,155.68317
2011-12-30 15:00:00,187.41899
2011-12-30 16:00:00,255.4759
2011-12-30 17:00:00,384.32706
2011-12-30 18:00:00,344.063
2011-12-30 19:00:00,200.96964
2011-12-30 20:00:00,153.6598
2011-12-30 21:00:00,124.70994
2011-12-30 22:00:00,102.67795
2011-12-30 23:00:00,78.552055
2011-12-31 00:00:00,76.60824
2011-12-31 01:00:00,65.501724
2011-12-31 02:00:00,53.852966
2011-12-31 03:00:00,26.062857
2011-12-31 04:00:00,8.868147
2011-12-31 05:00:00,7.7977495
2011-12-31 06:00:00,18.514568
2011-12-31 07:00:00,42.395844
2011-12-31 08:00:00,97.796555
2011-12-31 09:00:00,160.8019
2011-12-31 10:00:00,209.747
2011-12-31 11:00:00,277.71243
2011-12-31 12:00:00,382.68655
2011-12-31 13:00:00,367.79663
2011-12-31 14:00:00,327.94153
2011-12-31 15:00:00,300.15402
2011-12-31 16:00:00,302.66626
2011-12-31 17:00:00,254.40099
2011-12-31 18:00:00,231.05553
2011-12-31 19:00:00,198.30005
2011-12-31 20:00:00,156.04413
2011-12-31 21:00:00,125.264824
2011-12-31 22:00:00,111.761795
2011-12-31 23:00:00,84.645164
2012-01-20 00:00:00,29.914892
2012-01-20 01:00:00,11.482306
2012-01-20 02:00:00,7.410938
2012-01-20 03:00:00,5.0911407
2012-01-20 04:00:00,4.837349
2012-01-20 05:00:00,19.902418
2012-01-20 06:00:00,79.77356
2012-01-20 07:00:00,212.43425
2012-01-20 08:00:00,463.89304
2012-01-20 09:00:00,224.34445
2012-01-20 10:00:00,113.01796
2012-01-20 11:00:00,121.58862
2012-01-20 12:00:00,148.03203
2012-01-20 13:00:00,157.11565
2012-01-20 14:00:00,140.89706
2012-01-20 15:00:00,157.19958
2012-01-20 16:00:00,200.1026
2012-01-20 17:00:00,343.00064
2012-01-20 18:00:00,315.17618
2012-01-20 19:00:00,216.05606
2012-01-20 20:00:00,147.58176
2012-01-20 21:00:00,101.28372
2012-01-20 22:00:00,85.336754
2012-01-20 23:00:00,44.72131
2012-01-21 00:00:00,37.892464
2012-01-21 01:00:00,34.39795
2012-01-21 02:00:00,35.19959
2012-01-21 03:00:00,13.869098
2012-01-21 04:00:00,5.757853
2012-01-21 05:00:00,5.1591988
2012-01-21 06:00:00,7.3120146
2012-01-21 07:00:00,36.198204
2012-01-21 08:00:00,82.09582
2012-01-21 09:00:00,116.173294
2012-01-21 10:00:00,120.40605
2012-01-21 11:00:00,195.15292
2012-01-21 12:00:00,230.768
2012-01-21 13:00:00,228.59738
2012-01-21 14:00:00,138.86356
2012-01-21 15:00:00,141.50618
2012-01-21 16:00:00,188.55081
2012-01-21 17:00:00,150.84924
2012-01-21 18:00:00,142.21672
2012-01-21 19:00:00,118.00336
2012-01-21 20:00:00,89.630356
2012-01-21 21:00:00,75.82477
2012-01-21 22:00:00,64.23561
2012-01-21 23:00:00,55.72097
2012-01-22 00:00:00,48.66617
2012-01-22 01:00:00,42.826004
2012-01-22 02:00:00,41.53854
2012-01-22 03:00:00,18.75831
2012-01-22 04:00:00,4.610542
2012-01-22 05:00:00,4.525273
2012-01-22 06:00:00,6.7741165
2012-01-22 07:00:00,18.168518
2012-01-22 08:00:00,46.432976
2012-01-22 09:00:00,85.05745
2012-01-22 10:00:00,137.61371
2012-01-22 11:00:00,104.99967
2012-01-22 12:00:00,201.13286
2012-01-22 13:00:00,209.36488
2012-01-22 14:00:00,190.4205
2012-01-22 15:00:00,186.36694
2012-01-22 16:00:00,179.8006
2012-01-22 17:00:00,138.021
2012-01-22 18:00:00,97.99338
2012-01-22 19:00:00,92.14345
2012-01-22 20:00:00,76.07315
2012-01-22 21:00:00,62.154175
2012-01-22 22:00:00,62.74029
2012-01-22 23:00:00,41.64994
2012-01-23 00:00:00,14.0987835
2012-01-23 01:00:00,6.686919
2012-01-23 02:00:00,5.946533
2012-01-23 03:00:00,4.2294054
2012-01-23 04:00:00,4.2363977
2012-01-23 05:00:00,16.859694
2012-01-23 06:00:00,73.301216
2012-01-23 07:00:00,122.62011
2012-01-23 08:00:00,232.45717
2012-01-23 09:00:00,209.12129
2012-01-23 10:00:00,90.41724
2012-01-23 11:00:00,94.655365
2012-01-23 12:00:00,108.23542
2012-01-23 13:00:00,75.6768
2012-01-23 14:00:00,70.080055
2012-01-23 15:00:00,104.79326
2012-01-23 16:00:00,141.59627
2012-01-23 17:00:00,204.29025
2012-01-23 18:00:00,222.79456
2012-01-23 19:00:00,187.31761
2012-01-23 20:00:00,138.23958
2012-01-23 21:00:00,93.919785
2012-01-23 22:00:00,73.12274
2012-01-23 23:00:00,35.753998
2012-01-24 00:00:00,16.288956
2012-01-24 01:00:00,5.6585474
2012-01-24 02:00:00,5.631236
2012-01-24 03:00:00,4.3247757
2012-01-24 04:00:00,4.9813566
2012-01-24 05:00:00,17.348955
2012-01-24 06:00:00,78.570694
2012-01-24 07:00:00,239.15022
2012-01-24 08:00:00,469.35068
2012-01-24 09:00:00,231.93655
2012-01-24 10:00:00,97.44686
2012-01-24 11:00:00,103.78806
2012-01-24 12:00:00,122.71424
2012-01-24 13:00:00,118.454735
2012-01-24 14:00:00,108.7318
2012-01-24 15:00:00,144.91133
2012-01-24 16:00:00,225.55171
2012-01-24 17:00:00,454.80328
2012-01-24 18:00:00,420.98212
2012-01-24 19:00:00,322.3832
2012-01-24 20:00:00,172.82791
2012-01-24 21:00:00,140.61412
2012-01-24 22:00:00,96.72017
2012-01-24 23:00:00,52.86928
2012-01-25 00:00:00,16.62205
2012-01-25 01:00:00,8.190067
2012-01-25 02:00:00,6.223512
2012-01-25 03:00:00,4.6695156
2012-01-25 04:00:00,4.4632177
2012-01-25 05:00:00,18.428366
2012-01-25 06:00:00,86.41667
2012-01-25 07:00:00,243.57857
2012-01-25 08:00:00,478.95447
2012-01-25 09:00:00,226.81178
2012-01-25 10:00:00,102.120705
2012-01-25 11:00:00,100.749374
2012-01-25 12:00:00,145.75793
2012-01-25 13:00:00,140.83292
2012-01-25 14:00:00,126.777534
2012-01-25 15:00:00,148.24287
2012-01-25 16:00:00,204.20593
2012-01-25 17:00:00,400.27673
2012-01-25 18:00:00,371.75296
2012-01-25 19:00:00,253.49919
2012-01-25 20:00:00,176.14336
2012-01-25 21:00:00,135.81996
2012-01-25 22:00:00,105.36783
2012-01-25 23:00:00,51.61755
2012-01-26 00:00:00,21.176083
2012-01-26 01:00:00,8.672113
2012-01-26 02:00:00,6.40962
2012-01-26 03:00:00,4.6742992
2012-01-26 04:00:00,4.68884
2012-01-26 05:00:00,20.112701
2012-01-26 06:00:00,86.968506
2012-01-26 07:00:00,249.77318
2012-01-26 08:00:00,498.34592
2012-01-26 09:00:00,240.12212
2012-01-26 10:00:00,103.45082
2012-01-26 11:00:00,104.92102
2012-01-26 12:00:00,137.4383
2012-01-26 13:00:00,144.142
2012-01-26 14:00:00,135.39285
2012-01-26 15:00:00,157.60352
2012-01-26 16:00:00,218.47206
2012-01-26 17:00:00,398.38895
2012-01-26 18:00:00,409.85583
2012-01-26 19:00:00,286.90115
2012-01-26 20:00:00,192.877
2012-01-26 21:00:00,152.8038
2012-01-26 22:00:00,120.40681
2012-01-26 23:00:00,75.83322
2012-01-27 00:00:00,36.71763
2012-01-27 01:00:00,16.182714
2012-01-27 02:00:00,10.139848
2012-01-27 03:00:00,4.5915403
2012-01-27 04:00:00,4.3887506
2012-01-27 05:00:00,18.499447
2012-01-27 06:00:00,81.11047
2012-01-27 07:00:00,212.5174
2012-01-27 08:00:00,288.33014
2012-01-27 09:00:00,180.01715
2012-01-27 10:00:00,88.483406
2012-01-27 11:00:00,139.65578
2012-01-27 12:00:00,202.92636
2012-01-27 13:00:00,225.36295
2012-01-27 14:00:00,214.16406
2012-01-27 15:00:00,213.67377
2012-01-27 16:00:00,265.15854
2012-01-27 17:00:00,414.2887
2012-01-27 18:00:00,362.84537
2012-01-27 19:00:00,236.67395
2012-01-27 20:00:00,157.11794
2012-01-27 21:00:00,113.796486
2012-01-27 22:00:00,100.519485
2012-01-27 23:00:00,70.09009
2012-01-28 00:00:00,59.688744
2012-01-28 01:00:00,51.48074
2012-01-28 02:00:00,39.657192
2012-01-28 03:00:00,17.392223
2012-01-28 04:00:00,6.650975
2012-01-28 05:00:00,5.7613034
2012-01-28 06:00:00,8.524315
2012-01-28 07:00:00,30.542793
2012-01-28 08:00:00,86.02794
2012-01-28 09:00:00,124.929695
2012-01-28 10:00:00,186.16684
2012-01-28 11:00:00,241.75896
2012-01-28 12:00:00,248.63332
2012-01-28 13:00:00,308.85986
2012-01-28 14:00:00,308.7454
2012-01-28 15:00:00,327.74808
2012-01-28 16:00:00,350.57367
2012-01-28 17:00:00,312.62024
2012-01-28 18:00:00,279.09003
2012-01-28 19:00:00,207.19107
2012-01-28 20:00:00,149.1601
2012-01-28 21:00:00,106.07706
2012-01-28 22:00:00,100.66577
2012-01-28 23:00:00,80.02581
2012-01-29 00:00:00,62.365616
2012-01-29 01:00:00,52.65412
2012-01-29 02:00:00,39.21118
2012-01-29 03:00:00,22.300068
2012-01-29 04:00:00,6.6111736
2012-01-29 05:00:00,5.533389
2012-01-29 06:00:00,7.303081
2012-01-29 07:00:00,28.504673
2012-01-29 08:00:00,50.065598
2012-01-29 09:00:00,86.20255
2012-01-29 10:00:00,161.84988
2012-01-29 11:00:00,191.4896
2012-01-29 12:00:00,257.23718
2012-01-29 13:00:00,259.4963
2012-01-29 14:00:00,246.64151
2012-01-29 15:00:00,284.15167
2012-01-29 16:00:00,255.04813
2012-01-29 17:00:00,218.41579
2012-01-29 18:00:00,177.88081
2012-01-29 19:00:00,128.19566
2012-01-29 20:00:00,89.62103
2012-01-29 21:00:00,71.97053
2012-01-29 22:00:00,60.512928
2012-01-29 23:00:00,36.85438
2012-01-30 00:00:00,33.225075
2012-01-30 01:00:00,6.260151
2012-01-30 02:00:00,5.8268805
2012-01-30 03:00:00,4.4387255
2012-01-30 04:00:00,4.374158
2012-01-30 05:00:00,17.255667
2012-01-30 06:00:00,75.74961
2012-01-30 07:00:00,210.44077
2012-01-30 08:00:00,408.39374
2012-01-30 09:00:00,196.9367
2012-01-30 10:00:00,92.66043
2012-01-30 11:00:00,98.144356
2012-01-30 12:00:00,133.81299
2012-01-30 13:00:00,134.24461
2012-01-30 14:00:00,127.937126
2012-01-30 15:00:00,138.91255
2012-01-30 16:00:00,200.90123
2012-01-30 17:00:00,396.845
2012-01-30 18:00:00,387.89603
2012-01-30 19:00:00,249.50702
2012-01-30 20:00:00,174.5459
2012-01-30 21:00:00,133.22437
2012-01-30 22:00:00,78.535934
2012-01-30 23:00:00,42.095367
2012-01-31 00:00:00,16.372272
2012-01-31 01:00:00,6.4861875
2012-01-31 02:00:00,6.1774273
2012-01-31 03:00:00,4.600349
2012-01-31 04:00:00,4.364389
2012-01-31 05:00:00,18.803787
2012-01-31 06:00:00,81.53991
2012-01-31 07:00:00,245.88907
2012-01-31 08:00:00,478.15274
2012-01-31 09:00:00,230.07106
2012-01-31 10:00:00,106.84568
2012-01-31 11:00:00,128.96939
2012-01-31 12:00:00,162.22307
2012-01-31 13:00:00,181.22623
2012-01-31 14:00:00,172.23944
2012-01-31 15:00:00,183.57668
2012-01-31 16:00:00,270.92136
2012-01-31 17:00:00,525.6086
2012-01-31 18:00:00,517.9958
2012-01-31 19:00:00,336.9503
2012-01-31 20:00:00,200.3218
2012-01-31 21:00:00,162.65102
2012-01-31 22:00:00,116.26828
2012-01-31 23:00:00,70.867386
2012-02-20 00:00:00,46.33821
2012-02-20 01:00:00,36.162205
2012-02-20 02:00:00,18.787169
2012-02-20 03:00:00,8.9822445
2012-02-20 05:00:00,14.150961
2012-02-20 06:00:00,24.3574
2012-02-20 07:00:00,79.102615
2012-02-20 08:00:00,180.1806
2012-02-20 09:00:00,150.04674
2012-02-20 10:00:00,149.02162
2012-02-20 11:00:00,176.86137
2012-02-20 12:00:00,198.46622
2012-02-20 13:00:00,219.3163
2012-02-20 14:00:00,212.85854
2012-02-20 15:00:00,235.80351
2012-02-20 16:00:00,254.84651
2012-02-20 17:00:00,306.09155
2012-02-20 18:00:00,257.89258
2012-02-20 19:00:00,192.60162
2012-02-20 20:00:00,142.11378
2012-02-20 21:00:00,105.20289
2012-02-20 22:00:00,87.48382
2012-02-20 23:00:00,40.178173
2012-02-21 00:00:00,18.12848
2012-02-21 01:00:00,6.98999
2012-02-21 02:00:00,6.062774
2012-02-21 04:00:00,4.3443356
2012-02-21 05:00:00,20.0165
2012-02-21 06:00:00,83.36725
2012-02-21 07:00:00,252.8869
2012-02-21 08:00:00,495.05167
2012-02-21 09:00:00,245.38548
2012-02-21 10:00:00,106.93475
2012-02-21 11:00:00,103.785324
2012-02-21 12:00:00,133.55386
2012-02-21 13:00:00,143.34962
2012-02-21 14:00:00,119.94935
2012-02-21 15:00:00,142.21951
2012-02-21 16:00:00,221.77435
2012-02-21 17:00:00,444.32886
2012-02-21 18:00:00,435.28223
2012-02-21 19:00:00,276.35825
2012-02-21 20:00:00,187.37776
2012-02-21 21:00:00,141.20808
2012-02-21 22:00:00,98.75506
2012-02-21 23:00:00,52.42712
2012-02-22 00:00:00,22.412802
2012-02-22 01:00:00,9.423727
2012-02-22 02:00:00,6.3915334
2012-02-22 03:00:00,4.5141635
2012-02-22 04:00:00,4.7265663
2012-02-22 05:00:00,20.650936
2012-02-22 06:00:00,92.735855
2012-02-22 07:00:00,275.57574
2012-02-22 08:00:00,523.3845
2012-02-22 09:00:00,254.95967
2012-02-22 10:00:00,119.210686
2012-02-22 11:00:00,134.44106
2012-02-22 12:00:00,162.9839
2012-02-22 13:00:00,166.2298
2012-02-22 14:00:00,151.52573
2012-02-22 15:00:00,196.91971
2012-02-22 16:00:00,285.01556
2012-02-22 17:00:00,535.9393
2012-02-22 18:00:00,467.20758
2012-02-22 19:00:00,319.6607
2012-02-22 20:00:00,206.28735
2012-02-22 21:00:00,154.91658
2012-02-22 22:00:00,109.748146
2012-02-22 23:00:00,72.546036
2012-02-23 00:00:00,30.748295
2012-02-23 01:00:00,11.959246
2012-02-23 02:00:00,8.148339
2012-02-23 03:00:00,4.4299173
2012-02-23 04:00:00,5.596518
2012-02-23 05:00:00,24.607948
2012-02-23 06:00:00,100.91916
2012-02-23 07:00:00,274.4028
2012-02-23 08:00:00,520.4583
2012-02-23 09:00:00,259.61307
2012-02-23 10:00:00,135.45937
2012-02-23 11:00:00,155.21976
2012-02-23 12:00:00,212.61537
2012-02-23 13:00:00,212.32095
2012-02-23 14:00:00,190.9307
2012-02-23 15:00:00,213.81685
2012-02-23 16:00:00,304.36813
2012-02-23 17:00:00,550.84314
2012-02-23 18:00:00,534.4348
2012-02-23 19:00:00,348.83273
2012-02-23 20:00:00,236.91307
2012-02-23 21:00:00,172.27756
2012-02-23 22:00:00,126.994934
2012-02-23 23:00:00,83.39527
2012-02-24 00:00:00,42.563255
2012-02-24 01:00:00,23.40326
2012-02-24 02:00:00,6.822451
2012-02-24 03:00:00,7.4414434
2012-02-24 04:00:00,6.296842
2012-02-24 05:00:00,22.315224
2012-02-24 06:00:00,90.262245
2012-02-24 07:00:00,252.5129
2012-02-24 08:00:00,515.53625
2012-02-24 09:00:00,132.24051
2012-02-24 10:00:00,76.50696
2012-02-24 11:00:00,147.67258
2012-02-24 12:00:00,188.39366
2012-02-24 13:00:00,187.3219
2012-02-24 14:00:00,181.87201
2012-02-24 15:00:00,96.199234
2012-02-24 16:00:00,139.46767
2012-02-24 17:00:00,205.535
2012-02-24 18:00:00,264.0845
2012-02-24 19:00:00,245.13934
2012-02-24 20:00:00,187.9974
2012-02-24 21:00:00,134.39919
2012-02-24 22:00:00,105.893005
2012-02-24 23:00:00,75.74705
2012-02-25 00:00:00,78.302704
2012-02-25 01:00:00,62.539936
2012-02-25 02:00:00,45.1453
2012-02-25 03:00:00,16.195854
2012-02-25 04:00:00,6.7285686
2012-02-25 05:00:00,5.8153696
2012-02-25 06:00:00,12.756604
2012-02-25 07:00:00,43.800278
2012-02-25 08:00:00,89.85992
2012-02-25 09:00:00,80.76639
2012-02-25 10:00:00,190.90428
2012-02-25 11:00:00,212.28775
2012-02-25 12:00:00,251.77452
2012-02-25 13:00:00,289.28238
2012-02-25 14:00:00,263.82812
2012-02-25 15:00:00,292.67685
2012-02-25 16:00:00,247.08911
2012-02-25 17:00:00,208.40138
2012-02-25 18:00:00,161.06677
2012-02-25 19:00:00,126.11066
2012-02-25 20:00:00,97.00648
2012-02-25 21:00:00,81.24803
2012-02-25 22:00:00,69.23554
2012-02-25 23:00:00,55.419254
2012-02-26 00:00:00,59.813747
2012-02-26 01:00:00,49.140026
2012-02-26 02:00:00,40.19061
2012-02-26 03:00:00,22.184261
2012-02-26 04:00:00,5.6208386
2012-02-26 05:00:00,5.1534553
2012-02-26 06:00:00,6.8699555
2012-02-26 07:00:00,22.476555
2012-02-26 08:00:00,53.429874
2012-02-26 09:00:00,93.25979
2012-02-26 10:00:00,165.03949
2012-02-26 11:00:00,207.2614
2012-02-26 12:00:00,278.4249
2012-02-26 13:00:00,284.8813
2012-02-26 14:00:00,297.54837
2012-02-26 15:00:00,300.0462
2012-02-26 16:00:00,291.2194
2012-02-26 17:00:00,248.99042
2012-02-26 18:00:00,200.5751
2012-02-26 19:00:00,150.15202
2012-02-26 20:00:00,99.62141
2012-02-26 21:00:00,78.720474
2012-02-26 22:00:00,69.06263
2012-02-26 23:00:00,37.76557
2012-02-27 00:00:00,15.813621
2012-02-27 01:00:00,7.0721827
2012-02-27 02:00:00,5.996805
2012-02-27 03:00:00,4.326791
2012-02-27 04:00:00,4.4363356
2012-02-27 05:00:00,19.017756
2012-02-27 06:00:00,82.88642
2012-02-27 07:00:00,245.37106
2012-02-27 08:00:00,455.63486
2012-02-27 09:00:00,220.71877
2012-02-27 10:00:00,106.505196
2012-02-27 11:00:00,138.43268
2012-02-27 12:00:00,174.9704
2012-02-27 13:00:00,176.31004
2012-02-27 14:00:00,172.0625
2012-02-27 15:00:00,202.63914
2012-02-27 16:00:00,281.594
2012-02-27 17:00:00,533.2947
2012-02-27 18:00:00,506.29025
2012-02-27 19:00:00,337.04858
2012-02-27 20:00:00,226.93063
2012-02-27 21:00:00,163.26314
2012-02-27 22:00:00,113.79267
2012-02-27 23:00:00,62.28321
2012-02-28 00:00:00,28.406656
2012-02-28 01:00:00,9.810637
2012-02-28 02:00:00,7.7676654
2012-02-28 03:00:00,5.9856462
2012-02-28 04:00:00,5.0492554
2012-02-28 05:00:00,24.831392
2012-02-28 06:00:00,88.94033
2012-02-28 07:00:00,254.52231
2012-02-28 08:00:00,474.89374
2012-02-28 09:00:00,235.54214
2012-02-28 10:00:00,107.11602
2012-02-28 11:00:00,130.0956
2012-02-28 12:00:00,169.13249
2012-02-28 13:00:00,166.5208
2012-02-28 14:00:00,156.37581
2012-02-28 15:00:00,201.21758
2012-02-28 16:00:00,274.8781
2012-02-28 17:00:00,514.1928
2012-02-28 18:00:00,502.63702
2012-02-28 19:00:00,333.02103
2012-02-28 20:00:00,207.0194
2012-02-28 21:00:00,142.99567
2012-02-28 22:00:00,103.86958
2012-02-28 23:00:00,54.91546
2012-02-29 00:00:00,23.574831
2012-02-29 01:00:00,8.432974
2012-02-29 02:00:00,6.3653107
2012-02-29 03:00:00,4.5005655
2012-02-29 05:00:00,21.572372
2012-02-29 06:00:00,90.14466
2012-02-29 07:00:00,264.76114
2012-02-29 08:00:00,514.00464
2012-02-29 09:00:00,132.3459
2012-02-29 10:00:00,60.18582
2012-02-29 11:00:00,76.12013
2012-02-29 12:00:00,71.54241
2012-02-29 13:00:00,119.206505
2012-02-29 14:00:00,108.39143
2012-02-29 15:00:00,131.43767
2012-02-29 16:00:00,107.72209
2012-02-29 17:00:00,290.58325
2012-02-29 18:00:00,241.33151
2012-02-29 19:00:00,256.33932
2012-02-29 20:00:00,143.95651
2012-02-29 21:00:00,95.44673
2012-02-29 22:00:00,64.67598
2012-02-29 23:00:00,40.410217
2012-03-20 00:00:00,27.611977
2012-03-20 01:00:00,15.573736
2012-03-20 02:00:00,8.326405
2012-03-20 03:00:00,5.847702
2012-03-20 04:00:00,6.291029
2012-03-20 05:00:00,23.67785
2012-03-20 06:00:00,104.747055
2012-03-20 07:00:00,155.82591
2012-03-20 08:00:00,585.423
2012-03-20 09:00:00,334.02673
2012-03-20 10:00:00,184.71939
2012-03-20 11:00:00,187.77644
2012-03-20 12:00:00,235.16023
2012-03-20 13:00:00,228.97682
2012-03-20 14:00:00,212.19633
2012-03-20 15:00:00,238.23154
2012-03-20 16:00:00,369.3638
2012-03-20 17:00:00,727.9441
2012-03-20 18:00:00,712.89594
2012-03-20 19:00:00,514.8389
2012-03-20 20:00:00,347.78424
2012-03-20 21:00:00,238.7539
2012-03-20 22:00:00,171.54274
2012-03-20 23:00:00,80.0631
2012-03-21 00:00:00,32.810966
2012-03-21 01:00:00,17.328342
2012-03-21 02:00:00,8.906501
2012-03-21 03:00:00,6.143486
2012-03-21 04:00:00,6.294228
2012-03-21 05:00:00,27.842197
2012-03-21 06:00:00,103.6076
2012-03-21 07:00:00,192.98572
2012-03-21 08:00:00,399.11328
2012-03-21 09:00:00,336.9025
2012-03-21 10:00:00,177.71198
2012-03-21 11:00:00,179.194
2012-03-21 12:00:00,220.3779
2012-03-21 13:00:00,187.32562
2012-03-21 14:00:00,179.76796
2012-03-21 15:00:00,194.2578
2012-03-21 16:00:00,348.6955
2012-03-21 17:00:00,693.3656
2012-03-21 18:00:00,686.8702
2012-03-21 19:00:00,525.9619
2012-03-21 20:00:00,341.04077
2012-03-21 21:00:00,235.90646
2012-03-21 22:00:00,181.63477
2012-03-21 23:00:00,100.96323
2012-03-22 00:00:00,40.96114
2012-03-22 01:00:00,19.41837
2012-03-22 02:00:00,10.049006
2012-03-22 03:00:00,8.283787
2012-03-22 04:00:00,5.77356
2012-03-22 05:00:00,20.45375
2012-03-22 06:00:00,102.118
2012-03-22 07:00:00,354.74557
2012-03-22 08:00:00,591.34564
2012-03-22 09:00:00,325.0814
2012-03-22 10:00:00,189.06331
2012-03-22 11:00:00,196.86589
2012-03-22 12:00:00,234.57951
2012-03-22 13:00:00,251.38258
2012-03-22 14:00:00,233.51883
2012-03-22 15:00:00,260.45047
2012-03-22 16:00:00,379.46878
2012-03-22 17:00:00,751.03687
2012-03-22 18:00:00,749.4224
2012-03-22 19:00:00,527.7217
2012-03-22 20:00:00,366.07596
2012-03-22 21:00:00,277.59012
2012-03-22 22:00:00,194.84712
2012-03-22 23:00:00,141.05275
2012-03-23 00:00:00,51.26728
2012-03-23 01:00:00,27.794785
2012-03-23 02:00:00,12.904554
2012-03-23 03:00:00,8.7009325
2012-03-23 04:00:00,6.837224
2012-03-23 05:00:00,25.036562
2012-03-23 06:00:00,103.44347
2012-03-23 07:00:00,336.4559
2012-03-23 08:00:00,578.9413
2012-03-23 09:00:00,315.03442
2012-03-23 10:00:00,224.61449
2012-03-23 11:00:00,266.91177
2012-03-23 12:00:00,346.24847
2012-03-23 13:00:00,363.16302
2012-03-23 14:00:00,351.86172
2012-03-23 15:00:00,384.14838
2012-03-23 16:00:00,504.7164
2012-03-23 17:00:00,721.012
2012-03-23 18:00:00,683.9377
2012-03-23 19:00:00,478.86676
2012-03-23 20:00:00,348.1498
2012-03-23 21:00:00,280.51468
2012-03-23 22:00:00,239.22946
2012-03-23 23:00:00,166.65582
2012-03-24 00:00:00,108.10788
2012-03-24 01:00:00,93.53518
2012-03-24 02:00:00,68.27707
2012-03-24 03:00:00,37.585506
2012-03-24 04:00:00,15.828688
2012-03-24 05:00:00,17.456673
2012-03-24 06:00:00,44.170574
2012-03-24 07:00:00,94.19732
2012-03-24 08:00:00,183.6639
2012-03-24 09:00:00,303.17563
2012-03-24 10:00:00,399.0559
2012-03-24 11:00:00,466.64914
2012-03-24 12:00:00,396.96472
2012-03-24 13:00:00,394.73154
2012-03-24 14:00:00,345.35214
2012-03-24 15:00:00,326.71628
2012-03-24 16:00:00,307.49506
2012-03-24 17:00:00,260.6097
2012-03-24 18:00:00,247.39664
2012-03-24 19:00:00,211.57538
2012-03-24 20:00:00,133.17838
2012-03-24 21:00:00,119.832344
2012-03-24 22:00:00,91.67218
2012-03-24 23:00:00,109.24204
2012-03-25 00:00:00,79.60831
2012-03-25 01:00:00,70.26233
2012-03-25 02:00:00,53.57498
2012-03-25 03:00:00,23.187984
2012-03-25 04:00:00,11.257471
2012-03-25 05:00:00,10.314342
2012-03-25 06:00:00,23.730675
2012-03-25 07:00:00,49.011024
2012-03-25 08:00:00,99.3812
2012-03-25 09:00:00,202.462
2012-03-25 10:00:00,306.8034
2012-03-25 11:00:00,365.5374
2012-03-25 12:00:00,440.8478
2012-03-25 13:00:00,455.956
2012-03-25 14:00:00,441.46213
2012-03-25 15:00:00,426.57172
2012-03-25 16:00:00,424.98538
2012-03-25 17:00:00,464.06076
2012-03-25 18:00:00,418.62772
2012-03-25 19:00:00,308.17657
2012-03-25 20:00:00,193.09323
2012-03-25 21:00:00,141.99321
2012-03-25 22:00:00,108.547035
2012-03-25 23:00:00,68.916985
2012-03-26 00:00:00,31.102835
2012-03-26 01:00:00,17.153427
2012-03-26 02:00:00,7.8855457
2012-03-26 03:00:00,6.126822
2012-03-26 04:00:00,6.163588
2012-03-26 05:00:00,27.189342
2012-03-26 06:00:00,110.71972
2012-03-26 07:00:00,380.1653
2012-03-26 08:00:00,618.18243
2012-03-26 09:00:00,306.2285
2012-03-26 10:00:00,204.91791
2012-03-26 11:00:00,230.33696
2012-03-26 12:00:00,275.21042
2012-03-26 13:00:00,259.17798
2012-03-26 14:00:00,244.15984
2012-03-26 15:00:00,257.3737
2012-03-26 16:00:00,345.93182
2012-03-26 17:00:00,653.08655
2012-03-26 18:00:00,602.1598
2012-03-26 19:00:00,428.02728
2012-03-26 20:00:00,252.26765
2012-03-26 21:00:00,166.07312
2012-03-26 22:00:00,111.81752
2012-03-26 23:00:00,59.87667
2012-03-27 00:00:00,28.272053
2012-03-27 01:00:00,9.940997
2012-03-27 02:00:00,6.815168
2012-03-27 03:00:00,4.8766103
2012-03-27 04:00:00,4.73199
2012-03-27 05:00:00,20.087563
2012-03-27 06:00:00,90.57101
2012-03-27 07:00:00,339.20044
2012-03-27 08:00:00,578.3434
2012-03-27 09:00:00,300.85568
2012-03-27 10:00:00,158.36304
2012-03-27 11:00:00,179.10538
2012-03-27 12:00:00,215.83151
2012-03-27 13:00:00,225.63998
2012-03-27 14:00:00,223.55899
2012-03-27 15:00:00,243.21063
2012-03-27 16:00:00,350.09497
2012-03-27 17:00:00,656.8175
2012-03-27 18:00:00,650.668
2012-03-27 19:00:00,447.23822
2012-03-27 20:00:00,324.405
2012-03-27 21:00:00,187.35834
2012-03-27 22:00:00,139.79814
2012-03-27 23:00:00,79.14822
2012-03-28 00:00:00,31.637611
2012-03-28 01:00:00,11.930056
2012-03-28 02:00:00,6.488304
2012-03-28 03:00:00,6.862969
2012-03-28 04:00:00,5.906075
2012-03-28 05:00:00,27.557995
2012-03-28 06:00:00,106.78053
2012-03-28 07:00:00,356.07956
2012-03-28 08:00:00,638.17914
2012-03-28 09:00:00,334.72183
2012-03-28 10:00:00,201.65588
2012-03-28 11:00:00,231.55487
2012-03-28 12:00:00,265.38458
2012-03-28 13:00:00,279.97345
2012-03-28 14:00:00,258.02243
2012-03-28 15:00:00,265.02493
2012-03-28 16:00:00,351.986
2012-03-28 17:00:00,750.61395
2012-03-28 18:00:00,746.7019
2012-03-28 19:00:00,533.4123
2012-03-28 20:00:00,376.08563
2012-03-28 21:00:00,282.29886
2012-03-28 22:00:00,203.3076
2012-03-28 23:00:00,104.26714
2012-03-29 00:00:00,43.444572
2012-03-29 01:00:00,26.183193
2012-03-29 02:00:00,17.767876
2012-03-29 03:00:00,15.649781
2012-03-29 04:00:00,11.754923
2012-03-29 05:00:00,32.169945
2012-03-29 06:00:00,125.43947
2012-03-29 07:00:00,386.7554
2012-03-29 08:00:00,643.07336
2012-03-29 09:00:00,344.58322
2012-03-29 10:00:00,192.96568
2012-03-29 11:00:00,238.24185
2012-03-29 12:00:00,281.47336
2012-03-29 13:00:00,272.2859
2012-03-29 14:00:00,258.27423
2012-03-29 15:00:00,288.39456
2012-03-29 16:00:00,403.16412
2012-03-29 17:00:00,735.1962
2012-03-29 18:00:00,698.4233
2012-03-29 19:00:00,476.3288
2012-03-29 20:00:00,318.39972
2012-03-29 21:00:00,218.5598
2012-03-29 22:00:00,168.47156
2012-03-29 23:00:00,106.686905
2012-03-30 00:00:00,46.8833
2012-03-30 01:00:00,21.747051
2012-03-30 02:00:00,9.053712
2012-03-30 03:00:00,7.5175295
2012-03-30 04:00:00,6.412313
2012-03-30 05:00:00,25.778502
2012-03-30 06:00:00,95.5363
2012-03-30 07:00:00,324.17242
2012-03-30 08:00:00,617.05743
2012-03-30 09:00:00,326.94083
2012-03-30 10:00:00,200.25629
2012-03-30 11:00:00,221.15428
2012-03-30 12:00:00,268.76266
2012-03-30 13:00:00,173.12303
2012-03-30 14:00:00,146.35005
2012-03-30 15:00:00,165.6887
2012-03-30 16:00:00,277.95602
2012-03-30 17:00:00,572.7055
2012-03-30 18:00:00,570.7424
2012-03-30 19:00:00,379.1632
2012-03-30 20:00:00,240.68617
2012-03-30 21:00:00,186.66231
2012-03-30 22:00:00,153.88103
2012-03-30 23:00:00,129.98198
2012-03-31 00:00:00,86.9565
2012-03-31 01:00:00,70.42928
2012-03-31 02:00:00,52.875603
2012-03-31 03:00:00,29.324598
2012-03-31 04:00:00,12.312863
2012-03-31 05:00:00,12.737248
2012-03-31 06:00:00,30.893417
2012-03-31 07:00:00,74.10286
2012-03-31 08:00:00,144.8551
2012-03-31 09:00:00,273.8698
2012-03-31 10:00:00,352.85873
2012-03-31 11:00:00,496.62213
2012-03-31 12:00:00,537.8706
2012-03-31 13:00:00,616.0322
2012-03-31 14:00:00,538.4819
2012-03-31 15:00:00,568.1202
2012-03-31 16:00:00,514.49677
2012-03-31 17:00:00,470.505
2012-03-31 18:00:00,331.97552
2012-03-31 19:00:00,292.3976
2012-03-31 20:00:00,203.83943
2012-03-31 21:00:00,167.87267
2012-03-31 22:00:00,148.9575
2012-03-31 23:00:00,104.17405
2012-04-20 00:00:00,57.136387
2012-04-20 01:00:00,32.913418
2012-04-20 02:00:00,10.871747
2012-04-20 03:00:00,7.7262187
2012-04-20 04:00:00,7.616737
2012-04-20 05:00:00,26.55381
2012-04-20 06:00:00,108.653854
2012-04-20 07:00:00,339.31268
2012-04-20 08:00:00,608.5366
2012-04-20 09:00:00,337.89124
2012-04-20 10:00:00,217.0131
2012-04-20 11:00:00,268.3208
2012-04-20 12:00:00,353.57452
2012-04-20 13:00:00,368.92545
2012-04-20 14:00:00,341.49072
2012-04-20 15:00:00,356.1146
2012-04-20 16:00:00,499.82346
2012-04-20 17:00:00,701.78937
2012-04-20 18:00:00,640.9314
2012-04-20 19:00:00,491.9928
2012-04-20 20:00:00,339.08334
2012-04-20 21:00:00,257.04977
2012-04-20 22:00:00,214.56633
2012-04-20 23:00:00,183.2201
2012-04-21 00:00:00,116.236855
2012-04-21 01:00:00,89.454636
2012-04-21 02:00:00,69.211754
2012-04-21 03:00:00,34.277653
2012-04-21 04:00:00,14.789118
2012-04-21 05:00:00,15.824098
2012-04-21 06:00:00,45.707882
2012-04-21 07:00:00,92.493484
2012-04-21 08:00:00,194.64018
2012-04-21 09:00:00,308.18018
2012-04-21 10:00:00,446.023
2012-04-21 11:00:00,524.8091
2012-04-21 12:00:00,615.4784
2012-04-21 13:00:00,627.96045
2012-04-21 14:00:00,611.3726
2012-04-21 15:00:00,621.9302
2012-04-21 16:00:00,616.46924
2012-04-21 17:00:00,599.1898
2012-04-21 18:00:00,501.88898
2012-04-21 19:00:00,263.1809
2012-04-21 20:00:00,111.849236
2012-04-21 21:00:00,102.033226
2012-04-21 22:00:00,181.52777
2012-04-21 23:00:00,128.4399
2012-04-22 00:00:00,109.27515
2012-04-22 01:00:00,90.01395
2012-04-22 02:00:00,68.96276
2012-04-22 03:00:00,35.594654
2012-04-22 04:00:00,13.534147
2012-04-22 05:00:00,12.843875
2012-04-22 06:00:00,30.324526
2012-04-22 07:00:00,44.901066
2012-04-22 08:00:00,72.497154
2012-04-22 09:00:00,115.30137
2012-04-22 10:00:00,194.38625
2012-04-22 11:00:00,241.17493
2012-04-22 12:00:00,271.7772
2012-04-22 13:00:00,273.19257
2012-04-22 14:00:00,259.89334
2012-04-22 15:00:00,266.43475
2012-04-22 16:00:00,257.7255
2012-04-22 17:00:00,165.72743
2012-04-22 18:00:00,138.11536
2012-04-22 19:00:00,105.994514
2012-04-22 20:00:00,91.533745
2012-04-22 21:00:00,72.43166
2012-04-22 22:00:00,45.80261
2012-04-22 23:00:00,35.64119
2012-04-23 00:00:00,15.949943
2012-04-23 01:00:00,6.7058973
2012-04-23 02:00:00,5.88881
2012-04-23 03:00:00,4.5911365
2012-04-23 04:00:00,4.2286863
2012-04-23 05:00:00,13.372208
2012-04-23 06:00:00,95.14433
2012-04-23 07:00:00,159.27922
2012-04-23 08:00:00,592.4831
2012-04-23 09:00:00,265.32187
2012-04-23 10:00:00,137.52344
2012-04-23 11:00:00,147.92868
2012-04-23 12:00:00,107.628235
2012-04-23 13:00:00,110.46013
2012-04-23 14:00:00,111.146034
2012-04-23 15:00:00,169.20636
2012-04-23 16:00:00,139.63033
2012-04-23 17:00:00,342.68164
2012-04-23 18:00:00,423.2948
2012-04-23 19:00:00,341.6435
2012-04-23 20:00:00,242.108
2012-04-23 21:00:00,147.21622
2012-04-23 22:00:00,110.866646
2012-04-23 23:00:00,65.14362
2012-04-24 00:00:00,26.338055
2012-04-24 01:00:00,10.077302
2012-04-24 02:00:00,6.297038
2012-04-24 03:00:00,5.0580864
2012-04-24 04:00:00,5.286974
2012-04-24 05:00:00,22.4022
2012-04-24 06:00:00,103.59281
2012-04-24 07:00:00,349.0382
2012-04-24 08:00:00,629.5197
2012-04-24 09:00:00,304.01538
2012-04-24 10:00:00,171.47804
2012-04-24 11:00:00,206.53062
2012-04-24 12:00:00,242.33658
2012-04-24 13:00:00,243.71829
2012-04-24 14:00:00,241.46022
2012-04-24 15:00:00,254.37796
2012-04-24 16:00:00,385.40866
2012-04-24 17:00:00,719.95184
2012-04-24 18:00:00,707.2646
2012-04-24 19:00:00,509.65887
2012-04-24 20:00:00,323.92142
2012-04-24 21:00:00,224.30647
2012-04-24 22:00:00,160.4891
2012-04-24 23:00:00,103.13279
2012-04-25 00:00:00,35.751663
2012-04-25 01:00:00,14.325925
2012-04-25 02:00:00,6.4676447
2012-04-25 03:00:00,5.3486767
2012-04-25 04:00:00,5.8371973
2012-04-25 05:00:00,21.678381
2012-04-25 06:00:00,103.95662
2012-04-25 07:00:00,381.03113
2012-04-25 08:00:00,660.12573
2012-04-25 09:00:00,311.41162
2012-04-25 10:00:00,196.75876
2012-04-25 11:00:00,224.95555
2012-04-25 12:00:00,265.71988
2012-04-25 13:00:00,275.91495
2012-04-25 14:00:00,246.7657
2012-04-25 15:00:00,286.56897
2012-04-25 16:00:00,391.28214
2012-04-25 17:00:00,753.03723
2012-04-25 18:00:00,751.2116
2012-04-25 19:00:00,541.2461
2012-04-25 20:00:00,389.17838
2012-04-25 21:00:00,266.928
2012-04-25 22:00:00,185.66138
2012-04-25 23:00:00,100.89265
2012-04-26 00:00:00,35.244354
2012-04-26 01:00:00,16.212421
2012-04-26 02:00:00,8.4376
2012-04-26 03:00:00,6.3909307
2012-04-26 04:00:00,6.653803
2012-04-26 05:00:00,28.425938
2012-04-26 06:00:00,118.683754
2012-04-26 07:00:00,238.8648
2012-04-26 08:00:00,456.6106
2012-04-26 09:00:00,233.67221
2012-04-26 10:00:00,183.17165
2012-04-26 11:00:00,185.39195
2012-04-26 12:00:00,229.13943
2012-04-26 13:00:00,227.01523
2012-04-26 14:00:00,206.32025
2012-04-26 15:00:00,200.47163
2012-04-26 16:00:00,275.50974
2012-04-26 17:00:00,577.6065
2012-04-26 18:00:00,554.17236
2012-04-26 19:00:00,434.70273
2012-04-26 20:00:00,349.48407
2012-04-26 21:00:00,240.16016
2012-04-26 22:00:00,203.37848
2012-04-26 23:00:00,134.47313
2012-04-27 00:00:00,59.408344
2012-04-27 01:00:00,28.59927
2012-04-27 02:00:00,15.023681
2012-04-27 03:00:00,7.5254917
2012-04-27 04:00:00,9.16316
2012-04-27 05:00:00,30.53315
2012-04-27 06:00:00,110.29653
2012-04-27 07:00:00,319.37488
2012-04-27 08:00:00,620.0542
2012-04-27 09:00:00,331.6964
2012-04-27 10:00:00,213.82153
2012-04-27 11:00:00,257.84094
2012-04-27 12:00:00,322.32388
2012-04-27 13:00:00,339.08926
2012-04-27 14:00:00,326.4603
2012-04-27 15:00:00,361.5926
2012-04-27 16:00:00,482.64435
2012-04-27 17:00:00,703.50507
2012-04-27 18:00:00,626.81647
2012-04-27 19:00:00,426.3699
2012-04-27 20:00:00,270.6281
2012-04-27 21:00:00,192.60287
2012-04-27 22:00:00,170.05785
2012-04-27 23:00:00,126.3817
2012-04-28 00:00:00,107.928116
2012-04-28 01:00:00,72.73733
2012-04-28 02:00:00,56.1393
2012-04-28 03:00:00,21.163458
2012-04-28 04:00:00,9.738022
2012-04-28 05:00:00,11.834675
2012-04-28 06:00:00,31.66951
2012-04-28 07:00:00,66.14411
2012-04-28 08:00:00,167.65822
2012-04-28 09:00:00,264.2038
2012-04-28 10:00:00,343.5446
2012-04-28 11:00:00,422.84637
2012-04-28 12:00:00,462.52045
2012-04-28 13:00:00,474.84103
2012-04-28 14:00:00,513.8767
2012-04-28 15:00:00,522.3503
2012-04-28 16:00:00,487.02866
2012-04-28 17:00:00,455.81964
2012-04-28 18:00:00,296.1478
2012-04-28 19:00:00,231.5342
2012-04-28 20:00:00,198.03693
2012-04-28 21:00:00,120.21805
2012-04-28 22:00:00,157.7978
2012-04-28 23:00:00,147.70525
2012-04-29 00:00:00,87.59725
2012-04-29 01:00:00,87.91616
2012-04-29 02:00:00,62.325752
2012-04-29 03:00:00,28.277609
2012-04-29 04:00:00,10.928232
2012-04-29 05:00:00,9.121683
2012-04-29 06:00:00,24.6232
2012-04-29 07:00:00,49.49441
2012-04-29 08:00:00,110.73412
2012-04-29 09:00:00,222.28561
2012-04-29 10:00:00,343.7833
2012-04-29 11:00:00,428.61304
2012-04-29 12:00:00,536.27563
2012-04-29 13:00:00,545.11847
2012-04-29 14:00:00,544.61633
2012-04-29 15:00:00,558.93115
2012-04-29 16:00:00,563.6397
2012-04-29 17:00:00,546.37
2012-04-29 18:00:00,478.98343
2012-04-29 19:00:00,385.4242
2012-04-29 20:00:00,276.23767
2012-04-29 21:00:00,169.06033
2012-04-29 22:00:00,109.08097
2012-04-29 23:00:00,73.08505
2012-04-30 00:00:00,37.91576
2012-04-30 01:00:00,13.267283
2012-04-30 02:00:00,8.579999
2012-04-30 03:00:00,5.9352164
2012-04-30 04:00:00,5.6712294
2012-04-30 05:00:00,22.321009
2012-04-30 06:00:00,103.83018
2012-04-30 07:00:00,353.3532
2012-04-30 08:00:00,615.8441
2012-04-30 09:00:00,302.28302
2012-04-30 10:00:00,177.46822
2012-04-30 11:00:00,185.1157
2012-04-30 12:00:00,218.48045
2012-04-30 13:00:00,217.34277
2012-04-30 14:00:00,214.01895
2012-04-30 15:00:00,230.87529
2012-04-30 16:00:00,363.0434
2012-04-30 17:00:00,723.05334
2012-04-30 18:00:00,695.82263
2012-04-30 19:00:00,477.12842
2012-04-30 20:00:00,318.03793
2012-04-30 21:00:00,222.37631
2012-04-30 22:00:00,156.68988
2012-04-30 23:00:00,81.81174
2012-05-20 00:00:00,147.26608
2012-05-20 01:00:00,102.70942
2012-05-20 02:00:00,70.824066
2012-05-20 03:00:00,36.913364
2012-05-20 04:00:00,14.612216
2012-05-20 05:00:00,12.584074
2012-05-20 06:00:00,31.56037
2012-05-20 07:00:00,62.85392
2012-05-20 08:00:00,147.69258
2012-05-20 09:00:00,315.02142
2012-05-20 10:00:00,470.71564
2012-05-20 11:00:00,575.05585
2012-05-20 12:00:00,643.63715
2012-05-20 13:00:00,655.22644
2012-05-20 14:00:00,614.4785
2012-05-20 15:00:00,574.59875
2012-05-20 16:00:00,596.26636
2012-05-20 17:00:00,564.29156
2012-05-20 18:00:00,503.09863
2012-05-20 19:00:00,376.81824
2012-05-20 20:00:00,289.90915
2012-05-20 21:00:00,200.69502
2012-05-20 22:00:00,143.62843
2012-05-20 23:00:00,41.378937
2012-05-21 00:00:00,18.664982
2012-05-21 01:00:00,10.461552
2012-05-21 02:00:00,6.062454
2012-05-21 03:00:00,5.659088
2012-05-21 04:00:00,5.386709
2012-05-21 05:00:00,19.103577
2012-05-21 06:00:00,71.81865
2012-05-21 07:00:00,200.75134
2012-05-21 08:00:00,258.9255
2012-05-21 09:00:00,137.50037
2012-05-21 10:00:00,88.00789
2012-05-21 11:00:00,147.89714
2012-05-21 12:00:00,182.9673
2012-05-21 13:00:00,81.41358
2012-05-21 14:00:00,75.01203
2012-05-21 15:00:00,223.84834
2012-05-21 16:00:00,330.50812
2012-05-21 17:00:00,676.4705
2012-05-21 18:00:00,703.92535
2012-05-21 19:00:00,534.9411
2012-05-21 20:00:00,374.92056
2012-05-21 21:00:00,267.87622
2012-05-21 22:00:00,157.89737
2012-05-21 23:00:00,94.78812
2012-05-22 00:00:00,37.68175
2012-05-22 01:00:00,13.906156
2012-05-22 02:00:00,8.144981
2012-05-22 03:00:00,7.2099957
2012-05-22 04:00:00,7.6775274
2012-05-22 05:00:00,26.513433
2012-05-22 06:00:00,88.11606
2012-05-22 07:00:00,219.75006
2012-05-22 08:00:00,567.8527
2012-05-22 09:00:00,316.87152
2012-05-22 10:00:00,180.5458
2012-05-22 11:00:00,201.45212
2012-05-22 12:00:00,222.27505
2012-05-22 13:00:00,212.13943
2012-05-22 14:00:00,202.20576
2012-05-22 15:00:00,289.00824
2012-05-22 16:00:00,381.46384
2012-05-22 17:00:00,818.05585
2012-05-22 18:00:00,772.8523
2012-05-22 19:00:00,532.1215
2012-05-22 20:00:00,397.2604
2012-05-22 21:00:00,281.4668
2012-05-22 22:00:00,214.46329
2012-05-22 23:00:00,126.77739
2012-05-23 00:00:00,53.223545
2012-05-23 01:00:00,20.814413
2012-05-23 02:00:00,10.779692
2012-05-23 03:00:00,9.142454
2012-05-23 04:00:00,5.887837
2012-05-23 05:00:00,25.251135
2012-05-23 06:00:00,160.73372
2012-05-23 07:00:00,457.74274
2012-05-23 08:00:00,656.55145
2012-05-23 09:00:00,338.0167
2012-05-23 10:00:00,202.41182
2012-05-23 11:00:00,222.88667
2012-05-23 12:00:00,267.98645
2012-05-23 13:00:00,249.87016
2012-05-23 14:00:00,255.42244
2012-05-23 15:00:00,254.27989
2012-05-23 16:00:00,340.76038
2012-05-23 17:00:00,587.004
2012-05-23 18:00:00,610.2389
2012-05-23 19:00:00,358.61172
2012-05-23 20:00:00,259.58472
2012-05-23 21:00:00,192.7785
2012-05-23 22:00:00,171.92232
2012-05-23 23:00:00,117.10417
2012-05-24 00:00:00,57.909782
2012-05-24 01:00:00,21.175182
2012-05-24 02:00:00,11.204931
2012-05-24 03:00:00,7.584348
2012-05-24 04:00:00,8.130914
2012-05-24 05:00:00,34.715378
2012-05-24 06:00:00,152.59673
2012-05-24 07:00:00,463.26846
2012-05-24 08:00:00,695.01227
2012-05-24 09:00:00,345.91193
2012-05-24 10:00:00,208.37692
2012-05-24 11:00:00,247.94604
2012-05-24 12:00:00,312.43594
2012-05-24 13:00:00,315.25037
2012-05-24 14:00:00,266.59906
2012-05-24 15:00:00,288.71326
2012-05-24 16:00:00,404.01694
2012-05-24 17:00:00,809.51654
2012-05-24 18:00:00,800.31244
2012-05-24 19:00:00,554.7216
2012-05-24 20:00:00,368.3744
2012-05-24 21:00:00,198.44797
2012-05-24 22:00:00,208.03049
2012-05-24 23:00:00,157.43335
2012-05-25 00:00:00,76.10655
2012-05-25 01:00:00,37.630253
2012-05-25 02:00:00,14.175127
2012-05-25 03:00:00,9.2455435
2012-05-25 04:00:00,9.353029
2012-05-25 05:00:00,34.32203
2012-05-25 06:00:00,146.88263
2012-05-25 07:00:00,410.03903
2012-05-25 08:00:00,615.0601
2012-05-25 09:00:00,326.9165
2012-05-25 10:00:00,238.66408
2012-05-25 11:00:00,282.23328
2012-05-25 12:00:00,354.691
2012-05-25 13:00:00,347.8634
2012-05-25 14:00:00,333.27844
2012-05-25 15:00:00,337.81464
2012-05-25 16:00:00,465.45792
2012-05-25 17:00:00,679.2196
2012-05-25 18:00:00,660.4702
2012-05-25 19:00:00,477.0522
2012-05-25 20:00:00,355.31503
2012-05-25 21:00:00,289.55298
2012-05-25 22:00:00,276.00653
2012-05-25 23:00:00,202.62608
2012-05-26 00:00:00,143.29744
2012-05-26 01:00:00,104.58579
2012-05-26 02:00:00,73.27527
2012-05-26 03:00:00,30.569586
2012-05-26 04:00:00,14.229882
2012-05-26 05:00:00,14.828888
2012-05-26 06:00:00,43.21643
2012-05-26 07:00:00,84.84564
2012-05-26 08:00:00,207.28624
2012-05-26 09:00:00,294.0375
2012-05-26 10:00:00,419.48996
2012-05-26 11:00:00,498.13116
2012-05-26 12:00:00,515.68896
2012-05-26 13:00:00,537.79895
2012-05-26 14:00:00,514.39844
2012-05-26 15:00:00,507.34875
2012-05-26 16:00:00,524.6779
2012-05-26 17:00:00,544.4501
2012-05-26 18:00:00,522.6963
2012-05-26 19:00:00,378.91678
2012-05-26 20:00:00,329.39758
2012-05-26 21:00:00,267.659
2012-05-26 22:00:00,260.05615
2012-05-26 23:00:00,203.50406
2012-05-27 00:00:00,162.94052
2012-05-27 01:00:00,127.00938
2012-05-27 02:00:00,86.712814
2012-05-27 03:00:00,45.562878
2012-05-27 04:00:00,12.302356
2012-05-27 05:00:00,12.299297
2012-05-27 06:00:00,28.091328
2012-05-27 07:00:00,60.585094
2012-05-27 08:00:00,126.87196
2012-05-27 09:00:00,235.36905
2012-05-27 10:00:00,388.638
2012-05-27 11:00:00,480.3797
2012-05-27 12:00:00,491.15558
2012-05-27 13:00:00,520.381
2012-05-27 14:00:00,502.57373
2012-05-27 15:00:00,512.68085
2012-05-27 16:00:00,505.1325
2012-05-27 17:00:00,538.45667
2012-05-27 18:00:00,468.7446
2012-05-27 19:00:00,377.37936
2012-05-27 20:00:00,328.96326
2012-05-27 21:00:00,117.28618
2012-05-27 22:00:00,58.048786
2012-05-27 23:00:00,53.573296
2012-05-28 00:00:00,95.70537
2012-05-28 01:00:00,67.222015
2012-05-28 02:00:00,49.374935
2012-05-28 03:00:00,17.963215
2012-05-28 04:00:00,17.674482
2012-05-28 05:00:00,37.426697
2012-05-28 06:00:00,69.11446
2012-05-28 07:00:00,229.67998
2012-05-28 08:00:00,340.32147
2012-05-28 09:00:00,277.41415
2012-05-28 10:00:00,277.8936
2012-05-28 11:00:00,347.14343
2012-05-28 12:00:00,388.47086
2012-05-28 13:00:00,382.58102
2012-05-28 14:00:00,368.92322
2012-05-28 15:00:00,383.56815
2012-05-28 16:00:00,436.35336
2012-05-28 17:00:00,608.8927
2012-05-28 18:00:00,582.7931
2012-05-28 19:00:00,488.7597
2012-05-28 20:00:00,420.21588
2012-05-28 21:00:00,312.32077
2012-05-28 22:00:00,231.86716
2012-05-28 23:00:00,130.20555
2012-05-29 00:00:00,60.82824
2012-05-29 01:00:00,30.220943
2012-05-29 02:00:00,16.188808
2012-05-29 03:00:00,11.992549
2012-05-29 04:00:00,10.453276
2012-05-29 05:00:00,42.829105
2012-05-29 06:00:00,172.57254
2012-05-29 07:00:00,482.0067
2012-05-29 08:00:00,688.20905
2012-05-29 09:00:00,338.81854
2012-05-29 10:00:00,153.14366
2012-05-29 11:00:00,216.4496
2012-05-29 12:00:00,278.29453
2012-05-29 13:00:00,277.09146
2012-05-29 14:00:00,259.19028
2012-05-29 15:00:00,278.9917
2012-05-29 16:00:00,397.14032
2012-05-29 17:00:00,794.4843
2012-05-29 18:00:00,778.5332
2012-05-29 19:00:00,565.49084
2012-05-29 20:00:00,266.02887
2012-05-29 21:00:00,120.06793
2012-05-29 22:00:00,162.56975
2012-05-29 23:00:00,54.00127
2012-05-30 00:00:00,31.758345
2012-05-30 01:00:00,16.75243
2012-05-30 02:00:00,7.433779
2012-05-30 03:00:00,6.450937
2012-05-30 04:00:00,8.808888
2012-05-30 05:00:00,39.349327
2012-05-30 06:00:00,166.02492
2012-05-30 07:00:00,282.47388
2012-05-30 08:00:00,690.99976
2012-05-30 09:00:00,344.4299
2012-05-30 10:00:00,180.44954
2012-05-30 11:00:00,225.89441
2012-05-30 12:00:00,317.23297
2012-05-30 13:00:00,311.36417
2012-05-30 14:00:00,283.93176
2012-05-30 15:00:00,314.28528
2012-05-30 16:00:00,446.13126
2012-05-30 17:00:00,810.6925
2012-05-30 18:00:00,819.4422
2012-05-30 19:00:00,605.46564
2012-05-30 20:00:00,349.15494
2012-05-30 21:00:00,334.41708
2012-05-30 22:00:00,265.20004
2012-05-30 23:00:00,163.20062
2012-05-31 00:00:00,69.2631
2012-05-31 01:00:00,28.937223
2012-05-31 02:00:00,15.373468
2012-05-31 03:00:00,11.811591
2012-05-31 04:00:00,10.9397545
2012-05-31 05:00:00,43.14775
2012-05-31 06:00:00,172.29968
2012-05-31 07:00:00,501.51822
2012-05-31 08:00:00,695.3492
2012-05-31 09:00:00,357.1863
2012-05-31 10:00:00,230.88571
2012-05-31 11:00:00,276.98694
2012-05-31 12:00:00,330.4191
2012-05-31 13:00:00,328.30237
2012-05-31 14:00:00,294.41367
2012-05-31 15:00:00,319.23987
2012-05-31 16:00:00,451.06555
2012-05-31 17:00:00,848.60156
2012-05-31 18:00:00,833.01764
2012-05-31 19:00:00,612.53925
2012-05-31 20:00:00,437.64102
2012-05-31 21:00:00,335.82086
2012-05-31 22:00:00,284.63998
2012-05-31 23:00:00,201.79073
2012-06-20 00:00:00,53.11437
2012-06-20 01:00:00,25.274889
2012-06-20 02:00:00,11.011559
2012-06-20 03:00:00,8.089565
2012-06-20 04:00:00,8.893838
2012-06-20 05:00:00,35.244743
2012-06-20 06:00:00,139.0997
2012-06-20 07:00:00,438.83377
2012-06-20 08:00:00,671.9127
2012-06-20 09:00:00,335.36752
2012-06-20 10:00:00,201.46245
2012-06-20 11:00:00,217.81187
2012-06-20 12:00:00,257.09277
2012-06-20 13:00:00,244.03821
2012-06-20 14:00:00,233.0012
2012-06-20 15:00:00,240.44867
2012-06-20 16:00:00,360.46597
2012-06-20 17:00:00,721.08954
2012-06-20 18:00:00,711.00745
2012-06-20 19:00:00,541.22064
2012-06-20 20:00:00,428.24542
2012-06-20 21:00:00,349.57587
2012-06-20 22:00:00,290.18115
2012-06-20 23:00:00,154.64592
2012-06-21 00:00:00,61.477978
2012-06-21 01:00:00,24.87323
2012-06-21 02:00:00,12.974569
2012-06-21 03:00:00,7.286929
2012-06-21 04:00:00,9.286367
2012-06-21 05:00:00,38.716137
2012-06-21 06:00:00,162.07907
2012-06-21 07:00:00,437.42276
2012-06-21 08:00:00,626.6118
2012-06-21 09:00:00,323.79938
2012-06-21 10:00:00,186.31331
2012-06-21 11:00:00,215.03673
2012-06-21 12:00:00,254.22531
2012-06-21 13:00:00,247.22318
2012-06-21 14:00:00,234.80785
2012-06-21 15:00:00,240.27145
2012-06-21 16:00:00,360.78043
2012-06-21 17:00:00,741.88043
2012-06-21 18:00:00,753.0753
2012-06-21 19:00:00,531.4499
2012-06-21 20:00:00,428.14014
2012-06-21 21:00:00,367.02167
2012-06-21 22:00:00,256.0335
2012-06-21 23:00:00,171.16518
2012-06-22 00:00:00,76.290474
2012-06-22 01:00:00,37.42522
2012-06-22 02:00:00,17.794645
2012-06-22 03:00:00,10.314423
2012-06-22 04:00:00,9.603491
2012-06-22 05:00:00,40.055386
2012-06-22 06:00:00,138.64754
2012-06-22 07:00:00,429.49365
2012-06-22 08:00:00,629.7745
2012-06-22 09:00:00,323.05927
2012-06-22 10:00:00,237.0486
2012-06-22 11:00:00,278.55737
2012-06-22 12:00:00,324.14316
2012-06-22 13:00:00,297.42365
2012-06-22 14:00:00,274.8379
2012-06-22 15:00:00,294.92865
2012-06-22 16:00:00,404.8322
2012-06-22 17:00:00,744.33417
2012-06-22 18:00:00,657.9572
2012-06-22 19:00:00,470.20242
2012-06-22 20:00:00,346.21872
2012-06-22 21:00:00,206.212
2012-06-22 22:00:00,249.50024
2012-06-22 23:00:00,178.46262
2012-06-23 00:00:00,136.04332
2012-06-23 01:00:00,107.42394
2012-06-23 02:00:00,69.14222
2012-06-23 03:00:00,28.213148
2012-06-23 04:00:00,11.498718
2012-06-23 05:00:00,12.457304
2012-06-23 06:00:00,33.975574
2012-06-23 07:00:00,70.300705
2012-06-23 08:00:00,174.90633
2012-06-23 09:00:00,303.89496
2012-06-23 10:00:00,437.01132
2012-06-23 11:00:00,509.79636
2012-06-23 12:00:00,557.19336
2012-06-23 13:00:00,568.39325
2012-06-23 14:00:00,576.06805
2012-06-23 15:00:00,528.3411
2012-06-23 16:00:00,531.6185
2012-06-23 17:00:00,554.37494
2012-06-23 18:00:00,534.0623
2012-06-23 19:00:00,418.30066
2012-06-23 20:00:00,350.41565
2012-06-23 21:00:00,322.77383
2012-06-23 22:00:00,300.43307
2012-06-23 23:00:00,227.05527
2012-06-24 00:00:00,168.61798
2012-06-24 01:00:00,128.6603
2012-06-24 02:00:00,95.367584
2012-06-24 03:00:00,39.31072
2012-06-24 04:00:00,15.54254
2012-06-24 05:00:00,14.867204
2012-06-24 06:00:00,29.389345
2012-06-24 07:00:00,53.471363
2012-06-24 08:00:00,138.8809
2012-06-24 09:00:00,278.70285
2012-06-24 10:00:00,416.5429
2012-06-24 11:00:00,506.02286
2012-06-24 12:00:00,530.9254
2012-06-24 13:00:00,540.9623
2012-06-24 14:00:00,496.29584
2012-06-24 15:00:00,464.67722
2012-06-24 16:00:00,468.97836
2012-06-24 17:00:00,509.15274
2012-06-24 18:00:00,493.66614
2012-06-24 19:00:00,391.5924
2012-06-24 20:00:00,279.5183
2012-06-24 21:00:00,242.31856
2012-06-24 22:00:00,189.48395
2012-06-24 23:00:00,108.67795
2012-06-25 00:00:00,41.07909
2012-06-25 01:00:00,16.954832
2012-06-25 02:00:00,9.611884
2012-06-25 03:00:00,6.700983
2012-06-25 04:00:00,8.205583
2012-06-25 05:00:00,34.00654
2012-06-25 06:00:00,147.59425
2012-06-25 07:00:00,458.08313
2012-06-25 08:00:00,612.16473
2012-06-25 09:00:00,303.0474
2012-06-25 10:00:00,196.00215
2012-06-25 11:00:00,216.46198
2012-06-25 12:00:00,262.67325
2012-06-25 13:00:00,266.6037
2012-06-25 14:00:00,233.2892
2012-06-25 15:00:00,253.18036
2012-06-25 16:00:00,379.44153
2012-06-25 17:00:00,790.4703
2012-06-25 18:00:00,779.2927
2012-06-25 19:00:00,581.16437
2012-06-25 20:00:00,399.69116
2012-06-25 21:00:00,311.2574
2012-06-25 22:00:00,227.1367
2012-06-25 23:00:00,125.657684
2012-06-26 00:00:00,50.98289
2012-06-26 01:00:00,27.005066
2012-06-26 02:00:00,12.584749
2012-06-26 03:00:00,8.031384
2012-06-26 04:00:00,9.44616
2012-06-26 05:00:00,35.806137
2012-06-26 06:00:00,145.65921
2012-06-26 07:00:00,469.7306
2012-06-26 08:00:00,653.9557
2012-06-26 09:00:00,345.92065
2012-06-26 10:00:00,196.01387
2012-06-26 11:00:00,235.8111
2012-06-26 12:00:00,290.21713
2012-06-26 13:00:00,277.2359
2012-06-26 14:00:00,261.8176
2012-06-26 15:00:00,281.1245
2012-06-26 16:00:00,413.77466
2012-06-26 17:00:00,809.17413
2012-06-26 18:00:00,799.49677
2012-06-26 19:00:00,597.0924
2012-06-26 20:00:00,443.13052
2012-06-26 21:00:00,330.6379
2012-06-26 22:00:00,253.71274
2012-06-26 23:00:00,142.22557
2012-06-27 00:00:00,52.548515
2012-06-27 01:00:00,23.43612
2012-06-27 02:00:00,11.657912
2012-06-27 03:00:00,11.045148
2012-06-27 04:00:00,13.179021
2012-06-27 05:00:00,44.45588
2012-06-27 06:00:00,167.8269
2012-06-27 07:00:00,473.45486
2012-06-27 08:00:00,673.27747
2012-06-27 09:00:00,349.14603
2012-06-27 10:00:00,215.5766
2012-06-27 11:00:00,238.5702
2012-06-27 12:00:00,298.69492
2012-06-27 13:00:00,268.91742
2012-06-27 14:00:00,277.84042
2012-06-27 15:00:00,253.6523
2012-06-27 16:00:00,388.0398
2012-06-27 17:00:00,793.4346
2012-06-27 18:00:00,771.729
2012-06-27 19:00:00,591.19666
2012-06-27 20:00:00,458.36227
2012-06-27 21:00:00,360.87082
2012-06-27 22:00:00,286.48553
2012-06-27 23:00:00,168.48804
2012-06-28 00:00:00,69.42338
2012-06-28 01:00:00,29.51867
2012-06-28 02:00:00,15.964185
2012-06-28 03:00:00,11.2908745
2012-06-28 04:00:00,10.283965
2012-06-28 05:00:00,41.209015
2012-06-28 06:00:00,163.6108
2012-06-28 07:00:00,497.33557
2012-06-28 08:00:00,668.5786
2012-06-28 09:00:00,350.6897
2012-06-28 10:00:00,205.57162
2012-06-28 11:00:00,233.83856
2012-06-28 12:00:00,285.8211
2012-06-28 13:00:00,277.23767
2012-06-28 14:00:00,260.988
2012-06-28 15:00:00,285.43375
2012-06-28 16:00:00,410.7417
2012-06-28 17:00:00,763.09436
2012-06-28 18:00:00,753.69666
2012-06-28 19:00:00,558.37897
2012-06-28 20:00:00,459.19214
2012-06-28 21:00:00,346.10458
2012-06-28 22:00:00,270.9164
2012-06-28 23:00:00,193.04616
2012-06-29 00:00:00,94.77565
2012-06-29 01:00:00,47.06872
2012-06-29 02:00:00,19.83331
2012-06-29 03:00:00,10.3624525
2012-06-29 04:00:00,10.072454
2012-06-29 05:00:00,40.01224
2012-06-29 06:00:00,146.83446
2012-06-29 07:00:00,424.23758
2012-06-29 08:00:00,641.0801
2012-06-29 09:00:00,343.47733
2012-06-29 10:00:00,210.97227
2012-06-29 11:00:00,249.36119
2012-06-29 12:00:00,278.72733
2012-06-29 13:00:00,258.33856
2012-06-29 14:00:00,245.41522
2012-06-29 15:00:00,244.97919
2012-06-29 16:00:00,293.59406
2012-06-29 17:00:00,598.8606
2012-06-29 18:00:00,543.9571
2012-06-29 19:00:00,426.33112
2012-06-29 20:00:00,290.90594
2012-06-29 21:00:00,262.3791
2012-06-29 22:00:00,181.93512
2012-06-29 23:00:00,129.371
2012-06-30 00:00:00,105.444046
2012-06-30 01:00:00,89.57212
2012-06-30 02:00:00,71.367386
2012-06-30 03:00:00,29.212719
2012-06-30 04:00:00,11.089908
2012-06-30 05:00:00,12.505297
2012-06-30 06:00:00,32.999023
2012-06-30 07:00:00,71.52704
2012-06-30 08:00:00,154.78986
2012-06-30 09:00:00,290.10992
2012-06-30 10:00:00,377.3354
2012-06-30 11:00:00,468.31064
2012-06-30 12:00:00,506.30643
2012-06-30 13:00:00,513.6293
2012-06-30 14:00:00,505.7596
2012-06-30 15:00:00,497.73087
2012-06-30 16:00:00,464.00952
2012-06-30 17:00:00,486.35184
2012-06-30 18:00:00,425.37805
2012-06-30 19:00:00,382.07828
2012-06-30 20:00:00,339.50946
2012-06-30 21:00:00,318.01505
2012-06-30 22:00:00,251.12099
2012-06-30 23:00:00,212.01366
2012-07-20 00:00:00,52.752663
2012-07-20 01:00:00,39.00068
2012-07-20 02:00:00,15.35765
2012-07-20 03:00:00,9.020941
2012-07-20 04:00:00,11.360446
2012-07-20 05:00:00,41.224438
2012-07-20 06:00:00,153.96121
2012-07-20 07:00:00,402.40137
2012-07-20 08:00:00,606.13574
2012-07-20 09:00:00,339.81195
2012-07-20 10:00:00,220.93022
2012-07-20 11:00:00,228.09734
2012-07-20 12:00:00,176.11275
2012-07-20 13:00:00,155.7487
2012-07-20 14:00:00,169.26706
2012-07-20 15:00:00,252.70865
2012-07-20 16:00:00,288.51086
2012-07-20 17:00:00,419.97717
2012-07-20 18:00:00,471.37537
2012-07-20 19:00:00,298.81458
2012-07-20 20:00:00,128.44067
2012-07-20 21:00:00,125.735435
2012-07-20 22:00:00,157.54645
2012-07-20 23:00:00,128.11269
2012-07-21 00:00:00,102.71043
2012-07-21 01:00:00,100.18837
2012-07-21 02:00:00,64.25648
2012-07-21 03:00:00,24.034786
2012-07-21 04:00:00,7.9328675
2012-07-21 05:00:00,8.971652
2012-07-21 06:00:00,21.368563
2012-07-21 07:00:00,67.71882
2012-07-21 08:00:00,139.13141
2012-07-21 09:00:00,253.57042
2012-07-21 10:00:00,250.7649
2012-07-21 11:00:00,401.41278
2012-07-21 12:00:00,275.49365
2012-07-21 13:00:00,266.515
2012-07-21 14:00:00,417.33627
2012-07-21 15:00:00,297.89056
2012-07-21 16:00:00,248.54628
2012-07-21 17:00:00,210.90045
2012-07-21 18:00:00,246.23259
2012-07-21 19:00:00,231.92462
2012-07-21 20:00:00,132.263
2012-07-21 21:00:00,175.29002
2012-07-21 22:00:00,153.53465
2012-07-21 23:00:00,127.44762
2012-07-22 00:00:00,122.67595
2012-07-22 01:00:00,102.41275
2012-07-22 02:00:00,77.47928
2012-07-22 03:00:00,32.10213
2012-07-22 04:00:00,11.638472
2012-07-22 05:00:00,11.743856
2012-07-22 06:00:00,17.408
2012-07-22 07:00:00,39.942417
2012-07-22 08:00:00,115.65785
2012-07-22 09:00:00,254.10751
2012-07-22 10:00:00,378.241
2012-07-22 11:00:00,414.53046
2012-07-22 12:00:00,459.14273
2012-07-22 13:00:00,461.4096
2012-07-22 14:00:00,459.12405
2012-07-22 15:00:00,448.3416
2012-07-22 16:00:00,391.53696
2012-07-22 17:00:00,388.9435
2012-07-22 18:00:00,375.02463
2012-07-22 19:00:00,325.1238
2012-07-22 20:00:00,250.33238
2012-07-22 21:00:00,191.392
2012-07-22 22:00:00,122.94682
2012-07-22 23:00:00,84.77561
2012-07-23 00:00:00,41.249588
2012-07-23 01:00:00,17.149979
2012-07-23 02:00:00,7.9748707
2012-07-23 03:00:00,6.3407207
2012-07-23 04:00:00,7.3197207
2012-07-23 05:00:00,34.87907
2012-07-23 06:00:00,136.09946
2012-07-23 07:00:00,412.01974
2012-07-23 08:00:00,617.2845
2012-07-23 09:00:00,305.8683
2012-07-23 10:00:00,191.41309
2012-07-23 11:00:00,218.22528
2012-07-23 12:00:00,264.28244
2012-07-23 13:00:00,262.63184
2012-07-23 14:00:00,239.72449
2012-07-23 15:00:00,262.25937
2012-07-23 16:00:00,381.63455
2012-07-23 17:00:00,772.6451
2012-07-23 18:00:00,772.7244
2012-07-23 19:00:00,565.17456
2012-07-23 20:00:00,419.52173
2012-07-23 21:00:00,316.64996
2012-07-23 22:00:00,200.02872
2012-07-23 23:00:00,114.7923
2012-07-24 00:00:00,43.321255
2012-07-24 01:00:00,17.771997
2012-07-24 02:00:00,8.807338
2012-07-24 03:00:00,6.863451
2012-07-24 04:00:00,7.337372
2012-07-24 05:00:00,29.312536
2012-07-24 06:00:00,146.59634
2012-07-24 07:00:00,485.61804
2012-07-24 08:00:00,636.2298
2012-07-24 09:00:00,320.35153
2012-07-24 10:00:00,188.22762
2012-07-24 11:00:00,198.8421
2012-07-24 12:00:00,243.8159
2012-07-24 13:00:00,239.13445
2012-07-24 14:00:00,217.31015
2012-07-24 15:00:00,266.69943
2012-07-24 16:00:00,367.422
2012-07-24 17:00:00,773.265
2012-07-24 18:00:00,753.27167
2012-07-24 19:00:00,555.3158
2012-07-24 20:00:00,387.24814
2012-07-24 21:00:00,278.92416
2012-07-24 22:00:00,145.77316
2012-07-24 23:00:00,125.87664
2012-07-25 00:00:00,45.703228
2012-07-25 01:00:00,23.054363
2012-07-25 02:00:00,12.044045
2012-07-25 03:00:00,7.5894527
2012-07-25 04:00:00,8.371665
2012-07-25 05:00:00,39.951992
2012-07-25 06:00:00,170.65897
2012-07-25 07:00:00,463.4052
2012-07-25 08:00:00,681.616
2012-07-25 09:00:00,354.06082
2012-07-25 10:00:00,216.93233
2012-07-25 11:00:00,242.44191
2012-07-25 12:00:00,299.54395
2012-07-25 13:00:00,289.2884
2012-07-25 14:00:00,247.8801
2012-07-25 15:00:00,305.32266
2012-07-25 16:00:00,391.73087
2012-07-25 17:00:00,794.99976
2012-07-25 18:00:00,793.8863
2012-07-25 19:00:00,612.5792
2012-07-25 20:00:00,465.25592
2012-07-25 21:00:00,346.17993
2012-07-25 22:00:00,255.25128
2012-07-25 23:00:00,143.30382
2012-07-26 00:00:00,60.920963
2012-07-26 01:00:00,22.752874
2012-07-26 02:00:00,10.232202
2012-07-26 03:00:00,7.1184983
2012-07-26 04:00:00,8.082653
2012-07-26 05:00:00,38.450268
2012-07-26 06:00:00,169.25465
2012-07-26 07:00:00,471.8665
2012-07-26 08:00:00,667.5156
2012-07-26 09:00:00,332.28046
2012-07-26 10:00:00,146.54994
2012-07-26 11:00:00,202.03821
2012-07-26 12:00:00,247.70453
2012-07-26 13:00:00,248.55936
2012-07-26 14:00:00,216.01923
2012-07-26 15:00:00,234.47595
2012-07-26 16:00:00,324.1399
2012-07-26 17:00:00,694.1119
2012-07-26 18:00:00,683.3462
2012-07-26 19:00:00,531.72107
2012-07-26 20:00:00,448.02808
2012-07-26 21:00:00,342.97433
2012-07-26 22:00:00,257.74033
2012-07-26 23:00:00,148.03934
2012-07-27 00:00:00,68.86049
2012-07-27 01:00:00,36.39131
2012-07-27 02:00:00,16.96096
2012-07-27 03:00:00,8.99362
2012-07-27 04:00:00,8.989098
2012-07-27 05:00:00,39.43547
2012-07-27 06:00:00,152.12704
2012-07-27 07:00:00,422.2495
2012-07-27 08:00:00,652.2928
2012-07-27 09:00:00,332.25385
2012-07-27 10:00:00,234.1206
2012-07-27 11:00:00,274.03088
2012-07-27 12:00:00,338.47186
2012-07-27 13:00:00,328.36426
2012-07-27 14:00:00,300.93478
2012-07-27 15:00:00,331.70233
2012-07-27 16:00:00,429.76993
2012-07-27 17:00:00,696.6999
2012-07-27 18:00:00,680.7776
2012-07-27 19:00:00,497.54996
2012-07-27 20:00:00,372.72635
2012-07-27 21:00:00,317.7518
2012-07-27 22:00:00,264.47296
2012-07-27 23:00:00,183.65163
2012-07-28 00:00:00,170.91263
2012-07-28 01:00:00,116.95393
2012-07-28 02:00:00,76.61393
2012-07-28 03:00:00,32.942368
2012-07-28 04:00:00,15.058347
2012-07-28 05:00:00,17.086622
2012-07-28 06:00:00,39.22989
2012-07-28 07:00:00,79.07805
2012-07-28 08:00:00,182.6201
2012-07-28 09:00:00,311.37076
2012-07-28 10:00:00,404.18936
2012-07-28 11:00:00,498.30566
2012-07-28 12:00:00,540.8167
2012-07-28 13:00:00,528.8793
2012-07-28 14:00:00,529.3256
2012-07-28 15:00:00,511.8641
2012-07-28 16:00:00,504.80707
2012-07-28 17:00:00,502.6552
2012-07-28 18:00:00,488.15747
2012-07-28 19:00:00,280.15366
2012-07-28 20:00:00,246.79086
2012-07-28 21:00:00,279.7421
2012-07-28 22:00:00,239.5969
2012-07-28 23:00:00,183.04837
2012-07-29 00:00:00,142.8965
2012-07-29 01:00:00,115.66412
2012-07-29 02:00:00,86.19174
2012-07-29 03:00:00,39.489315
2012-07-29 04:00:00,13.94355
2012-07-29 05:00:00,12.634482
2012-07-29 06:00:00,22.496496
2012-07-29 07:00:00,51.806404
2012-07-29 08:00:00,125.24798
2012-07-29 09:00:00,242.8583
2012-07-29 10:00:00,383.61005
2012-07-29 11:00:00,474.8236
2012-07-29 12:00:00,509.9628
2012-07-29 13:00:00,511.7201
2012-07-29 14:00:00,496.31845
2012-07-29 15:00:00,484.9768
2012-07-29 16:00:00,473.83575
2012-07-29 17:00:00,483.21002
2012-07-29 18:00:00,484.82425
2012-07-29 19:00:00,379.55948
2012-07-29 20:00:00,272.18713
2012-07-29 21:00:00,196.00313
2012-07-29 22:00:00,136.84038
2012-07-29 23:00:00,85.40351
2012-07-30 00:00:00,44.4444
2012-07-30 01:00:00,16.301554
2012-07-30 02:00:00,9.4525795
2012-07-30 03:00:00,6.0371614
2012-07-30 04:00:00,7.0381093
2012-07-30 05:00:00,30.317728
2012-07-30 06:00:00,132.14407
2012-07-30 07:00:00,447.29327
2012-07-30 08:00:00,620.26984
2012-07-30 09:00:00,303.39392
2012-07-30 10:00:00,186.6395
2012-07-30 11:00:00,222.4596
2012-07-30 12:00:00,271.97595
2012-07-30 13:00:00,269.587
2012-07-30 14:00:00,242.19164
2012-07-30 15:00:00,257.29144
2012-07-30 16:00:00,379.76282
2012-07-30 17:00:00,767.76483
2012-07-30 18:00:00,759.0442
2012-07-30 19:00:00,591.91187
2012-07-30 20:00:00,363.47955
2012-07-30 21:00:00,268.62625
2012-07-30 22:00:00,144.97672
2012-07-30 23:00:00,99.25319
2012-07-31 00:00:00,41.55314
2012-07-31 01:00:00,15.711651
2012-07-31 02:00:00,8.729778
2012-07-31 03:00:00,6.6303654
2012-07-31 04:00:00,7.337372
2012-07-31 05:00:00,31.008884
2012-07-31 06:00:00,153.75511
2012-07-31 07:00:00,435.70972
2012-07-31 08:00:00,652.9233
2012-07-31 09:00:00,328.83505
2012-07-31 10:00:00,189.09215
2012-07-31 11:00:00,218.51627
2012-07-31 12:00:00,278.35876
2012-07-31 13:00:00,258.4265
2012-07-31 14:00:00,236.66895
2012-07-31 15:00:00,252.93597
2012-07-31 16:00:00,369.76355
2012-07-31 17:00:00,811.03906
2012-07-31 18:00:00,767.6061
2012-07-31 19:00:00,478.02353
2012-07-31 20:00:00,292.4691
2012-07-31 21:00:00,288.29666
2012-07-31 22:00:00,173.01814
2012-07-31 23:00:00,102.5339
2012-08-20 00:00:00,29.035776
2012-08-20 01:00:00,12.737148
2012-08-20 02:00:00,8.18865
2012-08-20 03:00:00,5.925812
2012-08-20 04:00:00,7.4598308
2012-08-20 05:00:00,26.403322
2012-08-20 06:00:00,145.17943
2012-08-20 07:00:00,434.5036
2012-08-20 08:00:00,640.5293
2012-08-20 09:00:00,297.8474
2012-08-20 10:00:00,168.33087
2012-08-20 11:00:00,208.75366
2012-08-20 12:00:00,262.9571
2012-08-20 13:00:00,270.64734
2012-08-20 14:00:00,252.13443
2012-08-20 15:00:00,274.16638
2012-08-20 16:00:00,406.79523
2012-08-20 17:00:00,819.37805
2012-08-20 18:00:00,574.52716
2012-08-20 19:00:00,442.32928
2012-08-20 20:00:00,243.80354
2012-08-20 21:00:00,193.13174
2012-08-20 22:00:00,97.07158
2012-08-20 23:00:00,53.016693
2012-08-21 00:00:00,27.413189
2012-08-21 01:00:00,13.331086
2012-08-21 02:00:00,7.375259
2012-08-21 03:00:00,6.0824323
2012-08-21 04:00:00,7.124745
2012-08-21 05:00:00,27.633759
2012-08-21 06:00:00,149.13397
2012-08-21 07:00:00,488.50555
2012-08-21 08:00:00,688.3886
2012-08-21 09:00:00,313.76996
2012-08-21 10:00:00,194.51791
2012-08-21 11:00:00,238.51846
2012-08-21 12:00:00,292.34686
2012-08-21 13:00:00,287.01297
2012-08-21 14:00:00,275.23462
2012-08-21 15:00:00,285.80722
2012-08-21 16:00:00,443.68027
2012-08-21 17:00:00,858.08344
2012-08-21 18:00:00,836.72375
2012-08-21 19:00:00,405.23694
2012-08-21 20:00:00,378.95944
2012-08-21 21:00:00,279.82193
2012-08-21 22:00:00,181.8989
2012-08-21 23:00:00,98.14045
2012-08-22 00:00:00,37.72108
2012-08-22 01:00:00,20.251589
2012-08-22 02:00:00,10.004265
2012-08-22 03:00:00,7.058772
2012-08-22 04:00:00,7.51132
2012-08-22 05:00:00,37.484196
2012-08-22 06:00:00,165.44449
2012-08-22 07:00:00,476.49582
2012-08-22 08:00:00,696.4036
2012-08-22 09:00:00,337.59286
2012-08-22 10:00:00,202.03291
2012-08-22 11:00:00,225.30945
2012-08-22 12:00:00,286.11038
2012-08-22 13:00:00,284.86786
2012-08-22 14:00:00,253.0502
2012-08-22 15:00:00,280.22696
2012-08-22 16:00:00,378.09473
2012-08-22 17:00:00,812.5066
2012-08-22 18:00:00,793.4838
2012-08-22 19:00:00,499.1664
2012-08-22 20:00:00,419.01773
2012-08-22 21:00:00,295.54633
2012-08-22 22:00:00,224.54022
2012-08-22 23:00:00,110.139725
2012-08-23 00:00:00,57.835735
2012-08-23 01:00:00,17.939571
2012-08-23 02:00:00,9.32605
2012-08-23 03:00:00,7.137118
2012-08-23 04:00:00,7.3356204
2012-08-23 05:00:00,33.50472
2012-08-23 06:00:00,132.75491
2012-08-23 07:00:00,394.54147
2012-08-23 08:00:00,690.74786
2012-08-23 09:00:00,343.88586
2012-08-23 10:00:00,208.30151
2012-08-23 11:00:00,241.04372
2012-08-23 12:00:00,301.37796
2012-08-23 13:00:00,299.079
2012-08-23 14:00:00,246.5108
2012-08-23 15:00:00,263.53705
2012-08-23 16:00:00,425.66144
2012-08-23 17:00:00,857.5287
2012-08-23 18:00:00,849.795
2012-08-23 19:00:00,622.72345
2012-08-23 20:00:00,447.36777
2012-08-23 21:00:00,338.69247
2012-08-23 22:00:00,236.94856
2012-08-23 23:00:00,153.71347
2012-08-24 00:00:00,75.89333
2012-08-24 01:00:00,32.145008
2012-08-24 02:00:00,18.48706
2012-08-24 03:00:00,8.520602
2012-08-24 04:00:00,8.104349
2012-08-24 05:00:00,36.859764
2012-08-24 06:00:00,130.53322
2012-08-24 07:00:00,403.23843
2012-08-24 08:00:00,657.48346
2012-08-24 09:00:00,346.52435
2012-08-24 10:00:00,247.17667
2012-08-24 11:00:00,287.7966
2012-08-24 12:00:00,353.44153
2012-08-24 13:00:00,349.84976
2012-08-24 14:00:00,303.0955
2012-08-24 15:00:00,343.47916
2012-08-24 16:00:00,476.40283
2012-08-24 17:00:00,791.3595
2012-08-24 18:00:00,656.19104
2012-08-24 19:00:00,493.7295
2012-08-24 20:00:00,350.3927
2012-08-24 21:00:00,286.84485
2012-08-24 22:00:00,235.87756
2012-08-24 23:00:00,194.95276
2012-08-25 00:00:00,155.87663
2012-08-25 01:00:00,120.84809
2012-08-25 02:00:00,84.69448
2012-08-25 03:00:00,40.742702
2012-08-25 04:00:00,18.508535
2012-08-25 05:00:00,15.120827
2012-08-25 06:00:00,33.75037
2012-08-25 07:00:00,69.188934
2012-08-25 08:00:00,171.54868
2012-08-25 09:00:00,287.8606
2012-08-25 10:00:00,389.95148
2012-08-25 11:00:00,472.274
2012-08-25 12:00:00,470.27612
2012-08-25 13:00:00,561.5128
2012-08-25 14:00:00,382.20612
2012-08-25 15:00:00,450.69534
2012-08-25 16:00:00,430.47913
2012-08-25 17:00:00,401.1482
2012-08-25 18:00:00,399.52432
2012-08-25 19:00:00,314.61566
2012-08-25 20:00:00,136.67534
2012-08-25 21:00:00,204.23503
2012-08-25 22:00:00,176.25319
2012-08-25 23:00:00,131.93591
2012-08-26 00:00:00,128.8127
2012-08-26 01:00:00,108.40249
2012-08-26 02:00:00,82.10562
2012-08-26 03:00:00,36.766087
2012-08-26 04:00:00,11.966229
2012-08-26 05:00:00,11.9119425
2012-08-26 06:00:00,15.84199
2012-08-26 07:00:00,42.80677
2012-08-26 08:00:00,125.82155
2012-08-26 09:00:00,230.64392
2012-08-26 10:00:00,367.7015
2012-08-26 11:00:00,444.26886
2012-08-26 12:00:00,341.51483
2012-08-26 13:00:00,295.11227
2012-08-26 14:00:00,354.17288
2012-08-26 15:00:00,233.15158
2012-08-26 16:00:00,247.95894
2012-08-26 17:00:00,280.35794
2012-08-26 18:00:00,262.39536
2012-08-26 19:00:00,216.88823
2012-08-26 20:00:00,187.18161
2012-08-26 21:00:00,144.62404
2012-08-26 22:00:00,117.78526
2012-08-26 23:00:00,78.25902
2012-08-27 00:00:00,32.973194
2012-08-27 01:00:00,12.508015
2012-08-27 02:00:00,7.855296
2012-08-27 03:00:00,5.8986144
2012-08-27 04:00:00,6.814356
2012-08-27 05:00:00,28.507696
2012-08-27 06:00:00,130.4202
2012-08-27 07:00:00,378.80273
2012-08-27 08:00:00,564.921
2012-08-27 09:00:00,272.08893
2012-08-27 10:00:00,171.94019
2012-08-27 11:00:00,219.36041
2012-08-27 12:00:00,271.19388
2012-08-27 13:00:00,275.4657
2012-08-27 14:00:00,257.31335
2012-08-27 15:00:00,264.16592
2012-08-27 16:00:00,384.91885
2012-08-27 17:00:00,854.6729
2012-08-27 18:00:00,845.5875
2012-08-27 19:00:00,541.0881
2012-08-27 20:00:00,381.83588
2012-08-27 21:00:00,260.60382
2012-08-27 22:00:00,134.90962
2012-08-27 23:00:00,77.917946
2012-08-28 00:00:00,34.168068
2012-08-28 01:00:00,18.277496
2012-08-28 02:00:00,8.902811
2012-08-28 03:00:00,6.9006863
2012-08-28 04:00:00,7.4470887
2012-08-28 05:00:00,27.429567
2012-08-28 06:00:00,156.94319
2012-08-28 07:00:00,365.29462
2012-08-28 08:00:00,570.65015
2012-08-28 09:00:00,323.5583
2012-08-28 10:00:00,191.27855
2012-08-28 11:00:00,226.44606
2012-08-28 12:00:00,282.4301
2012-08-28 13:00:00,283.52982
2012-08-28 14:00:00,258.0173
2012-08-28 15:00:00,287.81314
2012-08-28 16:00:00,433.50757
2012-08-28 17:00:00,858.9746
2012-08-28 18:00:00,856.74036
2012-08-28 19:00:00,607.96387
2012-08-28 20:00:00,443.72873
2012-08-28 21:00:00,334.86646
2012-08-28 22:00:00,246.55145
2012-08-28 23:00:00,150.71228
2012-08-29 00:00:00,49.776093
2012-08-29 01:00:00,21.229208
2012-08-29 02:00:00,10.358065
2012-08-29 03:00:00,7.661499
2012-08-29 04:00:00,8.007185
2012-08-29 05:00:00,39.479572
2012-08-29 06:00:00,170.19759
2012-08-29 07:00:00,461.15253
2012-08-29 08:00:00,699.4478
2012-08-29 09:00:00,349.83258
2012-08-29 10:00:00,204.05342
2012-08-29 11:00:00,238.4809
2012-08-29 12:00:00,298.24783
2012-08-29 13:00:00,283.13678
2012-08-29 14:00:00,265.28842
2012-08-29 15:00:00,295.1707
2012-08-29 16:00:00,453.5831
2012-08-29 17:00:00,864.07336
2012-08-29 18:00:00,860.9508
2012-08-29 19:00:00,620.1398
2012-08-29 20:00:00,443.98056
2012-08-29 21:00:00,350.32132
2012-08-29 22:00:00,270.44852
2012-08-29 23:00:00,161.54623
2012-08-30 00:00:00,52.045296
2012-08-30 01:00:00,21.301844
2012-08-30 02:00:00,10.647339
2012-08-30 03:00:00,7.6095295
2012-08-30 04:00:00,7.988304
2012-08-30 05:00:00,37.3326
2012-08-30 06:00:00,151.82147
2012-08-30 07:00:00,464.13672
2012-08-30 08:00:00,694.74554
2012-08-30 09:00:00,345.7632
2012-08-30 10:00:00,208.69264
2012-08-30 11:00:00,254.4032
2012-08-30 12:00:00,293.4611
2012-08-30 13:00:00,288.321
2012-08-30 14:00:00,254.98544
2012-08-30 15:00:00,270.56378
2012-08-30 16:00:00,411.01135
2012-08-30 17:00:00,862.40295
2012-08-30 18:00:00,853.2507
2012-08-30 19:00:00,628.4671
2012-08-30 20:00:00,455.98975
2012-08-30 21:00:00,334.97495
2012-08-30 22:00:00,231.69693
2012-08-30 23:00:00,170.62498
2012-08-31 00:00:00,68.90954
2012-08-31 01:00:00,34.282593
2012-08-31 02:00:00,15.512069
2012-08-31 03:00:00,9.053068
2012-08-31 04:00:00,8.152298
2012-08-31 05:00:00,35.472298
2012-08-31 06:00:00,136.27663
2012-08-31 07:00:00,350.41638
2012-08-31 08:00:00,677.87836
2012-08-31 09:00:00,316.71347
2012-08-31 10:00:00,251.5943
2012-08-31 11:00:00,298.17892
2012-08-31 12:00:00,362.1624
2012-08-31 13:00:00,351.8435
2012-08-31 14:00:00,336.29883
2012-08-31 15:00:00,343.86685
2012-08-31 16:00:00,464.04285
2012-08-31 17:00:00,783.8164
2012-08-31 18:00:00,723.4329
2012-08-31 19:00:00,521.49304
2012-08-31 20:00:00,396.87402
2012-08-31 21:00:00,322.92816
2012-08-31 22:00:00,272.53888
2012-08-31 23:00:00,209.53687
2012-09-20 00:00:00,59.374393
2012-09-20 01:00:00,20.178171
2012-09-20 02:00:00,10.793087
2012-09-20 03:00:00,8.432733
2012-09-20 04:00:00,8.575641
2012-09-20 05:00:00,42.743404
2012-09-20 06:00:00,175.9003
2012-09-20 07:00:00,527.084
2012-09-20 08:00:00,772.9118
2012-09-20 09:00:00,361.0789
2012-09-20 10:00:00,223.78333
2012-09-20 11:00:00,235.74957
2012-09-20 12:00:00,301.7442
2012-09-20 13:00:00,298.9142
2012-09-20 14:00:00,287.96826
2012-09-20 15:00:00,325.87836
2012-09-20 16:00:00,462.84286
2012-09-20 17:00:00,872.63916
2012-09-20 18:00:00,860.04364
2012-09-20 19:00:00,612.17694
2012-09-20 20:00:00,427.58258
2012-09-20 21:00:00,326.04086
2012-09-20 22:00:00,223.07973
2012-09-20 23:00:00,161.60825
2012-09-21 00:00:00,75.23898
2012-09-21 01:00:00,37.27573
2012-09-21 02:00:00,17.599838
2012-09-21 03:00:00,10.294283
2012-09-21 04:00:00,10.2721615
2012-09-21 05:00:00,45.085842
2012-09-21 06:00:00,164.45398
2012-09-21 07:00:00,467.45602
2012-09-21 08:00:00,701.47833
2012-09-21 09:00:00,348.40366
2012-09-21 10:00:00,262.692
2012-09-21 11:00:00,324.8319
2012-09-21 12:00:00,391.80417
2012-09-21 13:00:00,399.1292
2012-09-21 14:00:00,382.1725
2012-09-21 15:00:00,406.57275
2012-09-21 16:00:00,564.461
2012-09-21 17:00:00,826.5794
2012-09-21 18:00:00,771.74786
2012-09-21 19:00:00,538.3496
2012-09-21 20:00:00,372.0332
2012-09-21 21:00:00,275.44882
2012-09-21 22:00:00,231.08011
2012-09-21 23:00:00,186.43854
2012-09-22 00:00:00,161.50073
2012-09-22 01:00:00,104.69954
2012-09-22 02:00:00,75.05378
2012-09-22 03:00:00,33.197704
2012-09-22 04:00:00,13.308081
2012-09-22 05:00:00,14.428975
2012-09-22 06:00:00,34.254105
2012-09-22 07:00:00,89.332634
2012-09-22 08:00:00,211.09666
2012-09-22 09:00:00,338.57104
2012-09-22 10:00:00,466.37573
2012-09-22 11:00:00,583.9313
2012-09-22 12:00:00,647.5909
2012-09-22 13:00:00,637.0865
2012-09-22 14:00:00,624.24786
2012-09-22 15:00:00,622.3407
2012-09-22 16:00:00,636.49274
2012-09-22 17:00:00,637.71674
2012-09-22 18:00:00,585.25604
2012-09-22 19:00:00,463.52008
2012-09-22 20:00:00,425.86945
2012-09-22 21:00:00,332.84073
2012-09-22 22:00:00,286.27872
2012-09-22 23:00:00,228.65813
2012-09-23 00:00:00,214.5268
2012-09-23 01:00:00,118.87089
2012-09-23 02:00:00,91.67867
2012-09-23 03:00:00,41.261005
2012-09-23 04:00:00,15.90454
2012-09-23 05:00:00,16.625626
2012-09-23 06:00:00,27.14459
2012-09-23 07:00:00,73.155975
2012-09-23 08:00:00,150.22124
2012-09-23 09:00:00,275.05875
2012-09-23 10:00:00,434.58328
2012-09-23 11:00:00,530.26685
2012-09-23 12:00:00,602.7808
2012-09-23 13:00:00,636.00916
2012-09-23 14:00:00,613.6534
2012-09-23 15:00:00,620.06616
2012-09-23 16:00:00,616.17993
2012-09-23 17:00:00,594.8358
2012-09-23 18:00:00,530.982
2012-09-23 19:00:00,374.62012
2012-09-23 20:00:00,263.73044
2012-09-23 21:00:00,166.23927
2012-09-23 22:00:00,143.80722
2012-09-23 23:00:00,88.382256
2012-09-24 00:00:00,40.53554
2012-09-24 01:00:00,15.9893
2012-09-24 02:00:00,10.381174
2012-09-24 03:00:00,7.965141
2012-09-24 04:00:00,8.05026
2012-09-24 05:00:00,40.653217
2012-09-24 06:00:00,164.45793
2012-09-24 07:00:00,490.1425
2012-09-24 08:00:00,724.3705
2012-09-24 09:00:00,342.95032
2012-09-24 10:00:00,205.03041
2012-09-24 11:00:00,262.34818
2012-09-24 12:00:00,336.02112
2012-09-24 13:00:00,325.0455
2012-09-24 14:00:00,286.0161
2012-09-24 15:00:00,295.59573
2012-09-24 16:00:00,490.04715
2012-09-24 17:00:00,844.8968
2012-09-24 18:00:00,838.84424
2012-09-24 19:00:00,581.70435
2012-09-24 20:00:00,365.1438
2012-09-24 21:00:00,259.51825
2012-09-24 22:00:00,165.25896
2012-09-24 23:00:00,87.456436
2012-09-25 00:00:00,38.59803
2012-09-25 01:00:00,16.635208
2012-09-25 02:00:00,8.6417465
2012-09-25 03:00:00,7.194043
2012-09-25 04:00:00,8.111006
2012-09-25 05:00:00,40.055065
2012-09-25 06:00:00,172.18939
2012-09-25 07:00:00,514.48535
2012-09-25 08:00:00,752.0244
2012-09-25 09:00:00,354.1354
2012-09-25 10:00:00,207.46768
2012-09-25 11:00:00,239.21123
2012-09-25 12:00:00,311.9028
2012-09-25 13:00:00,319.98346
2012-09-25 14:00:00,305.32138
2012-09-25 15:00:00,341.91696
2012-09-25 16:00:00,491.75513
2012-09-25 17:00:00,874.6982
2012-09-25 18:00:00,874.2377
2012-09-25 19:00:00,592.49414
2012-09-25 20:00:00,434.2485
2012-09-25 21:00:00,313.57315
2012-09-25 22:00:00,241.87267
2012-09-25 23:00:00,157.71106
2012-09-26 00:00:00,62.82483
2012-09-26 01:00:00,33.513336
2012-09-26 02:00:00,17.309742
2012-09-26 03:00:00,14.408852
2012-09-26 04:00:00,9.2320385
2012-09-26 05:00:00,44.97655
2012-09-26 06:00:00,177.95433
2012-09-26 07:00:00,519.7548
2012-09-26 08:00:00,765.5043
2012-09-26 09:00:00,369.63214
2012-09-26 10:00:00,205.22261
2012-09-26 11:00:00,258.7956
2012-09-26 12:00:00,328.289
2012-09-26 13:00:00,328.74344
2012-09-26 14:00:00,290.07562
2012-09-26 15:00:00,323.92386
2012-09-26 16:00:00,466.31537
2012-09-26 17:00:00,870.9646
2012-09-26 18:00:00,870.3116
2012-09-26 19:00:00,620.9801
2012-09-26 20:00:00,448.18
2012-09-26 21:00:00,340.37137
2012-09-26 22:00:00,208.14062
2012-09-26 23:00:00,126.55362
2012-09-27 00:00:00,65.09759
2012-09-27 01:00:00,24.472538
2012-09-27 02:00:00,12.472309
2012-09-27 03:00:00,9.812776
2012-09-27 04:00:00,7.9437294
2012-09-27 05:00:00,39.577312
2012-09-27 06:00:00,153.85953
2012-09-27 07:00:00,508.45245
2012-09-27 08:00:00,769.84467
2012-09-27 09:00:00,371.40112
2012-09-27 10:00:00,224.46358
2012-09-27 11:00:00,252.60205
2012-09-27 12:00:00,306.42117
2012-09-27 13:00:00,291.90533
2012-09-27 14:00:00,266.19107
2012-09-27 15:00:00,290.9075
2012-09-27 16:00:00,459.99637
2012-09-27 17:00:00,804.347
2012-09-27 18:00:00,802.5298
2012-09-27 19:00:00,609.3401
2012-09-27 20:00:00,406.24847
2012-09-27 21:00:00,196.36844
2012-09-27 22:00:00,131.04445
2012-09-27 23:00:00,108.04063
2012-09-28 00:00:00,44.845993
2012-09-28 01:00:00,20.368855
2012-09-28 02:00:00,9.742682
2012-09-28 03:00:00,9.134886
2012-09-28 04:00:00,6.3758645
2012-09-28 05:00:00,36.427574
2012-09-28 06:00:00,128.37703
2012-09-28 07:00:00,375.5532
2012-09-28 08:00:00,671.069
2012-09-28 09:00:00,338.1697
2012-09-28 10:00:00,228.8356
2012-09-28 11:00:00,283.28586
2012-09-28 12:00:00,396.35495
2012-09-28 13:00:00,393.96765
2012-09-28 14:00:00,372.0871
2012-09-28 15:00:00,384.06052
2012-09-28 16:00:00,555.45386
2012-09-28 17:00:00,823.97107
2012-09-28 18:00:00,768.57007
2012-09-28 19:00:00,465.71017
2012-09-28 20:00:00,336.935
2012-09-28 21:00:00,268.33215
2012-09-28 22:00:00,249.96246
2012-09-28 23:00:00,191.19942
2012-09-29 00:00:00,177.41685
2012-09-29 01:00:00,126.19971
2012-09-29 02:00:00,88.9919
2012-09-29 03:00:00,52.26743
2012-09-29 04:00:00,27.687763
2012-09-29 05:00:00,22.473526
2012-09-29 06:00:00,52.40757
2012-09-29 07:00:00,89.1281
2012-09-29 08:00:00,209.8594
2012-09-29 09:00:00,332.01523
2012-09-29 10:00:00,437.33688
2012-09-29 11:00:00,541.3028
2012-09-29 12:00:00,646.236
2012-09-29 13:00:00,647.46783
2012-09-29 14:00:00,634.6652
2012-09-29 15:00:00,621.2132
2012-09-29 16:00:00,639.45374
2012-09-29 17:00:00,631.6896
2012-09-29 18:00:00,525.1071
2012-09-29 19:00:00,383.34586
2012-09-29 20:00:00,302.77826
2012-09-29 21:00:00,257.28528
2012-09-29 22:00:00,219.93068
2012-09-29 23:00:00,203.18263
2012-09-30 00:00:00,151.93747
2012-09-30 01:00:00,122.21526
2012-09-30 02:00:00,78.21709
2012-09-30 03:00:00,35.78795
2012-09-30 04:00:00,12.504728
2012-09-30 05:00:00,10.785803
2012-09-30 06:00:00,24.837797
2012-09-30 07:00:00,61.311604
2012-09-30 08:00:00,133.55025
2012-09-30 09:00:00,285.55896
2012-09-30 10:00:00,445.38837
2012-09-30 11:00:00,541.081
2012-09-30 12:00:00,617.73346
2012-09-30 13:00:00,626.83203
2012-09-30 14:00:00,609.36444
2012-09-30 15:00:00,634.7299
2012-09-30 16:00:00,647.0849
2012-09-30 17:00:00,608.439
2012-09-30 18:00:00,452.91962
2012-09-30 19:00:00,216.73352
2012-09-30 20:00:00,143.5499
2012-09-30 21:00:00,141.52194
2012-09-30 22:00:00,102.899376
2012-09-30 23:00:00,77.76522
2012-10-20 00:00:00,142.46053
2012-10-20 01:00:00,105.23865
2012-10-20 02:00:00,65.91101
2012-10-20 03:00:00,31.258684
2012-10-20 04:00:00,13.089213
2012-10-20 05:00:00,13.1122265
2012-10-20 06:00:00,39.509018
2012-10-20 07:00:00,87.67693
2012-10-20 08:00:00,207.65593
2012-10-20 09:00:00,343.06506
2012-10-20 10:00:00,446.5063
2012-10-20 11:00:00,545.64844
2012-10-20 12:00:00,616.9671
2012-10-20 13:00:00,619.7072
2012-10-20 14:00:00,603.5663
2012-10-20 15:00:00,596.0988
2012-10-20 16:00:00,611.05225
2012-10-20 17:00:00,605.99457
2012-10-20 18:00:00,525.2853
2012-10-20 19:00:00,353.93393
2012-10-20 20:00:00,285.1072
2012-10-20 21:00:00,214.32251
2012-10-20 22:00:00,194.77643
2012-10-20 23:00:00,164.5724
2012-10-21 00:00:00,136.99353
2012-10-21 01:00:00,117.78537
2012-10-21 02:00:00,78.979774
2012-10-21 03:00:00,35.975666
2012-10-21 04:00:00,11.3023815
2012-10-21 05:00:00,12.256949
2012-10-21 06:00:00,30.804491
2012-10-21 07:00:00,63.664566
2012-10-21 08:00:00,133.44272
2012-10-21 09:00:00,271.85193
2012-10-21 10:00:00,398.3341
2012-10-21 11:00:00,522.61536
2012-10-21 12:00:00,614.54443
2012-10-21 13:00:00,633.81287
2012-10-21 14:00:00,621.28754
2012-10-21 15:00:00,604.8985
2012-10-21 16:00:00,614.1359
2012-10-21 17:00:00,549.9529
2012-10-21 18:00:00,487.7576
2012-10-21 19:00:00,333.41092
2012-10-21 20:00:00,218.38545
2012-10-21 21:00:00,134.81082
2012-10-21 22:00:00,108.49155
2012-10-21 23:00:00,79.6138
2012-10-22 00:00:00,43.42952
2012-10-22 01:00:00,15.381127
2012-10-22 02:00:00,8.316127
2012-10-22 03:00:00,9.081604
2012-10-22 04:00:00,8.174362
2012-10-22 05:00:00,32.92769
2012-10-22 06:00:00,134.73026
2012-10-22 07:00:00,417.187
2012-10-22 08:00:00,699.83923
2012-10-22 09:00:00,342.1736
2012-10-22 10:00:00,202.54134
2012-10-22 11:00:00,255.03665
2012-10-22 12:00:00,336.55045
2012-10-22 13:00:00,311.26578
2012-10-22 14:00:00,298.55484
2012-10-22 15:00:00,310.93573
2012-10-22 16:00:00,463.15308
2012-10-22 17:00:00,804.0278
2012-10-22 18:00:00,704.5281
2012-10-22 19:00:00,509.20618
2012-10-22 20:00:00,346.84064
2012-10-22 21:00:00,206.2101
2012-10-22 22:00:00,135.73476
2012-10-22 23:00:00,85.39439
2012-10-23 00:00:00,38.96683
2012-10-23 01:00:00,16.645891
2012-10-23 02:00:00,8.150558
2012-10-23 03:00:00,7.2368636
2012-10-23 04:00:00,8.000791
2012-10-23 05:00:00,39.679684
2012-10-23 06:00:00,157.29565
2012-10-23 07:00:00,484.13455
2012-10-23 08:00:00,718.15546
2012-10-23 09:00:00,357.11343
2012-10-23 10:00:00,224.60004
2012-10-23 11:00:00,238.68181
2012-10-23 12:00:00,289.335
2012-10-23 13:00:00,287.702
2012-10-23 14:00:00,285.63776
2012-10-23 15:00:00,319.729
2012-10-23 16:00:00,428.96106
2012-10-23 17:00:00,829.9773
2012-10-23 18:00:00,791.85345
2012-10-23 19:00:00,539.13446
2012-10-23 20:00:00,388.26703
2012-10-23 21:00:00,246.46452
2012-10-23 22:00:00,179.15016
2012-10-23 23:00:00,112.54667
2012-10-24 00:00:00,47.553387
2012-10-24 01:00:00,20.682133
2012-10-24 02:00:00,11.909692
2012-10-24 03:00:00,9.288956
2012-10-24 04:00:00,9.878273
2012-10-24 05:00:00,46.48722
2012-10-24 06:00:00,170.84456
2012-10-24 07:00:00,467.53522
2012-10-24 08:00:00,687.1705
2012-10-24 09:00:00,354.6457
2012-10-24 10:00:00,194.71721
2012-10-24 11:00:00,259.69632
2012-10-24 12:00:00,312.07532
2012-10-24 13:00:00,302.4702
2012-10-24 14:00:00,296.7029
2012-10-24 15:00:00,307.10962
2012-10-24 16:00:00,480.73242
2012-10-24 17:00:00,817.02747
2012-10-24 18:00:00,797.6291
2012-10-24 19:00:00,536.5143
2012-10-24 20:00:00,373.89087
2012-10-24 21:00:00,290.3783
2012-10-24 22:00:00,234.3515
2012-10-24 23:00:00,125.39937
2012-10-25 00:00:00,70.93788
2012-10-25 01:00:00,26.31107
2012-10-25 02:00:00,11.362676
2012-10-25 03:00:00,6.8304873
2012-10-25 04:00:00,7.481179
2012-10-25 05:00:00,39.62136
2012-10-25 06:00:00,155.64954
2012-10-25 07:00:00,456.05475
2012-10-25 08:00:00,690.2304
2012-10-25 09:00:00,338.13263
2012-10-25 10:00:00,169.60622
2012-10-25 11:00:00,165.75084
2012-10-25 12:00:00,233.56194
2012-10-25 13:00:00,222.41113
2012-10-25 14:00:00,242.52708
2012-10-25 15:00:00,307.4502
2012-10-25 16:00:00,426.97345
2012-10-25 17:00:00,742.8266
2012-10-25 18:00:00,382.8756
2012-10-25 19:00:00,341.608
2012-10-25 20:00:00,271.83786
2012-10-25 21:00:00,215.08948
2012-10-25 22:00:00,162.34636
2012-10-25 23:00:00,115.59102
2012-10-26 00:00:00,63.56487
2012-10-26 01:00:00,23.916773
2012-10-26 02:00:00,11.326429
2012-10-26 03:00:00,7.4425383
2012-10-26 04:00:00,8.503987
2012-10-26 05:00:00,34.652637
2012-10-26 06:00:00,131.42815
2012-10-26 07:00:00,381.61868
2012-10-26 08:00:00,585.37164
2012-10-26 09:00:00,334.67303
2012-10-26 10:00:00,200.00737
2012-10-26 11:00:00,254.51541
2012-10-26 12:00:00,338.39648
2012-10-26 13:00:00,338.83594
2012-10-26 14:00:00,339.33704
2012-10-26 15:00:00,361.80145
2012-10-26 16:00:00,465.59894
2012-10-26 17:00:00,532.0378
2012-10-26 18:00:00,434.86142
2012-10-26 19:00:00,246.6957
2012-10-26 20:00:00,191.7454
2012-10-26 21:00:00,205.1983
2012-10-26 22:00:00,151.65372
2012-10-26 23:00:00,129.67365
2012-10-27 00:00:00,134.05519
2012-10-27 01:00:00,100.47168
2012-10-27 02:00:00,68.82822
2012-10-27 03:00:00,34.0704
2012-10-27 04:00:00,14.188771
2012-10-27 05:00:00,19.586424
2012-10-27 06:00:00,42.81461
2012-10-27 07:00:00,85.993004
2012-10-27 08:00:00,211.43022
2012-10-27 09:00:00,314.21204
2012-10-27 10:00:00,401.7221
2012-10-27 11:00:00,530.13
2012-10-27 12:00:00,635.50903
2012-10-27 13:00:00,629.60974
2012-10-27 14:00:00,615.01843
2012-10-27 15:00:00,569.935
2012-10-27 16:00:00,545.80225
2012-10-27 17:00:00,532.5762
2012-10-27 18:00:00,445.46478
2012-10-27 19:00:00,295.70337
2012-10-27 20:00:00,235.40594
2012-10-27 21:00:00,200.13783
2012-10-27 22:00:00,185.54126
2012-10-27 23:00:00,136.72823
2012-10-28 00:00:00,109.153435
2012-10-28 01:00:00,108.75078
2012-10-28 02:00:00,78.33243
2012-10-28 03:00:00,46.67832
2012-10-28 04:00:00,20.393196
2012-10-28 05:00:00,20.871984
2012-10-28 06:00:00,39.180553
2012-10-28 07:00:00,73.88838
2012-10-28 08:00:00,156.15854
2012-10-28 09:00:00,253.84317
2012-10-28 10:00:00,349.1168
2012-10-28 11:00:00,438.7485
2012-10-28 12:00:00,497.1436
2012-10-28 13:00:00,494.47003
2012-10-28 14:00:00,480.74057
2012-10-28 15:00:00,429.12238
2012-10-28 16:00:00,350.0624
2012-10-28 17:00:00,244.90314
2012-10-28 18:00:00,130.68767
2012-10-28 19:00:00,103.33006
2012-10-28 20:00:00,97.47229
2012-10-28 21:00:00,91.37128
2012-10-28 22:00:00,59.245575
2012-10-28 23:00:00,44.437164
2012-10-29 00:00:00,29.718746
2012-10-30 13:00:00,108.14271
2012-10-30 14:00:00,104.47304
2012-10-30 15:00:00,103.94512
2012-10-30 16:00:00,199.24918
2012-10-30 17:00:00,366.56296
2012-10-30 18:00:00,373.28488
2012-10-30 19:00:00,478.9497
2012-10-30 20:00:00,233.039
2012-10-30 21:00:00,176.00333
2012-10-30 22:00:00,141.62871
2012-10-30 23:00:00,95.1863
2012-10-31 00:00:00,44.817142
2012-10-31 01:00:00,16.930006
2012-10-31 02:00:00,8.884522
2012-10-31 03:00:00,6.7470565
2012-10-31 04:00:00,6.8464017
2012-10-31 05:00:00,35.214493
2012-10-31 06:00:00,145.80908
2012-10-31 07:00:00,399.3826
2012-10-31 08:00:00,712.1499
2012-10-31 09:00:00,336.83862
2012-10-31 10:00:00,172.68228
2012-10-31 11:00:00,181.0149
2012-10-31 12:00:00,251.47165
2012-10-31 13:00:00,239.3923
2012-10-31 14:00:00,214.35004
2012-10-31 15:00:00,259.02454
2012-10-31 16:00:00,363.1166
2012-10-31 17:00:00,647.93097
2012-10-31 18:00:00,633.95416
2012-10-31 19:00:00,433.244
2012-10-31 20:00:00,298.2793
2012-10-31 21:00:00,221.95258
2012-10-31 22:00:00,171.10602
2012-10-31 23:00:00,123.67158
2012-11-20 00:00:00,34.347584
2012-11-20 01:00:00,13.915626
2012-11-20 02:00:00,6.803027
2012-11-20 03:00:00,6.017372
2012-11-20 04:00:00,7.9397793
2012-11-20 05:00:00,37.11048
2012-11-20 06:00:00,132.58377
2012-11-20 07:00:00,404.79105
2012-11-20 08:00:00,687.4475
2012-11-20 09:00:00,339.378
2012-11-20 10:00:00,168.75285
2012-11-20 11:00:00,193.74922
2012-11-20 12:00:00,234.20937
2012-11-20 13:00:00,240.25162
2012-11-20 14:00:00,224.4065
2012-11-20 15:00:00,264.23453
2012-11-20 16:00:00,354.00806
2012-11-20 17:00:00,583.9865
2012-11-20 18:00:00,560.7056
2012-11-20 19:00:00,404.66876
2012-11-20 20:00:00,273.23584
2012-11-20 21:00:00,206.36932
2012-11-20 22:00:00,160.07117
2012-11-20 23:00:00,94.94908
2012-11-21 00:00:00,40.63507
2012-11-21 01:00:00,15.878671
2012-11-21 02:00:00,7.346336
2012-11-21 03:00:00,6.672849
2012-11-21 04:00:00,6.9855437
2012-11-21 05:00:00,33.824234
2012-11-21 06:00:00,133.1212
2012-11-21 07:00:00,397.77832
2012-11-21 08:00:00,679.2881
2012-11-21 09:00:00,330.71298
2012-11-21 10:00:00,178.87675
2012-11-21 11:00:00,191.76352
2012-11-21 12:00:00,241.216
2012-11-21 13:00:00,242.83759
2012-11-21 14:00:00,257.2906
2012-11-21 15:00:00,283.09787
2012-11-21 16:00:00,361.68762
2012-11-21 17:00:00,615.76385
2012-11-21 18:00:00,579.4311
2012-11-21 19:00:00,397.14767
2012-11-21 20:00:00,264.19208
2012-11-21 21:00:00,206.94284
2012-11-21 22:00:00,151.74634
2012-11-21 23:00:00,109.09308
2012-11-22 00:00:00,76.10413
2012-11-22 01:00:00,46.749134
2012-11-22 02:00:00,24.00843
2012-11-22 03:00:00,10.353427
2012-11-22 04:00:00,9.672112
2012-11-22 05:00:00,20.59685
2012-11-22 06:00:00,48.8553
2012-11-22 07:00:00,182.87245
2012-11-22 08:00:00,374.8981
2012-11-22 09:00:00,304.75146
2012-11-22 10:00:00,298.1444
2012-11-22 11:00:00,357.87573
2012-11-22 12:00:00,412.84244
2012-11-22 13:00:00,427.48486
2012-11-22 14:00:00,429.60898
2012-11-22 15:00:00,430.73093
2012-11-22 16:00:00,433.46588
2012-11-22 17:00:00,498.2615
2012-11-22 18:00:00,390.55533
2012-11-22 19:00:00,300.4662
2012-11-22 20:00:00,259.09167
2012-11-22 21:00:00,203.04697
2012-11-22 22:00:00,169.55435
2012-11-22 23:00:00,126.588326
2012-11-23 00:00:00,51.618324
2012-11-23 01:00:00,24.811647
2012-11-23 02:00:00,10.013926
2012-11-23 03:00:00,7.6939864
2012-11-23 04:00:00,8.000123
2012-11-23 05:00:00,34.49613
2012-11-23 06:00:00,126.23724
2012-11-23 07:00:00,376.7864
2012-11-23 08:00:00,628.74646
2012-11-23 09:00:00,324.69913
2012-11-23 10:00:00,191.45482
2012-11-23 11:00:00,230.8334
2012-11-23 12:00:00,292.89908
2012-11-23 13:00:00,311.932
2012-11-23 14:00:00,351.64215
2012-11-23 15:00:00,345.4078
2012-11-23 16:00:00,432.39136
2012-11-23 17:00:00,621.08044
2012-11-23 18:00:00,549.7568
2012-11-23 19:00:00,382.3757
2012-11-23 20:00:00,255.05446
2012-11-23 21:00:00,213.52747
2012-11-23 22:00:00,167.32059
2012-11-23 23:00:00,127.56542
2012-11-24 00:00:00,128.14236
2012-11-24 01:00:00,90.06184
2012-11-24 02:00:00,56.47312
2012-11-24 03:00:00,27.224075
2012-11-24 04:00:00,11.171617
2012-11-24 05:00:00,11.850633
2012-11-24 06:00:00,25.77313
2012-11-24 07:00:00,65.54105
2012-11-24 08:00:00,134.3939
2012-11-24 09:00:00,221.20998
2012-11-24 10:00:00,295.7825
2012-11-24 11:00:00,373.0528
2012-11-24 12:00:00,425.58725
2012-11-24 13:00:00,470.6165
2012-11-24 14:00:00,461.42236
2012-11-24 15:00:00,458.32593
2012-11-24 16:00:00,430.96796
2012-11-24 17:00:00,345.66592
2012-11-24 18:00:00,295.7751
2012-11-24 19:00:00,237.8785
2012-11-24 20:00:00,169.7942
2012-11-24 21:00:00,134.36084
2012-11-24 22:00:00,128.30585
2012-11-24 23:00:00,105.53997
2012-11-25 00:00:00,104.72924
2012-11-25 01:00:00,98.55754
2012-11-25 02:00:00,59.143566
2012-11-25 03:00:00,28.627207
2012-11-25 04:00:00,10.783333
2012-11-25 05:00:00,9.775658
2012-11-25 06:00:00,16.300547
2012-11-25 07:00:00,44.410633
2012-11-25 08:00:00,105.957886
2012-11-25 09:00:00,180.90099
2012-11-25 10:00:00,289.06317
2012-11-25 11:00:00,349.42847
2012-11-25 12:00:00,398.85315
2012-11-25 13:00:00,390.10516
2012-11-25 14:00:00,376.3965
2012-11-25 15:00:00,395.3285
2012-11-25 16:00:00,406.16083
2012-11-25 17:00:00,294.5356
2012-11-25 18:00:00,238.35135
2012-11-25 19:00:00,194.7921
2012-11-25 20:00:00,137.52982
2012-11-25 21:00:00,96.441025
2012-11-25 22:00:00,84.01087
2012-11-25 23:00:00,67.57965
2012-11-26 00:00:00,29.760975
2012-11-26 01:00:00,12.378376
2012-11-26 02:00:00,6.6058974
2012-11-26 03:00:00,5.825513
2012-11-26 04:00:00,7.099511
2012-11-26 05:00:00,33.145462
2012-11-26 06:00:00,123.78345
2012-11-26 07:00:00,390.37967
2012-11-26 08:00:00,654.223
2012-11-26 09:00:00,306.03662
2012-11-26 10:00:00,160.74117
2012-11-26 11:00:00,196.43343
2012-11-26 12:00:00,251.46878
2012-11-26 13:00:00,244.99522
2012-11-26 14:00:00,227.12076
2012-11-26 15:00:00,264.25476
2012-11-26 16:00:00,350.4678
2012-11-26 17:00:00,630.18066
2012-11-26 18:00:00,560.758
2012-11-26 19:00:00,380.05005
2012-11-26 20:00:00,249.0874
2012-11-26 21:00:00,175.843
2012-11-26 22:00:00,124.80205
2012-11-26 23:00:00,74.60761
2012-11-27 00:00:00,32.780853
2012-11-27 01:00:00,14.716844
2012-11-27 02:00:00,6.9527245
2012-11-27 03:00:00,4.9958835
2012-11-27 04:00:00,5.764997
2012-11-27 05:00:00,31.565104
2012-11-27 06:00:00,127.407135
2012-11-27 07:00:00,189.51114
2012-11-27 08:00:00,332.24515
2012-11-27 09:00:00,315.04077
2012-11-27 10:00:00,77.08141
2012-11-27 11:00:00,90.8774
2012-11-27 12:00:00,116.36208
2012-11-27 13:00:00,101.519875
2012-11-27 14:00:00,113.81729
2012-11-27 15:00:00,184.96999
2012-11-27 16:00:00,291.03687
2012-11-27 17:00:00,530.65076
2012-11-27 18:00:00,453.7387
2012-11-27 19:00:00,347.08307
2012-11-27 20:00:00,240.6005
2012-11-27 21:00:00,180.10333
2012-11-27 22:00:00,132.49536
2012-11-27 23:00:00,79.21179
2012-11-28 00:00:00,40.24838
2012-11-28 01:00:00,15.958802
2012-11-28 02:00:00,8.26498
2012-11-28 03:00:00,6.125971
2012-11-28 04:00:00,8.075863
2012-11-28 05:00:00,35.12033
2012-11-28 06:00:00,130.24811
2012-11-28 07:00:00,391.20093
2012-11-28 08:00:00,674.7545
2012-11-28 09:00:00,318.52356
2012-11-28 10:00:00,160.3479
2012-11-28 11:00:00,172.33081
2012-11-28 12:00:00,222.9415
2012-11-28 13:00:00,217.71432
2012-11-28 14:00:00,204.06892
2012-11-28 15:00:00,235.35956
2012-11-28 16:00:00,344.4962
2012-11-28 17:00:00,593.38367
2012-11-28 18:00:00,553.64294
2012-11-28 19:00:00,396.01334
2012-11-28 20:00:00,265.14868
2012-11-28 21:00:00,193.72043
2012-11-28 22:00:00,132.55164
2012-11-28 23:00:00,79.29677
2012-11-29 00:00:00,42.926365
2012-11-29 01:00:00,15.85985
2012-11-29 02:00:00,7.870432
2012-11-29 04:00:00,6.984687
2012-11-29 05:00:00,35.23467
2012-11-29 06:00:00,132.79646
2012-11-29 07:00:00,398.23477
2012-11-29 08:00:00,668.14844
2012-11-29 09:00:00,334.49173
2012-11-29 10:00:00,162.6201
2012-11-29 11:00:00,190.28928
2012-11-29 12:00:00,224.42857
2012-11-29 13:00:00,231.9863
2012-11-29 14:00:00,201.34213
2012-11-29 15:00:00,233.39062
2012-11-29 16:00:00,346.04733
2012-11-29 17:00:00,598.4034
2012-11-29 18:00:00,547.1769
2012-11-29 19:00:00,377.27518
2012-11-29 20:00:00,263.75967
2012-11-29 21:00:00,192.76434
2012-11-29 22:00:00,148.30829
2012-11-29 23:00:00,124.96944
2012-11-30 00:00:00,51.158607
2012-11-30 01:00:00,24.822598
2012-11-30 02:00:00,10.1581135
2012-11-30 03:00:00,7.781587
2012-11-30 04:00:00,7.9589405
2012-11-30 05:00:00,33.553696
2012-11-30 06:00:00,120.42622
2012-11-30 07:00:00,367.97824
2012-11-30 08:00:00,627.6381
2012-11-30 09:00:00,334.6041
2012-11-30 10:00:00,180.15027
2012-11-30 11:00:00,213.77315
2012-11-30 12:00:00,272.56894
2012-11-30 13:00:00,270.019
2012-11-30 14:00:00,249.5597
2012-11-30 15:00:00,285.52875
2012-11-30 16:00:00,386.27496
2012-11-30 17:00:00,581.2435
2012-11-30 18:00:00,500.88065
2012-11-30 19:00:00,332.9401
2012-11-30 20:00:00,223.80066
2012-11-30 21:00:00,177.94308
2012-11-30 22:00:00,154.59315
2012-11-30 23:00:00,125.702644
2012-12-20 00:00:00,40.586315
2012-12-20 01:00:00,15.40428
2012-12-20 02:00:00,8.042658
2012-12-20 03:00:00,6.1135654
2012-12-20 04:00:00,6.7627983
2012-12-20 05:00:00,32.66754
2012-12-20 06:00:00,121.33842
2012-12-20 07:00:00,381.2884
2012-12-20 08:00:00,677.1434
2012-12-20 09:00:00,314.42923
2012-12-20 10:00:00,155.95947
2012-12-20 11:00:00,180.83032
2012-12-20 12:00:00,223.7048
2012-12-20 13:00:00,222.4774
2012-12-20 14:00:00,196.2319
2012-12-20 15:00:00,225.14882
2012-12-20 16:00:00,325.68112
2012-12-20 17:00:00,558.38635
2012-12-20 18:00:00,538.9266
2012-12-20 19:00:00,299.91922
2012-12-20 20:00:00,202.36194
2012-12-20 21:00:00,146.48239
2012-12-20 22:00:00,98.14654
2012-12-20 23:00:00,74.44157
2012-12-21 00:00:00,52.91539
2012-12-21 01:00:00,34.33282
2012-12-21 02:00:00,19.690132
2012-12-21 03:00:00,15.067182
2012-12-21 04:00:00,7.3735313
2012-12-21 05:00:00,33.06476
2012-12-21 06:00:00,108.65944
2012-12-21 07:00:00,349.16266
2012-12-21 08:00:00,639.35693
2012-12-21 09:00:00,295.98273
2012-12-21 10:00:00,168.15077
2012-12-21 11:00:00,195.68465
2012-12-21 12:00:00,266.66306
2012-12-21 13:00:00,261.54004
2012-12-21 14:00:00,254.61403
2012-12-21 15:00:00,259.29932
2012-12-21 16:00:00,379.19138
2012-12-21 17:00:00,541.50696
2012-12-21 18:00:00,484.12772
2012-12-21 19:00:00,295.92868
2012-12-21 20:00:00,203.81558
2012-12-21 21:00:00,149.67642
2012-12-21 22:00:00,120.418
2012-12-21 23:00:00,98.912056
2012-12-22 00:00:00,88.82179
2012-12-22 01:00:00,82.18751
2012-12-22 02:00:00,49.08781
2012-12-22 03:00:00,18.991678
2012-12-22 04:00:00,8.77485
2012-12-22 05:00:00,8.561363
2012-12-22 06:00:00,18.764967
2012-12-22 07:00:00,56.88366
2012-12-22 08:00:00,133.65898
2012-12-22 09:00:00,209.86055
2012-12-22 10:00:00,286.48773
2012-12-22 11:00:00,366.97183
2012-12-22 12:00:00,425.62082
2012-12-22 13:00:00,442.33664
2012-12-22 14:00:00,432.6359
2012-12-22 15:00:00,430.6888
2012-12-22 16:00:00,424.90012
2012-12-22 17:00:00,312.16043
2012-12-22 18:00:00,255.65306
2012-12-22 19:00:00,202.40721
2012-12-22 20:00:00,143.3551
2012-12-22 21:00:00,131.70183
2012-12-22 22:00:00,111.62979
2012-12-22 23:00:00,92.80787
2012-12-23 00:00:00,98.59767
2012-12-23 01:00:00,88.29511
2012-12-23 02:00:00,59.145164
2012-12-23 03:00:00,28.468887
2012-12-23 04:00:00,9.587082
2012-12-23 05:00:00,8.522703
2012-12-23 06:00:00,14.307722
2012-12-23 07:00:00,35.690094
2012-12-23 08:00:00,99.006096
2012-12-23 09:00:00,181.35463
2012-12-23 10:00:00,259.71024
2012-12-23 11:00:00,300.59332
2012-12-23 12:00:00,391.471
2012-12-23 13:00:00,424.13858
2012-12-23 14:00:00,422.46432
2012-12-23 15:00:00,419.4329
2012-12-23 16:00:00,439.99725
2012-12-23 17:00:00,271.06897
2012-12-23 18:00:00,210.8009
2012-12-23 19:00:00,162.04893
2012-12-23 20:00:00,129.2689
2012-12-23 21:00:00,93.063614
2012-12-23 22:00:00,75.14585
2012-12-23 23:00:00,56.606915
2012-12-24 00:00:00,28.85973
2012-12-24 01:00:00,12.069629
2012-12-24 02:00:00,6.5633583
2012-12-24 03:00:00,5.8511934
2012-12-24 05:00:00,31.847677
2012-12-24 06:00:00,109.43151
2012-12-24 07:00:00,358.93152
2012-12-24 08:00:00,635.67267
2012-12-24 09:00:00,283.80338
2012-12-24 10:00:00,138.5405
2012-12-24 11:00:00,156.98969
2012-12-24 12:00:00,201.15321
2012-12-24 13:00:00,129.04025
2012-12-24 14:00:00,106.878555
2012-12-24 15:00:00,131.66284
2012-12-24 16:00:00,232.27603
2012-12-24 17:00:00,386.92563
2012-12-24 18:00:00,380.17966
2012-12-24 19:00:00,299.04428
2012-12-24 20:00:00,184.73744
2012-12-24 21:00:00,140.93282
2012-12-24 22:00:00,99.027626
2012-12-24 23:00:00,60.474823
2012-12-25 00:00:00,63.32133
2012-12-25 01:00:00,57.065945
2012-12-25 02:00:00,35.579693
2012-12-25 04:00:00,10.427952
2012-12-25 05:00:00,24.147095
2012-12-25 06:00:00,46.7072
2012-12-25 07:00:00,156.04218
2012-12-25 08:00:00,359.24622
2012-12-25 09:00:00,294.8168
2012-12-25 10:00:00,281.53128
2012-12-25 11:00:00,294.58673
2012-12-25 12:00:00,334.59863
2012-12-25 13:00:00,355.2477
2012-12-25 14:00:00,349.32028
2012-12-25 15:00:00,339.16815
2012-12-25 16:00:00,357.88583
2012-12-25 17:00:00,382.3992
2012-12-25 18:00:00,369.80847
2012-12-25 19:00:00,299.2567
2012-12-25 20:00:00,227.59085
2012-12-25 21:00:00,160.50082
2012-12-25 22:00:00,118.62839
2012-12-25 23:00:00,76.970345
2012-12-26 00:00:00,46.973
2012-12-26 01:00:00,18.830202
2012-12-26 02:00:00,9.923439
2012-12-26 03:00:00,6.4203296
2012-12-26 04:00:00,7.9692235
2012-12-26 05:00:00,36.85727
2012-12-26 06:00:00,117.9943
2012-12-26 07:00:00,180.41545
2012-12-26 08:00:00,341.11035
2012-12-26 09:00:00,186.96071
2012-12-26 10:00:00,98.75798
2012-12-26 11:00:00,107.90094
2012-12-26 12:00:00,138.361
2012-12-26 13:00:00,134.03792
2012-12-26 14:00:00,126.81183
2012-12-26 15:00:00,148.11569
2012-12-26 16:00:00,238.96373
2012-12-26 17:00:00,360.5548
2012-12-26 18:00:00,339.4621
2012-12-26 19:00:00,242.56929
2012-12-26 20:00:00,165.47755
2012-12-26 21:00:00,168.3814
2012-12-26 22:00:00,85.85321
2012-12-26 23:00:00,53.7921
2012-12-27 00:00:00,39.476803
2012-12-27 01:00:00,15.728096
2012-12-27 02:00:00,9.831246
2012-12-27 03:00:00,6.816136
2012-12-27 04:00:00,9.259312
2012-12-27 05:00:00,33.40277
2012-12-27 06:00:00,116.86495
2012-12-27 07:00:00,374.21057
2012-12-27 08:00:00,674.23926
2012-12-27 09:00:00,319.34247
2012-12-27 10:00:00,164.5104
2012-12-27 11:00:00,171.94702
2012-12-27 12:00:00,204.45094
2012-12-27 13:00:00,200.41151
2012-12-27 14:00:00,188.24832
2012-12-27 15:00:00,204.0688
2012-12-27 16:00:00,315.6499
2012-12-27 17:00:00,540.84357
2012-12-27 18:00:00,536.3249
2012-12-27 19:00:00,357.38303
2012-12-27 20:00:00,242.24113
2012-12-27 21:00:00,181.02325
2012-12-27 22:00:00,134.09204
2012-12-27 23:00:00,93.80964
2012-12-28 00:00:00,50.233116
2012-12-28 01:00:00,25.575233
2012-12-28 02:00:00,11.338791
2012-12-28 03:00:00,7.7084274
2012-12-28 04:00:00,7.830041
2012-12-28 05:00:00,32.806854
2012-12-28 06:00:00,114.07853
2012-12-28 07:00:00,343.5144
2012-12-28 08:00:00,621.29913
2012-12-28 09:00:00,309.79648
2012-12-28 10:00:00,176.61357
2012-12-28 11:00:00,202.0209
2012-12-28 12:00:00,249.74211
2012-12-28 13:00:00,246.12157
2012-12-28 14:00:00,215.79071
2012-12-28 15:00:00,251.00548
2012-12-28 16:00:00,352.78973
2012-12-28 17:00:00,540.7381
2012-12-28 18:00:00,482.9476
2012-12-28 19:00:00,327.25684
2012-12-28 20:00:00,204.94656
2012-12-28 21:00:00,154.42561
2012-12-28 22:00:00,129.1275
2012-12-28 23:00:00,113.61098
2012-12-29 00:00:00,99.13808
2012-12-29 01:00:00,88.00138
2012-12-29 02:00:00,54.225445
2012-12-29 03:00:00,19.137417
2012-12-29 04:00:00,7.824477
2012-12-29 05:00:00,8.010965
2012-12-29 06:00:00,16.802904
2012-12-29 07:00:00,49.64211
2012-12-29 08:00:00,139.8933
2012-12-29 09:00:00,220.25449
2012-12-29 10:00:00,205.26363
2012-12-29 11:00:00,253.25629
2012-12-29 12:00:00,290.61182
2012-12-29 13:00:00,279.8207
2012-12-29 14:00:00,364.94986
2012-12-29 15:00:00,367.32727
2012-12-29 16:00:00,390.88962
2012-12-29 17:00:00,267.68695
2012-12-29 18:00:00,248.9989
2012-12-29 19:00:00,215.57857
2012-12-29 20:00:00,155.9149
2012-12-29 21:00:00,129.33926
2012-12-29 22:00:00,109.679825
2012-12-29 23:00:00,109.90418
2012-12-30 00:00:00,101.22113
2012-12-30 01:00:00,85.62452
2012-12-30 02:00:00,59.749
2012-12-30 03:00:00,20.860168
2012-12-30 04:00:00,9.01232
2012-12-30 05:00:00,8.790987
2012-12-30 06:00:00,13.084126
2012-12-30 07:00:00,35.82405
2012-12-30 08:00:00,99.37624
2012-12-30 09:00:00,174.5121
2012-12-30 10:00:00,270.60327
2012-12-30 11:00:00,337.45187
2012-12-30 12:00:00,406.2782
2012-12-30 13:00:00,399.26813
2012-12-30 14:00:00,392.2882
2012-12-30 15:00:00,390.45096
2012-12-30 16:00:00,392.6379
2012-12-30 17:00:00,291.88077
2012-12-30 18:00:00,231.01382
2012-12-30 19:00:00,190.66557
2012-12-30 20:00:00,123.14039
2012-12-30 21:00:00,81.35579
2012-12-30 22:00:00,63.114506
2012-12-30 23:00:00,43.9895
2012-12-31 00:00:00,28.054287
2012-12-31 01:00:00,12.095461
2012-12-31 02:00:00,7.6283417
2012-12-31 03:00:00,6.3634033
2012-12-31 04:00:00,7.549444
2012-12-31 05:00:00,32.06041
2012-12-31 06:00:00,109.713974
2012-12-31 07:00:00,349.30515
2012-12-31 08:00:00,614.7702
2012-12-31 09:00:00,279.34235
2012-12-31 10:00:00,137.69585
2012-12-31 11:00:00,160.37079
2012-12-31 12:00:00,203.19966
2012-12-31 13:00:00,191.87161
2012-12-31 14:00:00,179.73366
2012-12-31 15:00:00,189.87091
2012-12-31 16:00:00,297.4619
2012-12-31 17:00:00,540.13196
2012-12-31 18:00:00,511.42645
2012-12-31 19:00:00,346.1265
2012-12-31 20:00:00,221.61879
2012-12-31 21:00:00,149.22615
2012-12-31 22:00:00,99.53938
2012-12-31 23:00:00,53.62204
