datetime,count
2011-01-20 00:00:00,12.999862
2011-01-20 01:00:00,4.5071526
2011-01-20 02:00:00,3.1116617
2011-01-20 03:00:00,2.7833707
2011-01-20 04:00:00,2.70999
2011-01-20 05:00:00,7.0111375
2011-01-20 06:00:00,36.614544
2011-01-20 07:00:00,92.38424
2011-01-20 08:00:00,216.97379
2011-01-20 09:00:00,117.42843
2011-01-20 10:00:00,54.815563
2011-01-20 11:00:00,56.434483
2011-01-20 12:00:00,67.29272
2011-01-20 13:00:00,65.267815
2011-01-20 14:00:00,66.75101
2011-01-20 15:00:00,73.19273
2011-01-20 16:00:00,90.39909
2011-01-20 17:00:00,182.38817
2011-01-20 18:00:00,171.1727
2011-01-20 19:00:00,111.18899
2011-01-20 20:00:00,71.838684
2011-01-20 21:00:00,55.422314
2011-01-20 22:00:00,42.217453
2011-01-20 23:00:00,27.42406
2011-01-21 00:00:00,12.931623
2011-01-21 01:00:00,6.098335
2011-01-21 02:00:00,4.8751745
2011-01-21 03:00:00,2.4912617
2011-01-21 04:00:00,2.6534472
2011-01-21 05:00:00,5.1307735
2011-01-21 06:00:00,33.931583
2011-01-21 07:00:00,79.158615
2011-01-21 08:00:00,195.99881
2011-01-21 09:00:00,115.20721
2011-01-21 10:00:00,46.182602
2011-01-21 11:00:00,58.66997
2011-01-21 12:00:00,61.978073
2011-01-21 13:00:00,54.994453
2011-01-21 14:00:00,58.808796
2011-01-21 15:00:00,62.646202
2011-01-21 16:00:00,80.98277
2011-01-21 17:00:00,152.26477
2011-01-21 18:00:00,136.4772
2011-01-21 19:00:00,82.71669
2011-01-21 20:00:00,57.592197
2011-01-21 21:00:00,43.642487
2011-01-21 22:00:00,38.364216
2011-01-21 23:00:00,28.055809
2011-01-22 00:00:00,23.603586
2011-01-22 01:00:00,15.752327
2011-01-22 02:00:00,13.0535145
2011-01-22 03:00:00,5.9203196
2011-01-22 04:00:00,2.337429
2011-01-22 06:00:00,2.9894462
2011-01-22 07:00:00,4.293145
2011-01-22 08:00:00,12.556274
2011-01-22 09:00:00,27.110628
2011-01-22 10:00:00,57.521065
2011-01-22 11:00:00,64.04407
2011-01-22 12:00:00,79.64521
2011-01-22 13:00:00,85.78341
2011-01-22 14:00:00,88.64488
2011-01-22 15:00:00,93.66616
2011-01-22 16:00:00,90.08693
2011-01-22 17:00:00,89.125786
2011-01-22 18:00:00,69.67505
2011-01-22 19:00:00,49.02403
2011-01-22 20:00:00,40.982872
2011-01-22 21:00:00,35.465622
2011-01-22 22:00:00,32.299408
2011-01-22 23:00:00,26.815092
2011-01-23 00:00:00,28.751272
2011-01-23 01:00:00,22.934994
2011-01-23 02:00:00,15.545087
2011-01-23 03:00:00,8.496295
2011-01-23 05:00:00,3.1159325
2011-01-23 06:00:00,3.984097
2011-01-23 07:00:00,4.509485
2011-01-23 08:00:00,10.072902
2011-01-23 09:00:00,21.192167
2011-01-23 10:00:00,56.368195
2011-01-23 11:00:00,70.9155
2011-01-23 12:00:00,77.77105
2011-01-23 13:00:00,81.55777
2011-01-23 14:00:00,81.91482
2011-01-23 15:00:00,84.35345
2011-01-23 16:00:00,78.02677
2011-01-23 17:00:00,67.65752
2011-01-23 18:00:00,65.9428
2011-01-23 19:00:00,45.752872
2011-01-23 20:00:00,39.680763
2011-01-23 21:00:00,31.15015
2011-01-23 22:00:00,25.31718
2011-01-23 23:00:00,16.402967
2011-01-24 00:00:00,10.469516
2011-01-24 01:00:00,4.319821
2011-01-24 03:00:00,2.8420763
2011-01-24 04:00:00,2.1429358
2011-01-24 05:00:00,4.9210205
2011-01-24 06:00:00,26.648243
2011-01-24 07:00:00,58.317654
2011-01-24 08:00:00,168.21361
2011-01-24 09:00:00,90.64461
2011-01-24 10:00:00,38.92056
2011-01-24 11:00:00,38.126335
2011-01-24 12:00:00,50.026543
2011-01-24 13:00:00,50.58287
2011-01-24 14:00:00,48.945755
2011-01-24 15:00:00,59.625797
2011-01-24 16:00:00,73.4142
2011-01-24 17:00:00,152.97353
2011-01-24 18:00:00,151.0196
2011-01-24 19:00:00,100.80268
2011-01-24 20:00:00,68.651245
2011-01-24 21:00:00,46.950745
2011-01-24 22:00:00,28.958492
2011-01-24 23:00:00,16.448795
2011-01-25 00:00:00,7.80649
2011-01-25 01:00:00,3.4247925
2011-01-25 02:00:00,2.4168897
2011-01-25 04:00:00,2.2717817
2011-01-25 05:00:00,5.7307625
2011-01-25 06:00:00,31.844355
2011-01-25 07:00:00,77.013664
2011-01-25 08:00:00,186.67592
2011-01-25 09:00:00,105.07269
2011-01-25 10:00:00,47.24813
2011-01-25 11:00:00,48.793877
2011-01-25 12:00:00,61.487926
2011-01-25 13:00:00,61.898094
2011-01-25 14:00:00,58.1984
2011-01-25 15:00:00,65.14207
2011-01-25 16:00:00,87.27808
2011-01-25 17:00:00,196.04408
2011-01-25 18:00:00,182.71959
2011-01-25 19:00:00,113.39057
2011-01-25 20:00:00,76.27788
2011-01-25 21:00:00,56.924408
2011-01-25 22:00:00,39.28312
2011-01-25 23:00:00,21.992016
2011-01-26 00:00:00,8.835476
2011-01-26 01:00:00,4.8409615
2011-01-26 02:00:00,2.7948246
2011-01-26 05:00:00,3.0658414
2011-01-26 06:00:00,17.328684
2011-01-26 07:00:00,35.99129
2011-01-26 08:00:00,112.11711
2011-01-26 09:00:00,67.044876
2011-01-26 10:00:00,28.506195
2011-01-26 11:00:00,25.180353
2011-01-26 12:00:00,25.747372
2011-01-26 13:00:00,25.229424
2011-01-26 14:00:00,25.936214
2011-01-26 15:00:00,23.554708
2011-01-26 16:00:00,40.780216
2011-01-26 17:00:00,74.17181
2011-01-27 16:00:00,81.04309
2011-01-27 17:00:00,166.17142
2011-01-27 18:00:00,152.43658
2011-01-27 19:00:00,106.085724
2011-01-27 20:00:00,79.16914
2011-01-27 21:00:00,57.77096
2011-01-27 22:00:00,45.88241
2011-01-27 23:00:00,27.349516
2011-01-28 00:00:00,11.934214
2011-01-28 01:00:00,6.1042924
2011-01-28 02:00:00,3.4656394
2011-01-28 03:00:00,2.3604038
2011-01-28 05:00:00,5.5513577
2011-01-28 06:00:00,30.881067
2011-01-28 07:00:00,77.56603
2011-01-28 08:00:00,194.47275
2011-01-28 09:00:00,85.01302
2011-01-28 10:00:00,38.194744
2011-01-28 11:00:00,41.081776
2011-01-28 12:00:00,44.306725
2011-01-28 13:00:00,43.67698
2011-01-28 14:00:00,28.479141
2011-01-28 15:00:00,55.866077
2011-01-28 16:00:00,78.542046
2011-01-28 17:00:00,162.54486
2011-01-28 18:00:00,142.92131
2011-01-28 19:00:00,97.27978
2011-01-28 20:00:00,67.70002
2011-01-28 21:00:00,52.38256
2011-01-28 22:00:00,46.0073
2011-01-28 23:00:00,39.660774
2011-01-29 00:00:00,28.077526
2011-01-29 01:00:00,21.091208
2011-01-29 02:00:00,15.538929
2011-01-29 03:00:00,7.9166555
2011-01-29 04:00:00,2.6224868
2011-01-29 06:00:00,3.2860222
2011-01-29 07:00:00,5.5520496
2011-01-29 08:00:00,17.550688
2011-01-29 09:00:00,37.613075
2011-01-29 10:00:00,66.30982
2011-01-29 11:00:00,75.57852
2011-01-29 12:00:00,90.59049
2011-01-29 13:00:00,96.33395
2011-01-29 14:00:00,89.90785
2011-01-29 15:00:00,92.37069
2011-01-29 16:00:00,97.55793
2011-01-29 17:00:00,92.95067
2011-01-29 18:00:00,81.96922
2011-01-29 19:00:00,60.39022
2011-01-29 20:00:00,53.073177
2011-01-29 21:00:00,43.18301
2011-01-29 22:00:00,34.883736
2011-01-29 23:00:00,29.734243
2011-01-30 00:00:00,29.209476
2011-01-30 01:00:00,28.179255
2011-01-30 02:00:00,20.641981
2011-01-30 03:00:00,10.396755
2011-01-30 04:00:00,3.7314494
2011-01-30 05:00:00,3.5706625
2011-01-30 07:00:00,7.5065675
2011-01-30 08:00:00,18.544928
2011-01-30 09:00:00,32.235435
2011-01-30 10:00:00,69.4746
2011-01-30 11:00:00,80.20982
2011-01-30 12:00:00,123.01019
2011-01-30 13:00:00,105.98379
2011-01-30 14:00:00,105.12873
2011-01-30 15:00:00,114.62496
2011-01-30 16:00:00,114.316055
2011-01-30 17:00:00,97.219765
2011-01-30 18:00:00,79.38046
2011-01-30 19:00:00,57.21529
2011-01-30 20:00:00,43.969284
2011-01-30 21:00:00,35.093636
2011-01-30 22:00:00,28.577318
2011-01-30 23:00:00,16.263084
2011-01-31 00:00:00,9.416952
2011-01-31 01:00:00,4.133324
2011-01-31 02:00:00,2.708602
2011-01-31 03:00:00,2.298143
2011-01-31 04:00:00,2.7445464
2011-01-31 05:00:00,4.42053
2011-01-31 06:00:00,30.151693
2011-01-31 07:00:00,66.83407
2011-01-31 08:00:00,169.702
2011-01-31 09:00:00,91.79681
2011-01-31 10:00:00,41.018738
2011-01-31 11:00:00,40.899937
2011-01-31 12:00:00,50.44427
2011-01-31 13:00:00,46.49084
2011-01-31 14:00:00,50.514
2011-01-31 15:00:00,53.279198
2011-01-31 16:00:00,70.63822
2011-01-31 17:00:00,154.34276
2011-01-31 18:00:00,151.76553
2011-01-31 19:00:00,124.61313
2011-01-31 20:00:00,57.683174
2011-01-31 21:00:00,39.062202
2011-01-31 22:00:00,34.153946
2011-01-31 23:00:00,17.598621
2011-02-20 00:00:00,29.027328
2011-02-20 01:00:00,22.660103
2011-02-20 02:00:00,17.688557
2011-02-20 03:00:00,6.728369
2011-02-20 04:00:00,2.5161057
2011-02-20 06:00:00,3.320006
2011-02-20 07:00:00,5.0618005
2011-02-20 08:00:00,14.084848
2011-02-20 09:00:00,34.766636
2011-02-20 10:00:00,86.556145
2011-02-20 11:00:00,109.876724
2011-02-20 12:00:00,145.74078
2011-02-20 13:00:00,152.21294
2011-02-20 14:00:00,152.82451
2011-02-20 15:00:00,162.0775
2011-02-20 16:00:00,156.05591
2011-02-20 17:00:00,133.25548
2011-02-20 18:00:00,93.579636
2011-02-20 19:00:00,71.96923
2011-02-20 20:00:00,47.480072
2011-02-20 21:00:00,41.016552
2011-02-20 22:00:00,41.77691
2011-02-20 23:00:00,22.840471
2011-02-21 00:00:00,23.124697
2011-02-21 01:00:00,14.101226
2011-02-21 02:00:00,9.419272
2011-02-21 03:00:00,4.230557
2011-02-21 04:00:00,2.345894
2011-02-21 05:00:00,3.762145
2011-02-21 06:00:00,14.546621
2011-02-21 07:00:00,54.234905
2011-02-21 08:00:00,104.97865
2011-02-21 09:00:00,83.6511
2011-02-21 10:00:00,81.98139
2011-02-21 11:00:00,94.606125
2011-02-21 12:00:00,114.25682
2011-02-21 13:00:00,74.096275
2011-02-21 14:00:00,108.4154
2011-02-21 15:00:00,100.53913
2011-02-21 16:00:00,79.67938
2011-02-21 17:00:00,123.704414
2011-02-21 18:00:00,83.366844
2011-02-21 19:00:00,83.448204
2011-02-21 20:00:00,46.791576
2011-02-21 21:00:00,36.94746
2011-02-21 22:00:00,26.498186
2011-02-21 23:00:00,16.22676
2011-02-22 06:00:00,30.619907
2011-02-22 07:00:00,80.699196
2011-02-22 08:00:00,195.04562
2011-02-22 09:00:00,108.87223
2011-02-22 10:00:00,46.349464
2011-02-22 11:00:00,47.641182
2011-02-22 12:00:00,62.978947
2011-02-22 13:00:00,67.21007
2011-02-22 14:00:00,59.627625
2011-02-22 15:00:00,69.41435
2011-02-22 16:00:00,84.60631
2011-02-22 17:00:00,178.55553
2011-02-22 18:00:00,177.39769
2011-02-22 19:00:00,109.17885
2011-02-22 20:00:00,80.53699
2011-02-22 21:00:00,59.43762
2011-02-22 22:00:00,41.210083
2011-02-22 23:00:00,26.17062
2011-02-23 00:00:00,9.859884
2011-02-23 01:00:00,4.5340495
2011-02-23 02:00:00,2.4233305
2011-02-23 03:00:00,2.08334
2011-02-23 05:00:00,5.473738
2011-02-23 06:00:00,33.250473
2011-02-23 07:00:00,95.738594
2011-02-23 08:00:00,219.03876
2011-02-23 09:00:00,121.560074
2011-02-23 10:00:00,50.374706
2011-02-23 11:00:00,55.683308
2011-02-23 12:00:00,75.90425
2011-02-23 13:00:00,81.9849
2011-02-23 14:00:00,73.83667
2011-02-23 15:00:00,84.098434
2011-02-23 16:00:00,100.026886
2011-02-23 17:00:00,221.25467
2011-02-23 18:00:00,211.70776
2011-02-23 19:00:00,136.84842
2011-02-23 20:00:00,88.710266
2011-02-23 21:00:00,64.40427
2011-02-23 22:00:00,47.559494
2011-02-23 23:00:00,31.35375
2011-02-24 00:00:00,11.510295
2011-02-24 01:00:00,5.779425
2011-02-24 02:00:00,3.0734375
2011-02-24 03:00:00,2.517795
2011-02-24 05:00:00,6.5855756
2011-02-24 06:00:00,37.445286
2011-02-24 07:00:00,101.06881
2011-02-24 08:00:00,238.8087
2011-02-24 09:00:00,122.449165
2011-02-24 10:00:00,55.29021
2011-02-24 11:00:00,66.11965
2011-02-24 12:00:00,83.34717
2011-02-24 13:00:00,84.94264
2011-02-24 14:00:00,76.76202
2011-02-24 15:00:00,50.56478
2011-02-24 16:00:00,62.33021
2011-02-24 17:00:00,174.84961
2011-02-24 18:00:00,132.60631
2011-02-24 19:00:00,69.87764
2011-02-24 20:00:00,72.61573
2011-02-24 21:00:00,62.921898
2011-02-24 22:00:00,29.773342
2011-02-24 23:00:00,28.197006
2011-02-25 00:00:00,11.0737915
2011-02-25 01:00:00,7.765964
2011-02-25 02:00:00,5.4377775
2011-02-25 03:00:00,2.4588037
2011-02-25 05:00:00,6.5645885
2011-02-25 06:00:00,31.599682
2011-02-25 07:00:00,64.59253
2011-02-25 08:00:00,157.49532
2011-02-25 09:00:00,67.02283
2011-02-25 10:00:00,38.350002
2011-02-25 11:00:00,107.61217
2011-02-25 12:00:00,115.78013
2011-02-25 13:00:00,114.10697
2011-02-25 14:00:00,103.19786
2011-02-25 15:00:00,113.53443
2011-02-25 16:00:00,104.16801
2011-02-25 17:00:00,174.65506
2011-02-25 18:00:00,160.77652
2011-02-25 19:00:00,102.66588
2011-02-25 20:00:00,61.98632
2011-02-25 21:00:00,56.93712
2011-02-25 22:00:00,48.713078
2011-02-25 23:00:00,38.256077
2011-02-26 00:00:00,29.242031
2011-02-26 01:00:00,19.602057
2011-02-26 02:00:00,15.895283
2011-02-26 03:00:00,8.499149
2011-02-26 04:00:00,3.0544724
2011-02-26 05:00:00,2.5929856
2011-02-26 06:00:00,4.0768666
2011-02-26 07:00:00,8.430318
2011-02-26 08:00:00,26.538843
2011-02-26 09:00:00,49.527275
2011-02-26 10:00:00,95.74414
2011-02-26 11:00:00,119.73118
2011-02-26 12:00:00,144.60626
2011-02-26 13:00:00,149.14656
2011-02-26 14:00:00,136.78378
2011-02-26 15:00:00,151.44257
2011-02-26 16:00:00,149.02148
2011-02-26 17:00:00,139.58766
2011-02-26 18:00:00,104.0191
2011-02-26 19:00:00,76.88696
2011-02-26 20:00:00,62.499165
2011-02-26 21:00:00,49.284004
2011-02-26 22:00:00,47.10979
2011-02-26 23:00:00,37.515884
2011-02-27 00:00:00,33.373226
2011-02-27 01:00:00,32.123257
2011-02-27 02:00:00,23.93703
2011-02-27 03:00:00,12.950899
2011-02-27 04:00:00,4.771493
2011-02-27 06:00:00,4.786867
2011-02-27 07:00:00,10.708848
2011-02-27 08:00:00,30.429586
2011-02-27 09:00:00,50.805676
2011-02-27 10:00:00,90.45007
2011-02-27 11:00:00,138.83948
2011-02-27 12:00:00,180.72043
2011-02-27 13:00:00,189.19386
2011-02-27 14:00:00,200.6448
2011-02-27 15:00:00,229.34416
2011-02-27 16:00:00,232.66159
2011-02-27 17:00:00,155.55066
2011-02-27 18:00:00,116.45446
2011-02-27 19:00:00,92.27463
2011-02-27 20:00:00,73.83092
2011-02-27 21:00:00,59.596756
2011-02-27 22:00:00,45.9522
2011-02-27 23:00:00,28.313189
2011-02-28 00:00:00,12.303607
2011-02-28 01:00:00,5.937077
2011-02-28 03:00:00,3.5623686
2011-02-28 05:00:00,6.7341213
2011-02-28 06:00:00,37.55617
2011-02-28 07:00:00,100.11218
2011-02-28 08:00:00,193.74054
2011-02-28 09:00:00,134.98232
2011-02-28 10:00:00,80.984726
2011-02-28 11:00:00,98.09032
2011-02-28 12:00:00,119.77256
2011-02-28 13:00:00,57.976517
2011-02-28 14:00:00,40.747704
2011-02-28 15:00:00,42.508205
2011-02-28 16:00:00,67.15308
2011-02-28 17:00:00,107.12357
2011-02-28 18:00:00,148.88257
2011-02-28 19:00:00,62.627308
2011-02-28 20:00:00,40.34485
2011-02-28 21:00:00,54.09576
2011-02-28 22:00:00,20.88983
2011-02-28 23:00:00,15.786335
2011-03-20 00:00:00,35.48755
2011-03-20 01:00:00,32.906788
2011-03-20 02:00:00,22.42642
2011-03-20 03:00:00,12.490815
2011-03-20 04:00:00,3.7067113
2011-03-20 05:00:00,2.9024935
2011-03-20 06:00:00,4.584368
2011-03-20 07:00:00,10.227117
2011-03-20 08:00:00,29.013214
2011-03-20 09:00:00,58.69496
2011-03-20 10:00:00,111.42665
2011-03-20 11:00:00,149.70656
2011-03-20 12:00:00,190.63333
2011-03-20 13:00:00,200.16756
2011-03-20 14:00:00,193.13954
2011-03-20 15:00:00,220.60439
2011-03-20 16:00:00,209.78964
2011-03-20 17:00:00,187.66876
2011-03-20 18:00:00,146.6766
2011-03-20 19:00:00,94.85056
2011-03-20 20:00:00,72.59195
2011-03-20 21:00:00,54.80936
2011-03-20 22:00:00,44.099606
2011-03-20 23:00:00,16.896212
2011-03-21 00:00:00,13.696184
2011-03-21 01:00:00,5.569102
2011-03-21 02:00:00,5.4708896
2011-03-21 03:00:00,2.8083544
2011-03-21 05:00:00,7.9222975
2011-03-21 06:00:00,32.27475
2011-03-21 07:00:00,44.222893
2011-03-21 08:00:00,225.47183
2011-03-21 09:00:00,110.70544
2011-03-21 10:00:00,56.924026
2011-03-21 11:00:00,70.4839
2011-03-21 12:00:00,86.40804
2011-03-21 13:00:00,122.68641
2011-03-21 14:00:00,112.11476
2011-03-21 15:00:00,137.7525
2011-03-21 16:00:00,163.79468
2011-03-21 17:00:00,350.44107
2011-03-21 18:00:00,332.04486
2011-03-21 19:00:00,267.62772
2011-03-21 20:00:00,187.91783
2011-03-21 21:00:00,85.456085
2011-03-21 22:00:00,61.168633
2011-03-21 23:00:00,42.102787
2011-03-22 00:00:00,22.052269
2011-03-22 01:00:00,7.2214227
2011-03-22 02:00:00,5.3734083
2011-03-22 03:00:00,3.8201826
2011-03-22 04:00:00,3.4567082
2011-03-22 05:00:00,11.499237
2011-03-22 06:00:00,58.789383
2011-03-22 07:00:00,156.17995
2011-03-22 08:00:00,287.08344
2011-03-22 09:00:00,142.1994
2011-03-22 10:00:00,78.07956
2011-03-22 11:00:00,91.14726
2011-03-22 12:00:00,116.7563
2011-03-22 13:00:00,130.37201
2011-03-22 14:00:00,116.19551
2011-03-22 15:00:00,131.13832
2011-03-22 16:00:00,177.69133
2011-03-22 17:00:00,353.84622
2011-03-22 18:00:00,300.75946
2011-03-22 19:00:00,186.49606
2011-03-22 20:00:00,121.02037
2011-03-22 21:00:00,89.63062
2011-03-22 22:00:00,63.243332
2011-03-22 23:00:00,39.33316
2011-03-23 00:00:00,13.286503
2011-03-23 01:00:00,6.2923865
2011-03-23 02:00:00,4.701492
2011-03-23 03:00:00,2.6981182
2011-03-23 05:00:00,8.92544
2011-03-23 06:00:00,42.51386
2011-03-23 07:00:00,109.255905
2011-03-23 08:00:00,270.30417
2011-03-23 09:00:00,129.79097
2011-03-23 10:00:00,52.82209
2011-03-23 11:00:00,56.298782
2011-03-23 12:00:00,61.943558
2011-03-23 13:00:00,54.665634
2011-03-23 14:00:00,65.28414
2011-03-23 15:00:00,76.29848
2011-03-23 16:00:00,118.61442
2011-03-23 17:00:00,250.3811
2011-03-23 18:00:00,161.96153
2011-03-23 19:00:00,102.92486
2011-03-23 20:00:00,24.889248
2011-03-23 21:00:00,24.276623
2011-03-23 22:00:00,41.915634
2011-03-23 23:00:00,14.860169
2011-03-24 00:00:00,10.876056
2011-03-24 01:00:00,5.7408705
2011-03-24 02:00:00,4.7499514
2011-03-24 03:00:00,3.3547204
2011-03-24 04:00:00,3.3063905
2011-03-24 05:00:00,7.559566
2011-03-24 06:00:00,41.414474
2011-03-24 07:00:00,64.02849
2011-03-24 08:00:00,117.91493
2011-03-24 09:00:00,124.27092
2011-03-24 10:00:00,51.277813
2011-03-24 11:00:00,58.430992
2011-03-24 12:00:00,72.234505
2011-03-24 13:00:00,82.618416
2011-03-24 14:00:00,75.811584
2011-03-24 15:00:00,78.5642
2011-03-24 16:00:00,108.44279
2011-03-24 17:00:00,221.18062
2011-03-24 18:00:00,204.22867
2011-03-24 19:00:00,136.70056
2011-03-24 20:00:00,96.88539
2011-03-24 21:00:00,74.4205
2011-03-24 22:00:00,57.836308
2011-03-24 23:00:00,40.21649
2011-03-25 00:00:00,16.27144
2011-03-25 01:00:00,6.794633
2011-03-25 02:00:00,3.9629567
2011-03-25 03:00:00,2.7712557
2011-03-25 04:00:00,2.699833
2011-03-25 05:00:00,8.190455
2011-03-25 06:00:00,40.54994
2011-03-25 07:00:00,112.90745
2011-03-25 08:00:00,254.46204
2011-03-25 09:00:00,149.13425
2011-03-25 10:00:00,70.944626
2011-03-25 11:00:00,84.60572
2011-03-25 12:00:00,104.86602
2011-03-25 13:00:00,104.777115
2011-03-25 14:00:00,113.74891
2011-03-25 15:00:00,105.814545
2011-03-25 16:00:00,132.0517
2011-03-25 17:00:00,237.05109
2011-03-25 18:00:00,194.12718
2011-03-25 19:00:00,123.930885
2011-03-25 20:00:00,84.84588
2011-03-25 21:00:00,66.794556
2011-03-25 22:00:00,49.119617
2011-03-25 23:00:00,36.778374
2011-03-26 00:00:00,31.85144
2011-03-26 01:00:00,22.018211
2011-03-26 02:00:00,16.172247
2011-03-26 03:00:00,7.0298176
2011-03-26 04:00:00,2.9895937
2011-03-26 05:00:00,2.7316797
2011-03-26 06:00:00,5.5555296
2011-03-26 07:00:00,12.330696
2011-03-26 08:00:00,36.099197
2011-03-26 09:00:00,66.17237
2011-03-26 10:00:00,120.468315
2011-03-26 11:00:00,136.60881
2011-03-26 12:00:00,175.15923
2011-03-26 13:00:00,197.88808
2011-03-26 14:00:00,197.0417
2011-03-26 15:00:00,209.55016
2011-03-26 16:00:00,188.3392
2011-03-26 17:00:00,168.33775
2011-03-26 18:00:00,134.63994
2011-03-26 19:00:00,94.7216
2011-03-26 20:00:00,66.635826
2011-03-26 21:00:00,51.42116
2011-03-26 22:00:00,48.943382
2011-03-26 23:00:00,34.090702
2011-03-27 00:00:00,33.494675
2011-03-27 01:00:00,26.424515
2011-03-27 02:00:00,20.08539
2011-03-27 03:00:00,9.319002
2011-03-27 04:00:00,5.0673246
2011-03-27 06:00:00,7.7713532
2011-03-27 07:00:00,12.983676
2011-03-27 08:00:00,27.059795
2011-03-27 09:00:00,54.85285
2011-03-27 10:00:00,99.25192
2011-03-27 11:00:00,124.23493
2011-03-27 12:00:00,156.2899
2011-03-27 13:00:00,177.10611
2011-03-27 14:00:00,175.27544
2011-03-27 15:00:00,177.71872
2011-03-27 16:00:00,175.07593
2011-03-27 17:00:00,162.32637
2011-03-27 18:00:00,126.00971
2011-03-27 19:00:00,97.22821
2011-03-27 20:00:00,61.031055
2011-03-27 21:00:00,44.840023
2011-03-27 22:00:00,39.14071
2011-03-27 23:00:00,22.96443
2011-03-28 00:00:00,10.617854
2011-03-28 01:00:00,5.532626
2011-03-28 02:00:00,3.951512
2011-03-28 03:00:00,3.160262
2011-03-28 05:00:00,8.216519
2011-03-28 06:00:00,39.80318
2011-03-28 07:00:00,108.86863
2011-03-28 08:00:00,236.50595
2011-03-28 09:00:00,122.658195
2011-03-28 10:00:00,58.923332
2011-03-28 11:00:00,64.56035
2011-03-28 12:00:00,76.71164
2011-03-28 13:00:00,86.12232
2011-03-28 14:00:00,79.06309
2011-03-28 15:00:00,87.56266
2011-03-28 16:00:00,113.826614
2011-03-28 17:00:00,232.91644
2011-03-28 18:00:00,214.38281
2011-03-28 19:00:00,148.84427
2011-03-28 20:00:00,103.90261
2011-03-28 21:00:00,72.8328
2011-03-28 22:00:00,44.593044
2011-03-28 23:00:00,22.617489
2011-03-29 00:00:00,9.946005
2011-03-29 01:00:00,4.431664
2011-03-29 02:00:00,3.7525325
2011-03-29 03:00:00,2.7732444
2011-03-29 04:00:00,2.7917542
2011-03-29 05:00:00,9.006882
2011-03-29 06:00:00,44.349678
2011-03-29 07:00:00,126.189026
2011-03-29 08:00:00,260.7746
2011-03-29 09:00:00,145.90651
2011-03-29 10:00:00,66.50468
2011-03-29 11:00:00,69.869125
2011-03-29 12:00:00,93.56299
2011-03-29 13:00:00,90.92186
2011-03-29 14:00:00,86.93964
2011-03-29 15:00:00,99.596466
2011-03-29 16:00:00,126.603676
2011-03-29 17:00:00,267.50317
2011-03-29 18:00:00,251.64679
2011-03-29 19:00:00,160.57033
2011-03-29 20:00:00,115.89444
2011-03-29 21:00:00,81.06168
2011-03-29 22:00:00,59.00872
2011-03-29 23:00:00,36.392097
2011-03-30 00:00:00,13.440887
2011-03-30 01:00:00,4.795435
2011-03-30 02:00:00,3.700842
2011-03-30 03:00:00,2.0729828
2011-03-30 04:00:00,2.3886054
2011-03-30 05:00:00,10.381369
2011-03-30 06:00:00,47.868725
2011-03-30 07:00:00,131.15248
2011-03-30 08:00:00,274.84778
2011-03-30 09:00:00,143.1599
2011-03-30 10:00:00,65.10282
2011-03-30 11:00:00,68.80823
2011-03-30 12:00:00,88.08093
2011-03-30 13:00:00,87.59423
2011-03-30 14:00:00,76.952255
2011-03-30 15:00:00,36.775196
2011-03-30 16:00:00,54.32093
2011-03-30 17:00:00,129.58302
2011-03-30 18:00:00,124.0339
2011-03-30 19:00:00,97.27356
2011-03-30 20:00:00,51.452972
2011-03-30 21:00:00,51.291126
2011-03-30 22:00:00,30.763659
2011-03-30 23:00:00,15.17999
2011-03-31 00:00:00,10.862856
2011-03-31 01:00:00,9.244589
2011-03-31 02:00:00,7.5851316
2011-03-31 03:00:00,5.1771526
2011-03-31 04:00:00,5.380403
2011-03-31 05:00:00,10.323153
2011-03-31 06:00:00,32.104504
2011-03-31 07:00:00,62.088787
2011-03-31 08:00:00,224.46188
2011-03-31 09:00:00,78.067566
2011-03-31 10:00:00,38.69759
2011-03-31 11:00:00,50.608765
2011-03-31 12:00:00,55.858906
2011-03-31 13:00:00,61.059616
2011-03-31 14:00:00,51.869984
2011-03-31 15:00:00,40.84061
2011-03-31 16:00:00,87.86895
2011-03-31 17:00:00,162.01894
2011-03-31 18:00:00,180.20093
2011-03-31 19:00:00,132.00742
2011-03-31 20:00:00,51.888237
2011-03-31 21:00:00,58.498367
2011-03-31 22:00:00,30.109
2011-03-31 23:00:00,22.436592
2011-04-20 00:00:00,24.009565
2011-04-20 01:00:00,7.631471
2011-04-20 02:00:00,5.8032804
2011-04-20 03:00:00,2.7370188
2011-04-20 04:00:00,3.3748817
2011-04-20 05:00:00,12.346777
2011-04-20 06:00:00,63.62611
2011-04-20 07:00:00,188.89818
2011-04-20 08:00:00,377.99875
2011-04-20 09:00:00,192.2935
2011-04-20 10:00:00,115.46534
2011-04-20 11:00:00,128.71533
2011-04-20 12:00:00,162.98392
2011-04-20 13:00:00,159.63907
2011-04-20 14:00:00,142.49393
2011-04-20 15:00:00,143.50757
2011-04-20 16:00:00,200.19547
2011-04-20 17:00:00,409.5923
2011-04-20 18:00:00,404.14484
2011-04-20 19:00:00,303.33813
2011-04-20 20:00:00,216.3397
2011-04-20 21:00:00,170.85927
2011-04-20 22:00:00,117.73369
2011-04-20 23:00:00,76.19364
2011-04-21 00:00:00,27.517542
2011-04-21 01:00:00,11.380442
2011-04-21 02:00:00,6.2156167
2011-04-21 03:00:00,2.4835594
2011-04-21 04:00:00,2.7387257
2011-04-21 05:00:00,10.30553
2011-04-21 06:00:00,49.916134
2011-04-21 07:00:00,168.53784
2011-04-21 08:00:00,317.772
2011-04-21 09:00:00,169.12793
2011-04-21 10:00:00,94.832214
2011-04-21 11:00:00,108.899605
2011-04-21 12:00:00,135.34836
2011-04-21 13:00:00,138.0386
2011-04-21 14:00:00,133.73595
2011-04-21 15:00:00,147.65935
2011-04-21 16:00:00,190.9708
2011-04-21 17:00:00,408.0551
2011-04-21 18:00:00,347.0229
2011-04-21 19:00:00,224.33966
2011-04-21 20:00:00,161.13213
2011-04-21 21:00:00,122.33052
2011-04-21 22:00:00,87.56577
2011-04-21 23:00:00,56.96959
2011-04-22 00:00:00,28.222317
2011-04-22 01:00:00,13.491097
2011-04-22 02:00:00,7.729801
2011-04-22 03:00:00,4.568371
2011-04-22 04:00:00,3.8212264
2011-04-22 05:00:00,11.136719
2011-04-22 06:00:00,55.46225
2011-04-22 07:00:00,134.66998
2011-04-22 08:00:00,300.86386
2011-04-22 09:00:00,127.17537
2011-04-22 10:00:00,89.21696
2011-04-22 11:00:00,69.531654
2011-04-22 12:00:00,78.43203
2011-04-22 13:00:00,74.46705
2011-04-22 14:00:00,47.588097
2011-04-22 15:00:00,67.86643
2011-04-22 16:00:00,95.00164
2011-04-22 17:00:00,142.33376
2011-04-22 18:00:00,116.23433
2011-04-22 19:00:00,79.20534
2011-04-22 20:00:00,60.373337
2011-04-22 21:00:00,51.773838
2011-04-22 22:00:00,41.064026
2011-04-22 23:00:00,39.654137
2011-04-23 00:00:00,32.791275
2011-04-23 01:00:00,27.989212
2011-04-23 02:00:00,24.379128
2011-04-23 03:00:00,14.598638
2011-04-23 04:00:00,4.858257
2011-04-23 05:00:00,4.731516
2011-04-23 06:00:00,9.780952
2011-04-23 07:00:00,23.62585
2011-04-23 08:00:00,40.683002
2011-04-23 09:00:00,61.859615
2011-04-23 10:00:00,140.67513
2011-04-23 11:00:00,184.65732
2011-04-23 12:00:00,227.15257
2011-04-23 13:00:00,237.67004
2011-04-23 14:00:00,297.52902
2011-04-23 15:00:00,309.2641
2011-04-23 16:00:00,321.7551
2011-04-23 17:00:00,323.97534
2011-04-23 18:00:00,281.97925
2011-04-23 19:00:00,184.39467
2011-04-23 20:00:00,127.44698
2011-04-23 21:00:00,114.75124
2011-04-23 22:00:00,110.44596
2011-04-23 23:00:00,80.238655
2011-04-24 00:00:00,67.71133
2011-04-24 01:00:00,53.780327
2011-04-24 02:00:00,40.930737
2011-04-24 03:00:00,19.240986
2011-04-24 04:00:00,6.7950006
2011-04-24 05:00:00,6.755405
2011-04-24 06:00:00,10.868627
2011-04-24 07:00:00,43.824284
2011-04-24 08:00:00,71.067276
2011-04-24 09:00:00,128.60275
2011-04-24 10:00:00,241.36975
2011-04-24 11:00:00,345.34393
2011-04-24 12:00:00,373.09848
2011-04-24 13:00:00,380.9745
2011-04-24 14:00:00,380.81653
2011-04-24 15:00:00,373.95032
2011-04-24 16:00:00,374.4251
2011-04-24 17:00:00,356.92255
2011-04-24 18:00:00,308.81567
2011-04-24 19:00:00,167.53864
2011-04-24 20:00:00,127.84751
2011-04-24 21:00:00,74.08878
2011-04-24 22:00:00,46.825386
2011-04-24 23:00:00,43.996677
2011-04-25 00:00:00,11.726359
2011-04-25 01:00:00,7.8618965
2011-04-25 02:00:00,5.263665
2011-04-25 03:00:00,2.8178449
2011-04-25 04:00:00,3.8215156
2011-04-25 05:00:00,12.090063
2011-04-25 06:00:00,61.107895
2011-04-25 07:00:00,151.8712
2011-04-25 08:00:00,306.41757
2011-04-25 09:00:00,173.75974
2011-04-25 10:00:00,114.10456
2011-04-25 11:00:00,118.011856
2011-04-25 12:00:00,136.0393
2011-04-25 13:00:00,147.4281
2011-04-25 14:00:00,142.99414
2011-04-25 15:00:00,149.10074
2011-04-25 16:00:00,220.86769
2011-04-25 17:00:00,440.13086
2011-04-25 18:00:00,425.3013
2011-04-25 19:00:00,306.53543
2011-04-25 20:00:00,216.44994
2011-04-25 21:00:00,154.41888
2011-04-25 22:00:00,99.25866
2011-04-25 23:00:00,56.21701
2011-04-26 00:00:00,26.04096
2011-04-26 01:00:00,13.484392
2011-04-26 02:00:00,6.582201
2011-04-26 03:00:00,3.75916
2011-04-26 04:00:00,5.06765
2011-04-26 05:00:00,13.954681
2011-04-26 06:00:00,75.35493
2011-04-26 07:00:00,230.37843
2011-04-26 08:00:00,348.84723
2011-04-26 09:00:00,184.7854
2011-04-26 10:00:00,109.83872
2011-04-26 11:00:00,123.68979
2011-04-26 12:00:00,153.71614
2011-04-26 13:00:00,146.85576
2011-04-26 14:00:00,140.57285
2011-04-26 15:00:00,150.98196
2011-04-26 16:00:00,230.24898
2011-04-26 17:00:00,433.1146
2011-04-26 18:00:00,413.91296
2011-04-26 19:00:00,278.56372
2011-04-26 20:00:00,218.85558
2011-04-26 21:00:00,156.6775
2011-04-26 22:00:00,95.834816
2011-04-26 23:00:00,57.246243
2011-04-27 00:00:00,25.932127
2011-04-27 01:00:00,12.128499
2011-04-27 02:00:00,6.9108434
2011-04-27 03:00:00,4.732576
2011-04-27 04:00:00,4.2856073
2011-04-27 05:00:00,11.386701
2011-04-27 06:00:00,69.90918
2011-04-27 07:00:00,192.70282
2011-04-27 08:00:00,321.15677
2011-04-27 09:00:00,164.7441
2011-04-27 10:00:00,93.14406
2011-04-27 11:00:00,103.02161
2011-04-27 12:00:00,127.85588
2011-04-27 13:00:00,128.35881
2011-04-27 14:00:00,138.77255
2011-04-27 15:00:00,144.10774
2011-04-27 16:00:00,216.02672
2011-04-27 17:00:00,283.23526
2011-04-27 18:00:00,267.40115
2011-04-27 19:00:00,267.5555
2011-04-27 20:00:00,166.32137
2011-04-27 21:00:00,128.41013
2011-04-27 22:00:00,80.66616
2011-04-27 23:00:00,53.099518
2011-04-28 00:00:00,37.942265
2011-04-28 01:00:00,14.238272
2011-04-28 02:00:00,7.0830574
2011-04-28 03:00:00,7.2240615
2011-04-28 04:00:00,5.914083
2011-04-28 05:00:00,17.216143
2011-04-28 06:00:00,76.39767
2011-04-28 07:00:00,217.60887
2011-04-28 08:00:00,340.61215
2011-04-28 09:00:00,158.73518
2011-04-28 10:00:00,100.422
2011-04-28 11:00:00,104.40371
2011-04-28 12:00:00,134.01369
2011-04-28 13:00:00,113.57778
2011-04-28 14:00:00,118.76666
2011-04-28 15:00:00,165.92871
2011-04-28 16:00:00,202.70976
2011-04-28 17:00:00,395.71625
2011-04-28 18:00:00,377.0439
2011-04-28 19:00:00,278.89322
2011-04-28 20:00:00,220.4661
2011-04-28 21:00:00,172.66115
2011-04-28 22:00:00,123.00921
2011-04-28 23:00:00,82.87337
2011-04-29 00:00:00,37.14235
2011-04-29 01:00:00,18.170856
2011-04-29 02:00:00,11.695695
2011-04-29 03:00:00,6.1798825
2011-04-29 04:00:00,5.0891094
2011-04-29 05:00:00,15.42586
2011-04-29 06:00:00,72.023056
2011-04-29 07:00:00,199.94756
2011-04-29 08:00:00,366.86688
2011-04-29 09:00:00,201.72699
2011-04-29 10:00:00,138.52902
2011-04-29 11:00:00,160.5453
2011-04-29 12:00:00,197.16568
2011-04-29 13:00:00,200.51889
2011-04-29 14:00:00,189.7253
2011-04-29 15:00:00,189.45375
2011-04-29 16:00:00,235.8628
2011-04-29 17:00:00,372.53955
2011-04-29 18:00:00,340.7718
2011-04-29 19:00:00,207.36395
2011-04-29 20:00:00,161.70004
2011-04-29 21:00:00,123.00436
2011-04-29 22:00:00,102.93763
2011-04-29 23:00:00,73.29709
2011-04-30 00:00:00,47.923344
2011-04-30 01:00:00,38.376255
2011-04-30 02:00:00,28.965763
2011-04-30 03:00:00,14.949849
2011-04-30 04:00:00,5.1817055
2011-04-30 05:00:00,4.6960425
2011-04-30 06:00:00,15.373246
2011-04-30 07:00:00,31.914927
2011-04-30 08:00:00,73.504364
2011-04-30 09:00:00,133.81593
2011-04-30 10:00:00,227.22803
2011-04-30 11:00:00,295.3
2011-04-30 12:00:00,338.30252
2011-04-30 13:00:00,355.35806
2011-04-30 14:00:00,329.61014
2011-04-30 15:00:00,348.14807
2011-04-30 16:00:00,346.44025
2011-04-30 17:00:00,352.18607
2011-04-30 18:00:00,302.61987
2011-04-30 19:00:00,225.21292
2011-04-30 20:00:00,129.85236
2011-04-30 21:00:00,105.186745
2011-04-30 22:00:00,89.44339
2011-04-30 23:00:00,75.18164
2011-05-20 00:00:00,42.16573
2011-05-20 01:00:00,17.744326
2011-05-20 02:00:00,12.252705
2011-05-20 03:00:00,5.760516
2011-05-20 04:00:00,6.505646
2011-05-20 05:00:00,23.092592
2011-05-20 06:00:00,99.78597
2011-05-20 07:00:00,282.39587
2011-05-20 08:00:00,429.17697
2011-05-20 09:00:00,231.55933
2011-05-20 10:00:00,159.98218
2011-05-20 11:00:00,196.60025
2011-05-20 12:00:00,237.9101
2011-05-20 13:00:00,226.6663
2011-05-20 14:00:00,229.66972
2011-05-20 15:00:00,245.28098
2011-05-20 16:00:00,341.47458
2011-05-20 17:00:00,503.0225
2011-05-20 18:00:00,487.42194
2011-05-20 19:00:00,336.50375
2011-05-20 20:00:00,253.3473
2011-05-20 21:00:00,200.26099
2011-05-20 22:00:00,155.03093
2011-05-20 23:00:00,133.60075
2011-05-21 00:00:00,97.662415
2011-05-21 01:00:00,69.89517
2011-05-21 02:00:00,55.67553
2011-05-21 03:00:00,27.362566
2011-05-21 04:00:00,11.015047
2011-05-21 05:00:00,11.6123495
2011-05-21 06:00:00,27.497099
2011-05-21 07:00:00,62.219154
2011-05-21 08:00:00,126.273026
2011-05-21 09:00:00,209.82915
2011-05-21 10:00:00,304.75275
2011-05-21 11:00:00,395.7163
2011-05-21 12:00:00,428.0568
2011-05-21 13:00:00,434.2553
2011-05-21 14:00:00,420.2438
2011-05-21 15:00:00,438.55273
2011-05-21 16:00:00,429.75412
2011-05-21 17:00:00,420.7657
2011-05-21 18:00:00,377.8375
2011-05-21 19:00:00,335.60162
2011-05-21 20:00:00,243.93642
2011-05-21 21:00:00,217.46725
2011-05-21 22:00:00,172.99214
2011-05-21 23:00:00,135.80809
2011-05-22 00:00:00,99.11334
2011-05-22 01:00:00,69.40264
2011-05-22 02:00:00,53.006653
2011-05-22 03:00:00,24.70966
2011-05-22 04:00:00,8.886029
2011-05-22 05:00:00,8.17845
2011-05-22 06:00:00,14.26647
2011-05-22 07:00:00,44.983044
2011-05-22 08:00:00,102.8577
2011-05-22 09:00:00,196.33989
2011-05-22 10:00:00,304.46033
2011-05-22 11:00:00,390.31546
2011-05-22 12:00:00,404.93735
2011-05-22 13:00:00,419.95126
2011-05-22 14:00:00,332.04544
2011-05-22 15:00:00,380.612
2011-05-22 16:00:00,415.65686
2011-05-22 17:00:00,396.3623
2011-05-22 18:00:00,356.5115
2011-05-22 19:00:00,320.35284
2011-05-22 20:00:00,243.66629
2011-05-22 21:00:00,186.86479
2011-05-22 22:00:00,114.03217
2011-05-22 23:00:00,77.66667
2011-05-23 00:00:00,27.339329
2011-05-23 01:00:00,14.581328
2011-05-23 02:00:00,16.168854
2011-05-23 03:00:00,9.495496
2011-05-23 04:00:00,5.1096096
2011-05-23 05:00:00,17.842087
2011-05-23 06:00:00,86.37322
2011-05-23 07:00:00,201.5436
2011-05-23 08:00:00,358.03305
2011-05-23 09:00:00,186.71478
2011-05-23 10:00:00,127.845505
2011-05-23 11:00:00,149.20592
2011-05-23 12:00:00,183.82295
2011-05-23 13:00:00,177.23712
2011-05-23 14:00:00,164.17213
2011-05-23 15:00:00,168.39049
2011-05-23 16:00:00,262.26147
2011-05-23 17:00:00,443.7083
2011-05-23 18:00:00,464.12137
2011-05-23 19:00:00,380.90973
2011-05-23 20:00:00,229.64171
2011-05-23 21:00:00,155.74979
2011-05-23 22:00:00,97.95336
2011-05-23 23:00:00,63.00838
2011-05-24 00:00:00,22.1357
2011-05-24 01:00:00,10.899757
2011-05-24 02:00:00,7.8620677
2011-05-24 03:00:00,3.853809
2011-05-24 04:00:00,7.3619094
2011-05-24 05:00:00,17.657795
2011-05-24 06:00:00,93.28208
2011-05-24 07:00:00,201.77702
2011-05-24 08:00:00,290.79205
2011-05-24 09:00:00,217.54614
2011-05-24 10:00:00,125.764404
2011-05-24 11:00:00,150.84853
2011-05-24 12:00:00,190.29007
2011-05-24 13:00:00,178.68135
2011-05-24 14:00:00,156.86511
2011-05-24 15:00:00,175.03154
2011-05-24 16:00:00,288.15506
2011-05-24 17:00:00,522.50745
2011-05-24 18:00:00,499.72803
2011-05-24 19:00:00,384.78802
2011-05-24 20:00:00,284.47443
2011-05-24 21:00:00,208.67018
2011-05-24 22:00:00,102.38106
2011-05-24 23:00:00,102.37636
2011-05-25 00:00:00,35.59024
2011-05-25 01:00:00,23.215822
2011-05-25 02:00:00,7.364722
2011-05-25 03:00:00,5.499392
2011-05-25 04:00:00,6.0930285
2011-05-25 05:00:00,25.524141
2011-05-25 06:00:00,100.94311
2011-05-25 07:00:00,314.61972
2011-05-25 08:00:00,448.54398
2011-05-25 09:00:00,214.20203
2011-05-25 10:00:00,131.50714
2011-05-25 11:00:00,154.98987
2011-05-25 12:00:00,191.49315
2011-05-25 13:00:00,188.74062
2011-05-25 14:00:00,170.38416
2011-05-25 15:00:00,171.2753
2011-05-25 16:00:00,279.1249
2011-05-25 17:00:00,553.10486
2011-05-25 18:00:00,531.18317
2011-05-25 19:00:00,391.0978
2011-05-25 20:00:00,303.06897
2011-05-25 21:00:00,223.97731
2011-05-25 22:00:00,172.88681
2011-05-25 23:00:00,122.89858
2011-05-26 00:00:00,55.320457
2011-05-26 01:00:00,29.825245
2011-05-26 02:00:00,12.838071
2011-05-26 03:00:00,7.468928
2011-05-26 04:00:00,8.418807
2011-05-26 05:00:00,25.923805
2011-05-26 06:00:00,94.0383
2011-05-26 07:00:00,229.45766
2011-05-26 08:00:00,420.66864
2011-05-26 09:00:00,215.69582
2011-05-26 10:00:00,138.94379
2011-05-26 11:00:00,154.95256
2011-05-26 12:00:00,183.92555
2011-05-26 13:00:00,180.45801
2011-05-26 14:00:00,164.8253
2011-05-26 15:00:00,166.72496
2011-05-26 16:00:00,264.80695
2011-05-26 17:00:00,521.57477
2011-05-26 18:00:00,502.23578
2011-05-26 19:00:00,359.4431
2011-05-26 20:00:00,299.9968
2011-05-26 21:00:00,225.86737
2011-05-26 22:00:00,181.38261
2011-05-26 23:00:00,134.4786
2011-05-27 00:00:00,65.948586
2011-05-27 01:00:00,32.373558
2011-05-27 02:00:00,22.61888
2011-05-27 03:00:00,14.069449
2011-05-27 04:00:00,15.780105
2011-05-27 05:00:00,36.740017
2011-05-27 06:00:00,111.17874
2011-05-27 07:00:00,291.922
2011-05-27 08:00:00,433.8775
2011-05-27 09:00:00,240.46078
2011-05-27 10:00:00,161.46275
2011-05-27 11:00:00,182.75546
2011-05-27 12:00:00,223.28944
2011-05-27 13:00:00,234.47783
2011-05-27 14:00:00,212.40277
2011-05-27 15:00:00,229.56973
2011-05-27 16:00:00,314.29877
2011-05-27 17:00:00,509.71744
2011-05-27 18:00:00,400.3878
2011-05-27 19:00:00,294.48877
2011-05-27 20:00:00,228.31425
2011-05-27 21:00:00,168.28137
2011-05-27 22:00:00,165.74489
2011-05-27 23:00:00,127.814224
2011-05-28 00:00:00,100.16231
2011-05-28 01:00:00,78.95945
2011-05-28 02:00:00,52.85116
2011-05-28 03:00:00,28.253986
2011-05-28 04:00:00,12.953742
2011-05-28 05:00:00,14.795673
2011-05-28 06:00:00,30.826298
2011-05-28 07:00:00,64.64674
2011-05-28 08:00:00,129.67761
2011-05-28 09:00:00,214.0104
2011-05-28 10:00:00,304.5927
2011-05-28 11:00:00,384.7412
2011-05-28 12:00:00,413.14124
2011-05-28 13:00:00,425.2846
2011-05-28 14:00:00,394.22977
2011-05-28 15:00:00,426.03168
2011-05-28 16:00:00,417.36295
2011-05-28 17:00:00,427.62573
2011-05-28 18:00:00,367.13663
2011-05-28 19:00:00,326.29196
2011-05-28 20:00:00,270.62762
2011-05-28 21:00:00,215.31395
2011-05-28 22:00:00,184.90184
2011-05-28 23:00:00,136.63203
2011-05-29 00:00:00,109.111305
2011-05-29 01:00:00,86.8521
2011-05-29 02:00:00,64.60038
2011-05-29 03:00:00,33.80977
2011-05-29 04:00:00,13.242242
2011-05-29 05:00:00,12.81708
2011-05-29 06:00:00,25.901625
2011-05-29 07:00:00,49.421143
2011-05-29 08:00:00,91.53339
2011-05-29 09:00:00,123.21341
2011-05-29 10:00:00,258.995
2011-05-29 11:00:00,306.5646
2011-05-29 12:00:00,361.29608
2011-05-29 13:00:00,403.5321
2011-05-29 14:00:00,368.80066
2011-05-29 15:00:00,372.05304
2011-05-29 16:00:00,361.7292
2011-05-29 17:00:00,313.4557
2011-05-29 18:00:00,283.9563
2011-05-29 19:00:00,287.21027
2011-05-29 20:00:00,224.59688
2011-05-29 21:00:00,172.58072
2011-05-29 22:00:00,121.554985
2011-05-29 23:00:00,94.63736
2011-05-30 00:00:00,83.10661
2011-05-30 01:00:00,63.332783
2011-05-30 02:00:00,42.645245
2011-05-30 03:00:00,24.433954
2011-05-30 04:00:00,17.161442
2011-05-30 05:00:00,24.460514
2011-05-30 06:00:00,45.386562
2011-05-30 07:00:00,111.07333
2011-05-30 08:00:00,207.0326
2011-05-30 09:00:00,225.8769
2011-05-30 10:00:00,241.28981
2011-05-30 11:00:00,272.8869
2011-05-30 12:00:00,269.53064
2011-05-30 13:00:00,275.92596
2011-05-30 14:00:00,268.6392
2011-05-30 15:00:00,284.16028
2011-05-30 16:00:00,314.8155
2011-05-30 17:00:00,411.80328
2011-05-30 18:00:00,409.0696
2011-05-30 19:00:00,311.72446
2011-05-30 20:00:00,329.59717
2011-05-30 21:00:00,267.42484
2011-05-30 22:00:00,186.68367
2011-05-30 23:00:00,101.403145
2011-05-31 00:00:00,41.33983
2011-05-31 01:00:00,21.829779
2011-05-31 02:00:00,8.604294
2011-05-31 03:00:00,4.792662
2011-05-31 04:00:00,9.389017
2011-05-31 05:00:00,26.286919
2011-05-31 06:00:00,114.04607
2011-05-31 07:00:00,296.26724
2011-05-31 08:00:00,409.75345
2011-05-31 09:00:00,194.3048
2011-05-31 10:00:00,113.27746
2011-05-31 11:00:00,120.906746
2011-05-31 12:00:00,148.64201
2011-05-31 13:00:00,149.0398
2011-05-31 14:00:00,127.258644
2011-05-31 15:00:00,149.448
2011-05-31 16:00:00,237.55122
2011-05-31 17:00:00,507.4468
2011-05-31 18:00:00,515.34283
2011-05-31 19:00:00,369.32858
2011-05-31 20:00:00,291.17624
2011-05-31 21:00:00,219.39421
2011-05-31 22:00:00,156.64374
2011-05-31 23:00:00,114.98759
2011-06-20 00:00:00,31.581627
2011-06-20 01:00:00,14.133563
2011-06-20 02:00:00,8.589274
2011-06-20 03:00:00,7.466122
2011-06-20 04:00:00,13.871631
2011-06-20 05:00:00,27.928629
2011-06-20 06:00:00,89.09809
2011-06-20 07:00:00,139.15506
2011-06-20 08:00:00,268.5977
2011-06-20 09:00:00,201.41594
2011-06-20 10:00:00,116.864525
2011-06-20 11:00:00,127.02798
2011-06-20 12:00:00,172.10045
2011-06-20 13:00:00,185.48737
2011-06-20 14:00:00,171.51564
2011-06-20 15:00:00,186.91685
2011-06-20 16:00:00,289.80527
2011-06-20 17:00:00,547.008
2011-06-20 18:00:00,537.9135
2011-06-20 19:00:00,389.36423
2011-06-20 20:00:00,283.45697
2011-06-20 21:00:00,215.21033
2011-06-20 22:00:00,137.13887
2011-06-20 23:00:00,80.606445
2011-06-21 00:00:00,34.872734
2011-06-21 01:00:00,16.060513
2011-06-21 02:00:00,9.707098
2011-06-21 03:00:00,6.8608527
2011-06-21 04:00:00,5.855048
2011-06-21 05:00:00,22.45499
2011-06-21 06:00:00,104.243935
2011-06-21 07:00:00,236.61707
2011-06-21 08:00:00,391.8873
2011-06-21 09:00:00,187.75655
2011-06-21 10:00:00,111.18429
2011-06-21 11:00:00,111.19019
2011-06-21 12:00:00,156.3208
2011-06-21 13:00:00,171.28102
2011-06-21 14:00:00,159.69171
2011-06-21 15:00:00,170.97768
2011-06-21 16:00:00,264.6613
2011-06-21 17:00:00,534.9307
2011-06-21 18:00:00,454.0915
2011-06-21 19:00:00,344.54535
2011-06-21 20:00:00,229.95117
2011-06-21 21:00:00,228.82542
2011-06-21 22:00:00,160.34648
2011-06-21 23:00:00,97.07907
2011-06-22 00:00:00,39.592484
2011-06-22 01:00:00,19.348764
2011-06-22 02:00:00,9.111265
2011-06-22 03:00:00,7.483213
2011-06-22 04:00:00,5.8449407
2011-06-22 05:00:00,23.657806
2011-06-22 06:00:00,108.567635
2011-06-22 07:00:00,305.09763
2011-06-22 08:00:00,432.62546
2011-06-22 09:00:00,204.46936
2011-06-22 10:00:00,104.589264
2011-06-22 11:00:00,134.00786
2011-06-22 12:00:00,169.43617
2011-06-22 13:00:00,157.87483
2011-06-22 14:00:00,153.96498
2011-06-22 15:00:00,152.17734
2011-06-22 16:00:00,240.25488
2011-06-22 17:00:00,489.91028
2011-06-22 18:00:00,469.96564
2011-06-22 19:00:00,362.9477
2011-06-22 20:00:00,287.80212
2011-06-22 21:00:00,224.72101
2011-06-22 22:00:00,150.55492
2011-06-22 23:00:00,94.679184
2011-06-23 00:00:00,45.211052
2011-06-23 01:00:00,20.919859
2011-06-23 02:00:00,11.565635
2011-06-23 03:00:00,9.192479
2011-06-23 04:00:00,9.557432
2011-06-23 05:00:00,28.431934
2011-06-23 06:00:00,115.996704
2011-06-23 07:00:00,310.39758
2011-06-23 08:00:00,424.79523
2011-06-23 09:00:00,212.42462
2011-06-23 10:00:00,129.17807
2011-06-23 11:00:00,124.41256
2011-06-23 12:00:00,170.56177
2011-06-23 13:00:00,171.87802
2011-06-23 14:00:00,154.09195
2011-06-23 15:00:00,175.00516
2011-06-23 16:00:00,254.62946
2011-06-23 17:00:00,389.05334
2011-06-23 18:00:00,425.55905
2011-06-23 19:00:00,333.73444
2011-06-23 20:00:00,279.4266
2011-06-23 21:00:00,224.58383
2011-06-23 22:00:00,159.22256
2011-06-23 23:00:00,113.92733
2011-06-24 00:00:00,59.55852
2011-06-24 01:00:00,28.199709
2011-06-24 02:00:00,17.650343
2011-06-24 03:00:00,8.679939
2011-06-24 04:00:00,7.0471234
2011-06-24 05:00:00,23.322788
2011-06-24 06:00:00,105.44137
2011-06-24 07:00:00,267.64484
2011-06-24 08:00:00,428.68256
2011-06-24 09:00:00,229.24591
2011-06-24 10:00:00,144.82669
2011-06-24 11:00:00,180.67351
2011-06-24 12:00:00,221.49165
2011-06-24 13:00:00,236.00127
2011-06-24 14:00:00,208.53854
2011-06-24 15:00:00,230.26869
2011-06-24 16:00:00,322.66092
2011-06-24 17:00:00,559.91693
2011-06-24 18:00:00,499.27527
2011-06-24 19:00:00,375.06653
2011-06-24 20:00:00,292.4717
2011-06-24 21:00:00,234.98482
2011-06-24 22:00:00,201.60513
2011-06-24 23:00:00,165.41734
2011-06-25 00:00:00,121.45979
2011-06-25 01:00:00,91.596504
2011-06-25 02:00:00,70.245735
2011-06-25 03:00:00,38.361584
2011-06-25 04:00:00,17.575354
2011-06-25 05:00:00,16.839094
2011-06-25 06:00:00,38.6944
2011-06-25 07:00:00,73.669754
2011-06-25 08:00:00,141.00793
2011-06-25 09:00:00,215.74858
2011-06-25 10:00:00,310.76663
2011-06-25 11:00:00,374.59015
2011-06-25 12:00:00,451.3067
2011-06-25 13:00:00,456.7461
2011-06-25 14:00:00,413.11557
2011-06-25 15:00:00,391.05386
2011-06-25 16:00:00,430.52307
2011-06-25 17:00:00,450.73135
2011-06-25 18:00:00,393.0078
2011-06-25 19:00:00,353.3155
2011-06-25 20:00:00,293.7106
2011-06-25 21:00:00,245.08217
2011-06-25 22:00:00,215.30336
2011-06-25 23:00:00,149.60129
2011-06-26 00:00:00,111.44411
2011-06-26 01:00:00,98.55985
2011-06-26 02:00:00,73.60545
2011-06-26 03:00:00,34.450966
2011-06-26 04:00:00,14.397153
2011-06-26 05:00:00,11.969989
2011-06-26 06:00:00,21.747961
2011-06-26 07:00:00,52.554916
2011-06-26 08:00:00,105.98313
2011-06-26 09:00:00,190.1055
2011-06-26 10:00:00,303.73044
2011-06-26 11:00:00,382.14288
2011-06-26 12:00:00,436.62997
2011-06-26 13:00:00,410.00357
2011-06-26 14:00:00,400.5118
2011-06-26 15:00:00,382.25977
2011-06-26 16:00:00,406.29694
2011-06-26 17:00:00,376.52957
2011-06-26 18:00:00,338.5832
2011-06-26 19:00:00,308.74576
2011-06-26 20:00:00,239.7399
2011-06-26 21:00:00,193.2873
2011-06-26 22:00:00,169.18544
2011-06-26 23:00:00,121.96645
2011-06-27 00:00:00,30.345882
2011-06-27 01:00:00,14.332614
2011-06-27 02:00:00,11.128773
2011-06-27 03:00:00,7.6860747
2011-06-27 04:00:00,6.9667096
2011-06-27 05:00:00,22.38477
2011-06-27 06:00:00,105.33601
2011-06-27 07:00:00,282.84866
2011-06-27 08:00:00,383.709
2011-06-27 09:00:00,201.40926
2011-06-27 10:00:00,124.72729
2011-06-27 11:00:00,145.06287
2011-06-27 12:00:00,179.74811
2011-06-27 13:00:00,177.56267
2011-06-27 14:00:00,166.03888
2011-06-27 15:00:00,168.44812
2011-06-27 16:00:00,278.93005
2011-06-27 17:00:00,546.01733
2011-06-27 18:00:00,524.7973
2011-06-27 19:00:00,382.0378
2011-06-27 20:00:00,282.7932
2011-06-27 21:00:00,203.60162
2011-06-27 22:00:00,139.78194
2011-06-27 23:00:00,81.89064
2011-06-28 00:00:00,32.922253
2011-06-28 01:00:00,16.460447
2011-06-28 02:00:00,9.435879
2011-06-28 03:00:00,6.037243
2011-06-28 04:00:00,6.5544896
2011-06-28 05:00:00,24.42132
2011-06-28 06:00:00,113.30151
2011-06-28 07:00:00,289.633
2011-06-28 08:00:00,407.7677
2011-06-28 09:00:00,195.52725
2011-06-28 10:00:00,122.92352
2011-06-28 11:00:00,138.69048
2011-06-28 12:00:00,165.59332
2011-06-28 13:00:00,164.17192
2011-06-28 14:00:00,141.88889
2011-06-28 15:00:00,148.45093
2011-06-28 16:00:00,240.11835
2011-06-28 17:00:00,433.87268
2011-06-28 18:00:00,425.49185
2011-06-28 19:00:00,343.5793
2011-06-28 20:00:00,278.55313
2011-06-28 21:00:00,202.67575
2011-06-28 22:00:00,137.20242
2011-06-28 23:00:00,85.30704
2011-06-29 00:00:00,33.004147
2011-06-29 01:00:00,18.209219
2011-06-29 02:00:00,9.94218
2011-06-29 03:00:00,4.9075656
2011-06-29 04:00:00,6.4384165
2011-06-29 05:00:00,27.005106
2011-06-29 06:00:00,113.861534
2011-06-29 07:00:00,320.89606
2011-06-29 08:00:00,454.42322
2011-06-29 09:00:00,217.01167
2011-06-29 10:00:00,123.44699
2011-06-29 11:00:00,159.01465
2011-06-29 12:00:00,194.08928
2011-06-29 13:00:00,179.01907
2011-06-29 14:00:00,164.32976
2011-06-29 15:00:00,180.32764
2011-06-29 16:00:00,277.83173
2011-06-29 17:00:00,551.2407
2011-06-29 18:00:00,536.1184
2011-06-29 19:00:00,390.9087
2011-06-29 20:00:00,303.96326
2011-06-29 21:00:00,243.51375
2011-06-29 22:00:00,187.9275
2011-06-29 23:00:00,119.40906
2011-06-30 00:00:00,46.411766
2011-06-30 01:00:00,23.931564
2011-06-30 02:00:00,11.426173
2011-06-30 03:00:00,7.551024
2011-06-30 04:00:00,8.487419
2011-06-30 05:00:00,30.269072
2011-06-30 06:00:00,116.83531
2011-06-30 07:00:00,327.34692
2011-06-30 08:00:00,448.8883
2011-06-30 09:00:00,213.59445
2011-06-30 10:00:00,131.22823
2011-06-30 11:00:00,163.99377
2011-06-30 12:00:00,204.13182
2011-06-30 13:00:00,202.42532
2011-06-30 14:00:00,172.51051
2011-06-30 15:00:00,188.94054
2011-06-30 16:00:00,286.24432
2011-06-30 17:00:00,537.0199
2011-06-30 18:00:00,538.2677
2011-06-30 19:00:00,389.06366
2011-06-30 20:00:00,313.35632
2011-06-30 21:00:00,239.99892
2011-06-30 22:00:00,191.64832
2011-06-30 23:00:00,135.03825
2011-07-20 00:00:00,39.022495
2011-07-20 01:00:00,19.871405
2011-07-20 02:00:00,10.848544
2011-07-20 03:00:00,7.646895
2011-07-20 04:00:00,6.719486
2011-07-20 05:00:00,26.982286
2011-07-20 06:00:00,113.87901
2011-07-20 07:00:00,303.82187
2011-07-20 08:00:00,423.74573
2011-07-20 09:00:00,196.1108
2011-07-20 10:00:00,119.878746
2011-07-20 11:00:00,133.29677
2011-07-20 12:00:00,157.40501
2011-07-20 13:00:00,162.83841
2011-07-20 14:00:00,152.44063
2011-07-20 15:00:00,160.87952
2011-07-20 16:00:00,248.84781
2011-07-20 17:00:00,521.6649
2011-07-20 18:00:00,510.8784
2011-07-20 19:00:00,356.24585
2011-07-20 20:00:00,290.04852
2011-07-20 21:00:00,230.93864
2011-07-20 22:00:00,163.22247
2011-07-20 23:00:00,106.02823
2011-07-21 00:00:00,47.72236
2011-07-21 01:00:00,20.774708
2011-07-21 02:00:00,12.053161
2011-07-21 03:00:00,9.065203
2011-07-21 04:00:00,11.590392
2011-07-21 05:00:00,30.490622
2011-07-21 06:00:00,119.60135
2011-07-21 07:00:00,299.40347
2011-07-21 08:00:00,415.28867
2011-07-21 09:00:00,184.04582
2011-07-21 10:00:00,114.9966
2011-07-21 11:00:00,132.8954
2011-07-21 12:00:00,158.4339
2011-07-21 13:00:00,160.07245
2011-07-21 14:00:00,152.87003
2011-07-21 15:00:00,156.69527
2011-07-21 16:00:00,233.35867
2011-07-21 17:00:00,468.72046
2011-07-21 18:00:00,462.8215
2011-07-21 19:00:00,300.9948
2011-07-21 20:00:00,278.03876
2011-07-21 21:00:00,219.82008
2011-07-21 22:00:00,171.5011
2011-07-21 23:00:00,119.38709
2011-07-22 00:00:00,61.06384
2011-07-22 01:00:00,26.47694
2011-07-22 02:00:00,20.173052
2011-07-22 03:00:00,9.636932
2011-07-22 04:00:00,12.316722
2011-07-22 05:00:00,28.721542
2011-07-22 06:00:00,113.021935
2011-07-22 07:00:00,273.63806
2011-07-22 08:00:00,400.8281
2011-07-22 09:00:00,208.43103
2011-07-22 10:00:00,129.19019
2011-07-22 11:00:00,150.508
2011-07-22 12:00:00,166.41415
2011-07-22 13:00:00,168.92537
2011-07-22 14:00:00,153.7022
2011-07-22 15:00:00,175.14082
2011-07-22 16:00:00,232.77255
2011-07-22 17:00:00,455.31696
2011-07-22 18:00:00,437.7874
2011-07-22 19:00:00,299.6235
2011-07-22 20:00:00,258.8213
2011-07-22 21:00:00,219.15665
2011-07-22 22:00:00,176.57477
2011-07-22 23:00:00,144.60536
2011-07-23 00:00:00,111.846214
2011-07-23 01:00:00,93.37078
2011-07-23 02:00:00,69.02989
2011-07-23 03:00:00,37.521915
2011-07-23 04:00:00,18.136955
2011-07-23 05:00:00,21.115913
2011-07-23 06:00:00,39.332058
2011-07-23 07:00:00,69.07589
2011-07-23 08:00:00,126.69023
2011-07-23 09:00:00,195.99025
2011-07-23 10:00:00,266.85968
2011-07-23 11:00:00,301.71045
2011-07-23 12:00:00,308.3564
2011-07-23 13:00:00,298.97156
2011-07-23 14:00:00,293.33167
2011-07-23 15:00:00,277.2666
2011-07-23 16:00:00,286.57956
2011-07-23 17:00:00,311.30142
2011-07-23 18:00:00,317.08173
2011-07-23 19:00:00,292.05893
2011-07-23 20:00:00,279.78284
2011-07-23 21:00:00,238.69136
2011-07-23 22:00:00,205.09723
2011-07-23 23:00:00,162.34598
2011-07-24 00:00:00,121.29724
2011-07-24 01:00:00,96.595856
2011-07-24 02:00:00,79.89925
2011-07-24 03:00:00,41.137024
2011-07-24 04:00:00,19.947594
2011-07-24 05:00:00,21.4183
2011-07-24 06:00:00,30.88464
2011-07-24 07:00:00,61.824207
2011-07-24 08:00:00,109.76531
2011-07-24 09:00:00,181.61366
2011-07-24 10:00:00,269.85385
2011-07-24 11:00:00,347.47656
2011-07-24 12:00:00,325.88824
2011-07-24 13:00:00,353.85516
2011-07-24 14:00:00,339.08365
2011-07-24 15:00:00,318.747
2011-07-24 16:00:00,318.78894
2011-07-24 17:00:00,317.46606
2011-07-24 18:00:00,315.2359
2011-07-24 19:00:00,281.53653
2011-07-24 20:00:00,275.85217
2011-07-24 21:00:00,192.45032
2011-07-24 22:00:00,142.12749
2011-07-24 23:00:00,100.843185
2011-07-25 00:00:00,40.72392
2011-07-25 01:00:00,22.545029
2011-07-25 02:00:00,16.155499
2011-07-25 03:00:00,8.988963
2011-07-25 04:00:00,11.280498
2011-07-25 05:00:00,29.348736
2011-07-25 06:00:00,112.9382
2011-07-25 07:00:00,279.60016
2011-07-25 08:00:00,388.7508
2011-07-25 09:00:00,180.72037
2011-07-25 10:00:00,113.35718
2011-07-25 11:00:00,127.44141
2011-07-25 12:00:00,159.5106
2011-07-25 13:00:00,142.5998
2011-07-25 14:00:00,133.75215
2011-07-25 15:00:00,135.4549
2011-07-25 16:00:00,196.7248
2011-07-25 17:00:00,443.09583
2011-07-25 18:00:00,457.05493
2011-07-25 19:00:00,372.67584
2011-07-25 20:00:00,274.30887
2011-07-25 21:00:00,176.30379
2011-07-25 22:00:00,131.52402
2011-07-25 23:00:00,81.84463
2011-07-26 00:00:00,37.427937
2011-07-26 01:00:00,18.628893
2011-07-26 02:00:00,10.949582
2011-07-26 03:00:00,7.913523
2011-07-26 04:00:00,9.456387
2011-07-26 05:00:00,26.07202
2011-07-26 06:00:00,115.32535
2011-07-26 07:00:00,325.30847
2011-07-26 08:00:00,435.6081
2011-07-26 09:00:00,205.5853
2011-07-26 10:00:00,120.60147
2011-07-26 11:00:00,146.21399
2011-07-26 12:00:00,177.83792
2011-07-26 13:00:00,180.96063
2011-07-26 14:00:00,159.56578
2011-07-26 15:00:00,170.56529
2011-07-26 16:00:00,265.12097
2011-07-26 17:00:00,534.9832
2011-07-26 18:00:00,549.1645
2011-07-26 19:00:00,381.2246
2011-07-26 20:00:00,306.9232
2011-07-26 21:00:00,244.80327
2011-07-26 22:00:00,175.1776
2011-07-26 23:00:00,102.76121
2011-07-27 00:00:00,43.613445
2011-07-27 01:00:00,17.270655
2011-07-27 02:00:00,8.577135
2011-07-27 03:00:00,7.2745676
2011-07-27 04:00:00,8.054353
2011-07-27 05:00:00,29.379286
2011-07-27 06:00:00,116.769585
2011-07-27 07:00:00,322.0777
2011-07-27 08:00:00,441.60022
2011-07-27 09:00:00,211.51501
2011-07-27 10:00:00,118.67817
2011-07-27 11:00:00,146.85422
2011-07-27 12:00:00,185.66516
2011-07-27 13:00:00,181.82347
2011-07-27 14:00:00,167.98529
2011-07-27 15:00:00,176.20554
2011-07-27 16:00:00,272.82846
2011-07-27 17:00:00,556.3664
2011-07-27 18:00:00,559.2859
2011-07-27 19:00:00,387.68707
2011-07-27 20:00:00,311.43817
2011-07-27 21:00:00,237.78358
2011-07-27 22:00:00,179.91837
2011-07-27 23:00:00,113.59565
2011-07-28 00:00:00,49.632908
2011-07-28 01:00:00,22.321878
2011-07-28 02:00:00,12.719186
2011-07-28 03:00:00,5.8334947
2011-07-28 04:00:00,7.658585
2011-07-28 05:00:00,27.746342
2011-07-28 06:00:00,113.093666
2011-07-28 07:00:00,311.1237
2011-07-28 08:00:00,437.35504
2011-07-28 09:00:00,209.56479
2011-07-28 10:00:00,125.019485
2011-07-28 11:00:00,135.33836
2011-07-28 12:00:00,170.77081
2011-07-28 13:00:00,160.50278
2011-07-28 14:00:00,156.43993
2011-07-28 15:00:00,163.16466
2011-07-28 16:00:00,247.10156
2011-07-28 17:00:00,514.66016
2011-07-28 18:00:00,477.9402
2011-07-28 19:00:00,367.74405
2011-07-28 20:00:00,287.93927
2011-07-28 21:00:00,215.9342
2011-07-28 22:00:00,145.05408
2011-07-28 23:00:00,124.79535
2011-07-29 00:00:00,62.954643
2011-07-29 01:00:00,30.237724
2011-07-29 02:00:00,20.0427
2011-07-29 03:00:00,9.755612
2011-07-29 04:00:00,12.114518
2011-07-29 05:00:00,28.668783
2011-07-29 06:00:00,111.363045
2011-07-29 07:00:00,268.748
2011-07-29 08:00:00,395.10287
2011-07-29 09:00:00,218.17172
2011-07-29 10:00:00,130.22353
2011-07-29 11:00:00,157.46252
2011-07-29 12:00:00,150.0063
2011-07-29 13:00:00,160.03694
2011-07-29 14:00:00,142.26999
2011-07-29 15:00:00,157.02771
2011-07-29 16:00:00,235.09055
2011-07-29 17:00:00,440.26736
2011-07-29 18:00:00,411.52597
2011-07-29 19:00:00,289.46277
2011-07-29 20:00:00,254.73785
2011-07-29 21:00:00,237.04707
2011-07-29 22:00:00,207.58826
2011-07-29 23:00:00,153.80676
2011-07-30 00:00:00,121.72476
2011-07-30 01:00:00,93.98904
2011-07-30 02:00:00,73.74756
2011-07-30 03:00:00,37.419178
2011-07-30 04:00:00,16.801008
2011-07-30 05:00:00,17.686708
2011-07-30 06:00:00,34.660618
2011-07-30 07:00:00,67.96392
2011-07-30 08:00:00,131.42859
2011-07-30 09:00:00,211.0733
2011-07-30 10:00:00,297.24677
2011-07-30 11:00:00,365.38126
2011-07-30 12:00:00,397.17712
2011-07-30 13:00:00,343.29715
2011-07-30 14:00:00,322.59708
2011-07-30 15:00:00,335.27783
2011-07-30 16:00:00,346.05914
2011-07-30 17:00:00,361.37018
2011-07-30 18:00:00,363.06744
2011-07-30 19:00:00,372.8121
2011-07-30 20:00:00,292.35837
2011-07-30 21:00:00,259.67465
2011-07-30 22:00:00,212.6181
2011-07-30 23:00:00,174.43648
2011-07-31 00:00:00,120.99835
2011-07-31 01:00:00,98.03887
2011-07-31 02:00:00,76.79749
2011-07-31 03:00:00,33.39716
2011-07-31 04:00:00,14.199686
2011-07-31 05:00:00,14.684106
2011-07-31 06:00:00,23.764603
2011-07-31 07:00:00,61.79249
2011-07-31 08:00:00,110.19675
2011-07-31 09:00:00,181.45172
2011-07-31 10:00:00,286.06604
2011-07-31 11:00:00,312.31647
2011-07-31 12:00:00,333.169
2011-07-31 13:00:00,337.7082
2011-07-31 14:00:00,332.5995
2011-07-31 15:00:00,320.64664
2011-07-31 16:00:00,318.05164
2011-07-31 17:00:00,321.0332
2011-07-31 18:00:00,344.05106
2011-07-31 19:00:00,317.5637
2011-07-31 20:00:00,272.97287
2011-07-31 21:00:00,205.62839
2011-07-31 22:00:00,131.83313
2011-07-31 23:00:00,103.53385
2011-08-20 00:00:00,103.82167
2011-08-20 01:00:00,83.0704
2011-08-20 02:00:00,61.222866
2011-08-20 03:00:00,27.09918
2011-08-20 04:00:00,9.630875
2011-08-20 05:00:00,10.245822
2011-08-20 06:00:00,18.61048
2011-08-20 07:00:00,42.355865
2011-08-20 08:00:00,116.65069
2011-08-20 09:00:00,203.62589
2011-08-20 10:00:00,291.45624
2011-08-20 11:00:00,358.0894
2011-08-20 12:00:00,396.00974
2011-08-20 13:00:00,394.21494
2011-08-20 14:00:00,388.7133
2011-08-20 15:00:00,390.7476
2011-08-20 16:00:00,388.58112
2011-08-20 17:00:00,404.51007
2011-08-20 18:00:00,344.22586
2011-08-20 19:00:00,326.82208
2011-08-20 20:00:00,273.6449
2011-08-20 21:00:00,207.05045
2011-08-20 22:00:00,147.59993
2011-08-20 23:00:00,131.79373
2011-08-21 00:00:00,115.156044
2011-08-21 01:00:00,90.041336
2011-08-21 02:00:00,76.14175
2011-08-21 03:00:00,30.999859
2011-08-21 04:00:00,9.917645
2011-08-21 05:00:00,9.011854
2011-08-21 06:00:00,13.552192
2011-08-21 07:00:00,36.14855
2011-08-21 08:00:00,78.887924
2011-08-21 09:00:00,163.08635
2011-08-21 10:00:00,247.09422
2011-08-21 11:00:00,337.22314
2011-08-21 12:00:00,376.122
2011-08-21 13:00:00,385.47498
2011-08-21 14:00:00,257.0391
2011-08-21 15:00:00,275.51996
2011-08-21 16:00:00,284.73456
2011-08-21 17:00:00,237.13968
2011-08-21 18:00:00,210.21922
2011-08-21 19:00:00,276.92703
2011-08-21 20:00:00,188.9578
2011-08-21 21:00:00,148.54922
2011-08-21 22:00:00,109.27515
2011-08-21 23:00:00,84.675514
2011-08-22 00:00:00,33.54229
2011-08-22 01:00:00,14.372436
2011-08-22 02:00:00,9.277389
2011-08-22 03:00:00,7.1058946
2011-08-22 04:00:00,6.0690174
2011-08-22 05:00:00,25.605534
2011-08-22 06:00:00,106.71556
2011-08-22 07:00:00,295.22098
2011-08-22 08:00:00,400.9592
2011-08-22 09:00:00,195.26707
2011-08-22 10:00:00,122.5206
2011-08-22 11:00:00,146.03522
2011-08-22 12:00:00,188.20267
2011-08-22 13:00:00,180.41566
2011-08-22 14:00:00,171.79626
2011-08-22 15:00:00,178.01917
2011-08-22 16:00:00,291.6055
2011-08-22 17:00:00,558.8967
2011-08-22 18:00:00,552.92413
2011-08-22 19:00:00,385.6076
2011-08-22 20:00:00,294.69415
2011-08-22 21:00:00,215.41914
2011-08-22 22:00:00,143.41405
2011-08-22 23:00:00,86.530426
2011-08-23 00:00:00,29.329388
2011-08-23 01:00:00,13.99549
2011-08-23 02:00:00,7.675466
2011-08-23 03:00:00,4.3175516
2011-08-23 04:00:00,6.4851537
2011-08-23 05:00:00,27.101572
2011-08-23 06:00:00,112.86623
2011-08-23 07:00:00,323.4207
2011-08-23 08:00:00,432.05283
2011-08-23 09:00:00,206.038
2011-08-23 10:00:00,122.247055
2011-08-23 11:00:00,153.14656
2011-08-23 12:00:00,192.37663
2011-08-23 13:00:00,199.15215
2011-08-23 14:00:00,176.44939
2011-08-23 15:00:00,188.12364
2011-08-23 16:00:00,299.64728
2011-08-23 17:00:00,587.31995
2011-08-23 18:00:00,575.45874
2011-08-23 19:00:00,379.052
2011-08-23 20:00:00,288.93353
2011-08-23 21:00:00,206.55807
2011-08-23 22:00:00,156.16264
2011-08-23 23:00:00,93.06727
2011-08-24 00:00:00,38.495705
2011-08-24 01:00:00,15.880432
2011-08-24 02:00:00,8.836087
2011-08-24 03:00:00,5.449991
2011-08-24 04:00:00,7.0522003
2011-08-24 05:00:00,27.021494
2011-08-24 06:00:00,110.974106
2011-08-24 07:00:00,322.60883
2011-08-24 08:00:00,436.47565
2011-08-24 09:00:00,210.27379
2011-08-24 10:00:00,125.04319
2011-08-24 11:00:00,150.4616
2011-08-24 12:00:00,177.00499
2011-08-24 13:00:00,182.07523
2011-08-24 14:00:00,169.08495
2011-08-24 15:00:00,173.07193
2011-08-24 16:00:00,264.89432
2011-08-24 17:00:00,519.6393
2011-08-24 18:00:00,500.7932
2011-08-24 19:00:00,357.07758
2011-08-24 20:00:00,273.2634
2011-08-24 21:00:00,210.62167
2011-08-24 22:00:00,145.32207
2011-08-24 23:00:00,85.59587
2011-08-25 00:00:00,42.751812
2011-08-25 01:00:00,19.144926
2011-08-25 02:00:00,8.839307
2011-08-25 03:00:00,5.9649034
2011-08-25 04:00:00,8.102858
2011-08-25 05:00:00,24.559303
2011-08-25 06:00:00,107.55826
2011-08-25 07:00:00,278.9486
2011-08-25 08:00:00,402.33252
2011-08-25 09:00:00,207.62358
2011-08-25 10:00:00,120.99235
2011-08-25 11:00:00,97.909676
2011-08-25 12:00:00,104.10349
2011-08-25 13:00:00,127.095215
2011-08-25 14:00:00,125.76653
2011-08-25 15:00:00,141.47183
2011-08-25 16:00:00,179.93298
2011-08-25 17:00:00,288.4349
2011-08-25 18:00:00,244.46826
2011-08-25 19:00:00,254.6935
2011-08-25 20:00:00,207.84622
2011-08-25 21:00:00,179.55496
2011-08-25 22:00:00,108.935814
2011-08-25 23:00:00,83.921684
2011-08-26 00:00:00,49.396057
2011-08-26 01:00:00,21.9633
2011-08-26 02:00:00,11.8173895
2011-08-26 03:00:00,6.341749
2011-08-26 04:00:00,5.9175787
2011-08-26 05:00:00,20.47133
2011-08-26 06:00:00,94.55744
2011-08-26 07:00:00,255.24715
2011-08-26 08:00:00,382.3271
2011-08-26 09:00:00,214.55984
2011-08-26 10:00:00,149.69965
2011-08-26 11:00:00,167.50098
2011-08-26 12:00:00,209.71661
2011-08-26 13:00:00,219.4134
2011-08-26 14:00:00,186.6894
2011-08-26 15:00:00,217.3467
2011-08-26 16:00:00,296.21936
2011-08-26 17:00:00,335.22543
2011-08-26 18:00:00,310.48843
2011-08-26 19:00:00,249.88167
2011-08-26 20:00:00,203.52441
2011-08-26 21:00:00,172.12782
2011-08-26 22:00:00,146.0506
2011-08-26 23:00:00,119.49629
2011-08-27 00:00:00,111.34663
2011-08-27 01:00:00,84.804146
2011-08-27 02:00:00,63.424606
2011-08-27 03:00:00,30.578194
2011-08-27 04:00:00,12.233489
2011-08-27 05:00:00,10.767595
2011-08-27 06:00:00,20.320444
2011-08-27 07:00:00,45.453392
2011-08-27 08:00:00,98.72153
2011-08-27 09:00:00,152.03096
2011-08-27 10:00:00,229.47491
2011-08-27 11:00:00,179.67311
2011-08-27 12:00:00,199.18654
2011-08-27 13:00:00,210.93085
2011-08-27 14:00:00,172.06033
2011-08-27 15:00:00,176.70625
2011-08-27 16:00:00,166.50194
2011-08-27 17:00:00,94.34422
2011-08-28 07:00:00,31.602016
2011-08-28 08:00:00,58.832565
2011-08-28 09:00:00,161.59961
2011-08-28 10:00:00,267.4049
2011-08-28 11:00:00,351.9089
2011-08-28 12:00:00,396.9958
2011-08-28 13:00:00,430.34137
2011-08-28 14:00:00,378.04614
2011-08-28 15:00:00,379.77402
2011-08-28 16:00:00,376.9507
2011-08-28 17:00:00,413.60028
2011-08-28 18:00:00,377.1972
2011-08-28 19:00:00,317.8385
2011-08-28 20:00:00,248.45769
2011-08-28 21:00:00,191.98729
2011-08-28 22:00:00,130.08176
2011-08-28 23:00:00,81.740326
2011-08-29 00:00:00,34.30765
2011-08-29 01:00:00,13.112367
2011-08-29 02:00:00,8.048599
2011-08-29 03:00:00,5.0941753
2011-08-29 04:00:00,6.0478373
2011-08-29 05:00:00,26.572704
2011-08-29 06:00:00,110.33225
2011-08-29 07:00:00,306.56912
2011-08-29 08:00:00,411.21884
2011-08-29 09:00:00,198.3533
2011-08-29 10:00:00,124.791374
2011-08-29 11:00:00,148.69908
2011-08-29 12:00:00,190.71025
2011-08-29 13:00:00,190.44302
2011-08-29 14:00:00,170.20029
2011-08-29 15:00:00,187.59889
2011-08-29 16:00:00,294.0729
2011-08-29 17:00:00,533.3819
2011-08-29 18:00:00,538.9921
2011-08-29 19:00:00,381.2403
2011-08-29 20:00:00,287.76672
2011-08-29 21:00:00,217.54924
2011-08-29 22:00:00,146.79005
2011-08-29 23:00:00,84.62981
2011-08-30 00:00:00,32.847046
2011-08-30 01:00:00,13.714878
2011-08-30 02:00:00,8.690312
2011-08-30 03:00:00,5.797175
2011-08-30 04:00:00,7.560638
2011-08-30 05:00:00,26.79099
2011-08-30 06:00:00,114.39556
2011-08-30 07:00:00,322.78818
2011-08-30 08:00:00,440.551
2011-08-30 09:00:00,205.24602
2011-08-30 10:00:00,126.53409
2011-08-30 11:00:00,153.77856
2011-08-30 12:00:00,190.27863
2011-08-30 13:00:00,194.47229
2011-08-30 14:00:00,174.8541
2011-08-30 15:00:00,186.17491
2011-08-30 16:00:00,293.4913
2011-08-30 17:00:00,558.8928
2011-08-30 18:00:00,545.632
2011-08-30 19:00:00,370.85486
2011-08-30 20:00:00,282.13702
2011-08-30 21:00:00,199.52563
2011-08-30 22:00:00,144.37357
2011-08-30 23:00:00,90.4972
2011-08-31 00:00:00,30.9437
2011-08-31 01:00:00,12.526702
2011-08-31 02:00:00,7.2706566
2011-08-31 03:00:00,4.987485
2011-08-31 04:00:00,5.97298
2011-08-31 05:00:00,24.950674
2011-08-31 06:00:00,109.370636
2011-08-31 07:00:00,306.19366
2011-08-31 08:00:00,415.35605
2011-08-31 09:00:00,201.73793
2011-08-31 10:00:00,123.17512
2011-08-31 11:00:00,149.83582
2011-08-31 12:00:00,184.35326
2011-08-31 13:00:00,191.77371
2011-08-31 14:00:00,170.34824
2011-08-31 15:00:00,183.0903
2011-08-31 16:00:00,281.4175
2011-08-31 17:00:00,533.8278
2011-08-31 18:00:00,523.50244
2011-08-31 19:00:00,361.09332
2011-08-31 20:00:00,279.87943
2011-08-31 21:00:00,207.94218
2011-08-31 22:00:00,133.0295
2011-08-31 23:00:00,83.082535
2011-09-20 00:00:00,29.596981
2011-09-20 01:00:00,10.247938
2011-09-20 02:00:00,5.910677
2011-09-20 03:00:00,4.685968
2011-09-20 04:00:00,6.390719
2011-09-20 05:00:00,22.572393
2011-09-20 06:00:00,104.38496
2011-09-20 07:00:00,287.95804
2011-09-20 08:00:00,203.53174
2011-09-20 09:00:00,122.18849
2011-09-20 10:00:00,92.5104
2011-09-20 11:00:00,83.42067
2011-09-20 12:00:00,95.08066
2011-09-20 13:00:00,89.988045
2011-09-20 14:00:00,109.64549
2011-09-20 15:00:00,137.44292
2011-09-20 16:00:00,193.15695
2011-09-20 17:00:00,330.54327
2011-09-20 18:00:00,318.64526
2011-09-20 19:00:00,241.49478
2011-09-20 20:00:00,168.3697
2011-09-20 21:00:00,131.44255
2011-09-20 22:00:00,101.88868
2011-09-20 23:00:00,64.48046
2011-09-21 00:00:00,21.598602
2011-09-21 01:00:00,10.592963
2011-09-21 02:00:00,5.8367844
2011-09-21 03:00:00,3.737816
2011-09-21 04:00:00,4.987507
2011-09-21 05:00:00,17.334497
2011-09-21 06:00:00,95.951904
2011-09-21 07:00:00,241.49474
2011-09-21 08:00:00,348.43192
2011-09-21 09:00:00,155.85611
2011-09-21 10:00:00,103.930016
2011-09-21 11:00:00,107.78691
2011-09-21 12:00:00,131.67894
2011-09-21 13:00:00,147.71864
2011-09-21 14:00:00,139.48416
2011-09-21 15:00:00,141.66693
2011-09-21 16:00:00,220.3822
2011-09-21 17:00:00,392.22763
2011-09-21 18:00:00,276.00748
2011-09-21 19:00:00,154.47507
2011-09-21 20:00:00,105.97802
2011-09-21 21:00:00,103.60853
2011-09-21 22:00:00,81.37891
2011-09-21 23:00:00,68.8928
2011-09-22 00:00:00,31.628685
2011-09-22 01:00:00,12.118301
2011-09-22 02:00:00,7.9308233
2011-09-22 03:00:00,5.299284
2011-09-22 04:00:00,6.34974
2011-09-22 05:00:00,21.28353
2011-09-22 06:00:00,96.53601
2011-09-22 07:00:00,249.47595
2011-09-22 08:00:00,333.65363
2011-09-22 09:00:00,168.5106
2011-09-22 10:00:00,108.34763
2011-09-22 11:00:00,112.99827
2011-09-22 12:00:00,124.00308
2011-09-22 13:00:00,122.574
2011-09-22 14:00:00,119.07359
2011-09-22 15:00:00,139.02902
2011-09-22 16:00:00,232.72305
2011-09-22 17:00:00,352.76477
2011-09-22 18:00:00,240.41951
2011-09-22 19:00:00,183.04591
2011-09-22 20:00:00,122.80693
2011-09-22 21:00:00,115.642
2011-09-22 22:00:00,82.06358
2011-09-22 23:00:00,63.991478
2011-09-23 00:00:00,34.758564
2011-09-23 01:00:00,13.787598
2011-09-23 02:00:00,9.333886
2011-09-23 03:00:00,5.0548916
2011-09-23 04:00:00,6.7159667
2011-09-23 05:00:00,16.968382
2011-09-23 06:00:00,87.23713
2011-09-23 07:00:00,134.54572
2011-09-23 08:00:00,247.949
2011-09-23 09:00:00,130.51086
2011-09-23 10:00:00,93.90023
2011-09-23 11:00:00,92.9828
2011-09-23 12:00:00,112.33733
2011-09-23 13:00:00,104.662254
2011-09-23 14:00:00,108.78163
2011-09-23 15:00:00,133.74591
2011-09-23 16:00:00,152.29214
2011-09-23 17:00:00,186.22157
2011-09-23 18:00:00,158.04332
2011-09-23 19:00:00,172.80028
2011-09-23 20:00:00,134.5277
2011-09-23 21:00:00,105.82314
2011-09-23 22:00:00,106.57539
2011-09-23 23:00:00,80.36699
2011-09-24 00:00:00,96.96252
2011-09-24 01:00:00,72.44577
2011-09-24 02:00:00,55.153114
2011-09-24 03:00:00,27.674824
2011-09-24 04:00:00,9.714177
2011-09-24 05:00:00,10.195673
2011-09-24 06:00:00,16.190674
2011-09-24 07:00:00,47.25899
2011-09-24 08:00:00,59.685654
2011-09-24 09:00:00,167.55826
2011-09-24 10:00:00,237.67102
2011-09-24 11:00:00,283.854
2011-09-24 12:00:00,315.84552
2011-09-24 13:00:00,327.85925
2011-09-24 14:00:00,328.54993
2011-09-24 15:00:00,338.4734
2011-09-24 16:00:00,312.85657
2011-09-24 17:00:00,319.2959
2011-09-24 18:00:00,266.54968
2011-09-24 19:00:00,193.14685
2011-09-24 20:00:00,161.01808
2011-09-24 21:00:00,143.84706
2011-09-24 22:00:00,110.53166
2011-09-24 23:00:00,102.62682
2011-09-25 00:00:00,96.64495
2011-09-25 01:00:00,82.79508
2011-09-25 02:00:00,57.954994
2011-09-25 03:00:00,30.822357
2011-09-25 04:00:00,16.319153
2011-09-25 05:00:00,15.5851345
2011-09-25 06:00:00,18.252123
2011-09-25 07:00:00,29.268503
2011-09-25 08:00:00,84.820015
2011-09-25 09:00:00,152.74397
2011-09-25 10:00:00,232.70306
2011-09-25 11:00:00,306.12595
2011-09-25 12:00:00,321.874
2011-09-25 13:00:00,328.4534
2011-09-25 14:00:00,277.28192
2011-09-25 15:00:00,282.48834
2011-09-25 16:00:00,360.12247
2011-09-25 17:00:00,299.3161
2011-09-25 18:00:00,275.57104
2011-09-25 19:00:00,196.79521
2011-09-25 20:00:00,154.88547
2011-09-25 21:00:00,112.087425
2011-09-25 22:00:00,101.43671
2011-09-25 23:00:00,69.34656
2011-09-26 00:00:00,21.731619
2011-09-26 01:00:00,11.265103
2011-09-26 02:00:00,7.019617
2011-09-26 03:00:00,3.929415
2011-09-26 04:00:00,5.6605463
2011-09-26 05:00:00,21.224552
2011-09-26 06:00:00,92.10122
2011-09-26 07:00:00,224.56958
2011-09-26 08:00:00,322.50455
2011-09-26 09:00:00,179.25175
2011-09-26 10:00:00,104.388916
2011-09-26 11:00:00,128.89967
2011-09-26 12:00:00,148.43404
2011-09-26 13:00:00,160.31787
2011-09-26 14:00:00,170.55411
2011-09-26 15:00:00,193.49615
2011-09-26 16:00:00,293.3312
2011-09-26 17:00:00,499.92697
2011-09-26 18:00:00,310.91113
2011-09-26 19:00:00,276.33783
2011-09-26 20:00:00,177.09978
2011-09-26 21:00:00,134.62811
2011-09-26 22:00:00,89.72793
2011-09-26 23:00:00,54.95107
2011-09-27 00:00:00,25.970722
2011-09-27 01:00:00,11.439097
2011-09-27 02:00:00,6.4520597
2011-09-27 03:00:00,3.956085
2011-09-27 04:00:00,12.878471
2011-09-27 05:00:00,29.655289
2011-09-27 06:00:00,97.18082
2011-09-27 07:00:00,246.33327
2011-09-27 08:00:00,371.7685
2011-09-27 09:00:00,154.5791
2011-09-27 10:00:00,97.78824
2011-09-27 11:00:00,104.4913
2011-09-27 12:00:00,122.49074
2011-09-27 13:00:00,153.25073
2011-09-27 14:00:00,133.41803
2011-09-27 15:00:00,127.96153
2011-09-27 16:00:00,188.90082
2011-09-27 17:00:00,252.66779
2011-09-27 18:00:00,243.46117
2011-09-27 19:00:00,213.79846
2011-09-27 20:00:00,218.40189
2011-09-27 21:00:00,150.59431
2011-09-27 22:00:00,114.40854
2011-09-27 23:00:00,70.02379
2011-09-28 00:00:00,27.551458
2011-09-28 01:00:00,10.959707
2011-09-28 02:00:00,7.183028
2011-09-28 03:00:00,4.1879992
2011-09-28 04:00:00,5.940438
2011-09-28 05:00:00,20.072083
2011-09-28 06:00:00,76.36942
2011-09-28 07:00:00,127.35187
2011-09-28 08:00:00,249.75098
2011-09-28 09:00:00,144.54181
2011-09-28 10:00:00,81.8525
2011-09-28 11:00:00,108.54187
2011-09-28 12:00:00,132.70166
2011-09-28 13:00:00,160.97688
2011-09-28 14:00:00,171.8616
2011-09-28 15:00:00,182.45601
2011-09-28 16:00:00,270.9679
2011-09-28 17:00:00,461.1729
2011-09-28 18:00:00,288.97427
2011-09-28 19:00:00,245.94473
2011-09-28 20:00:00,143.45662
2011-09-28 21:00:00,115.817635
2011-09-28 22:00:00,110.67104
2011-09-28 23:00:00,64.91603
2011-09-29 00:00:00,31.737268
2011-09-29 01:00:00,12.46553
2011-09-29 02:00:00,8.386283
2011-09-29 03:00:00,6.783989
2011-09-29 04:00:00,7.4948373
2011-09-29 05:00:00,24.035137
2011-09-29 06:00:00,104.9649
2011-09-29 07:00:00,290.71628
2011-09-29 08:00:00,418.01202
2011-09-29 09:00:00,221.52196
2011-09-29 10:00:00,136.7175
2011-09-29 11:00:00,168.05945
2011-09-29 12:00:00,200.1893
2011-09-29 13:00:00,201.5973
2011-09-29 14:00:00,181.81111
2011-09-29 15:00:00,198.90332
2011-09-29 16:00:00,293.13925
2011-09-29 17:00:00,512.522
2011-09-29 18:00:00,510.69217
2011-09-29 19:00:00,342.1813
2011-09-29 20:00:00,270.09714
2011-09-29 21:00:00,195.29185
2011-09-29 22:00:00,136.01448
2011-09-29 23:00:00,92.31406
2011-09-30 00:00:00,46.769154
2011-09-30 01:00:00,25.801764
2011-09-30 02:00:00,12.779645
2011-09-30 03:00:00,6.983873
2011-09-30 04:00:00,7.109811
2011-09-30 05:00:00,25.01942
2011-09-30 06:00:00,102.252045
2011-09-30 07:00:00,260.33926
2011-09-30 08:00:00,406.48898
2011-09-30 09:00:00,233.82405
2011-09-30 10:00:00,157.46411
2011-09-30 11:00:00,196.21042
2011-09-30 12:00:00,240.42598
2011-09-30 13:00:00,234.67352
2011-09-30 14:00:00,214.83202
2011-09-30 15:00:00,235.67839
2011-09-30 16:00:00,331.99295
2011-09-30 17:00:00,487.02408
2011-09-30 18:00:00,432.21384
2011-09-30 19:00:00,280.75708
2011-09-30 20:00:00,210.20505
2011-09-30 21:00:00,170.4985
2011-09-30 22:00:00,135.75536
2011-09-30 23:00:00,109.90535
2011-10-20 00:00:00,30.830227
2011-10-20 01:00:00,16.51296
2011-10-20 02:00:00,9.498079
2011-10-20 03:00:00,6.4811583
2011-10-20 04:00:00,7.2300014
2011-10-20 05:00:00,29.679863
2011-10-20 06:00:00,101.102844
2011-10-20 07:00:00,293.62994
2011-10-20 08:00:00,451.80426
2011-10-20 09:00:00,215.8073
2011-10-20 10:00:00,124.55956
2011-10-20 11:00:00,151.5732
2011-10-20 12:00:00,181.02412
2011-10-20 13:00:00,173.56258
2011-10-20 14:00:00,148.99658
2011-10-20 15:00:00,152.15775
2011-10-20 16:00:00,229.81877
2011-10-20 17:00:00,433.8686
2011-10-20 18:00:00,390.87546
2011-10-20 19:00:00,275.74298
2011-10-20 20:00:00,207.104
2011-10-20 21:00:00,156.27628
2011-10-20 22:00:00,119.6586
2011-10-20 23:00:00,86.29598
2011-10-21 00:00:00,45.22173
2011-10-21 01:00:00,23.744614
2011-10-21 02:00:00,12.63018
2011-10-21 03:00:00,6.4000506
2011-10-21 04:00:00,6.2721543
2011-10-21 05:00:00,22.274015
2011-10-21 06:00:00,93.21855
2011-10-21 07:00:00,257.38583
2011-10-21 08:00:00,441.1137
2011-10-21 09:00:00,229.70119
2011-10-21 10:00:00,145.15977
2011-10-21 11:00:00,182.03934
2011-10-21 12:00:00,219.27328
2011-10-21 13:00:00,204.64214
2011-10-21 14:00:00,211.67918
2011-10-21 15:00:00,228.9964
2011-10-21 16:00:00,314.11023
2011-10-21 17:00:00,423.12488
2011-10-21 18:00:00,360.97867
2011-10-21 19:00:00,228.8247
2011-10-21 20:00:00,185.29596
2011-10-21 21:00:00,149.0021
2011-10-21 22:00:00,129.86476
2011-10-21 23:00:00,95.215034
2011-10-22 00:00:00,86.13283
2011-10-22 01:00:00,66.951645
2011-10-22 02:00:00,51.60579
2011-10-22 03:00:00,26.870745
2011-10-22 04:00:00,9.655796
2011-10-22 05:00:00,8.17093
2011-10-22 06:00:00,16.553446
2011-10-22 07:00:00,47.07835
2011-10-22 08:00:00,104.603035
2011-10-22 09:00:00,176.26347
2011-10-22 10:00:00,235.99216
2011-10-22 11:00:00,283.10162
2011-10-22 12:00:00,350.81934
2011-10-22 13:00:00,375.23312
2011-10-22 14:00:00,323.67963
2011-10-22 15:00:00,347.622
2011-10-22 16:00:00,385.28198
2011-10-22 17:00:00,308.77795
2011-10-22 18:00:00,247.53546
2011-10-22 19:00:00,195.0364
2011-10-22 20:00:00,149.05032
2011-10-22 21:00:00,121.10623
2011-10-22 22:00:00,108.026596
2011-10-22 23:00:00,82.50393
2011-10-23 00:00:00,83.6884
2011-10-23 01:00:00,69.58876
2011-10-23 02:00:00,54.54149
2011-10-23 03:00:00,25.942133
2011-10-23 04:00:00,7.7215714
2011-10-23 05:00:00,6.391174
2011-10-23 06:00:00,10.957386
2011-10-23 07:00:00,38.018238
2011-10-23 08:00:00,74.06911
2011-10-23 09:00:00,140.70766
2011-10-23 10:00:00,240.62065
2011-10-23 11:00:00,279.4599
2011-10-23 12:00:00,372.41876
2011-10-23 13:00:00,379.91882
2011-10-23 14:00:00,362.742
2011-10-23 15:00:00,357.1658
2011-10-23 16:00:00,360.30655
2011-10-23 17:00:00,333.409
2011-10-23 18:00:00,281.0769
2011-10-23 19:00:00,168.03429
2011-10-23 20:00:00,137.4446
2011-10-23 21:00:00,109.913124
2011-10-23 22:00:00,88.61886
2011-10-23 23:00:00,62.541477
2011-10-24 00:00:00,27.664143
2011-10-24 01:00:00,12.558061
2011-10-24 02:00:00,6.355017
2011-10-24 03:00:00,6.2008386
2011-10-24 04:00:00,6.8583775
2011-10-24 05:00:00,23.3944
2011-10-24 06:00:00,99.590645
2011-10-24 07:00:00,230.77176
2011-10-24 08:00:00,396.14996
2011-10-24 09:00:00,207.91566
2011-10-24 10:00:00,112.494965
2011-10-24 11:00:00,135.61156
2011-10-24 12:00:00,178.26735
2011-10-24 13:00:00,181.17229
2011-10-24 14:00:00,163.46422
2011-10-24 15:00:00,194.80547
2011-10-24 16:00:00,280.8396
2011-10-24 17:00:00,554.0965
2011-10-24 18:00:00,525.5509
2011-10-24 19:00:00,204.30031
2011-10-24 20:00:00,205.03955
2011-10-24 21:00:00,139.3387
2011-10-24 22:00:00,113.82867
2011-10-24 23:00:00,67.74565
2011-10-25 00:00:00,31.985743
2011-10-25 01:00:00,14.034684
2011-10-25 02:00:00,7.7620835
2011-10-25 03:00:00,4.8026867
2011-10-25 04:00:00,5.9683514
2011-10-25 05:00:00,24.65331
2011-10-25 06:00:00,104.85752
2011-10-25 07:00:00,296.05942
2011-10-25 08:00:00,441.69504
2011-10-25 09:00:00,220.98381
2011-10-25 10:00:00,126.04607
2011-10-25 11:00:00,151.31859
2011-10-25 12:00:00,188.0659
2011-10-25 13:00:00,195.34138
2011-10-25 14:00:00,176.85963
2011-10-25 15:00:00,194.72649
2011-10-25 16:00:00,298.9984
2011-10-25 17:00:00,573.3145
2011-10-25 18:00:00,532.908
2011-10-25 19:00:00,299.2084
2011-10-25 20:00:00,215.17908
2011-10-25 21:00:00,165.3793
2011-10-25 22:00:00,121.28016
2011-10-25 23:00:00,78.12162
2011-10-26 00:00:00,34.342594
2011-10-26 01:00:00,12.673151
2011-10-26 02:00:00,7.946145
2011-10-26 03:00:00,4.922111
2011-10-26 04:00:00,6.573669
2011-10-26 05:00:00,27.645285
2011-10-26 06:00:00,107.420265
2011-10-26 07:00:00,306.71124
2011-10-26 08:00:00,437.64407
2011-10-26 09:00:00,222.27647
2011-10-26 10:00:00,125.78504
2011-10-26 11:00:00,154.23212
2011-10-26 12:00:00,177.27226
2011-10-26 13:00:00,152.33527
2011-10-26 14:00:00,134.03021
2011-10-26 15:00:00,146.3488
2011-10-26 16:00:00,233.18105
2011-10-26 17:00:00,398.48148
2011-10-26 18:00:00,421.45035
2011-10-26 19:00:00,243.71039
2011-10-26 20:00:00,165.25125
2011-10-26 21:00:00,154.1271
2011-10-26 22:00:00,103.001205
2011-10-26 23:00:00,65.65411
2011-10-27 00:00:00,30.481482
2011-10-27 01:00:00,12.513287
2011-10-27 02:00:00,6.1232967
2011-10-27 03:00:00,4.487322
2011-10-27 04:00:00,4.9570117
2011-10-27 05:00:00,20.242058
2011-10-27 06:00:00,66.64078
2011-10-27 07:00:00,258.10718
2011-10-27 08:00:00,261.7688
2011-10-27 09:00:00,236.90909
2011-10-27 10:00:00,104.90942
2011-10-27 11:00:00,110.30578
2011-10-27 12:00:00,117.05971
2011-10-27 13:00:00,140.14748
2011-10-27 14:00:00,122.42865
2011-10-27 15:00:00,142.07082
2011-10-27 16:00:00,251.91353
2011-10-27 17:00:00,383.21323
2011-10-27 18:00:00,353.94467
2011-10-27 19:00:00,223.59367
2011-10-27 20:00:00,180.12012
2011-10-27 21:00:00,133.442
2011-10-27 22:00:00,86.21814
2011-10-27 23:00:00,63.596043
2011-10-28 00:00:00,38.50213
2011-10-28 01:00:00,17.48676
2011-10-28 02:00:00,9.637563
2011-10-28 03:00:00,4.6112156
2011-10-28 04:00:00,5.734144
2011-10-28 05:00:00,21.040062
2011-10-28 06:00:00,85.56862
2011-10-28 07:00:00,227.73645
2011-10-28 08:00:00,401.05402
2011-10-28 09:00:00,220.98393
2011-10-28 10:00:00,129.39157
2011-10-28 11:00:00,151.61844
2011-10-28 12:00:00,177.61093
2011-10-28 13:00:00,177.49802
2011-10-28 14:00:00,159.32918
2011-10-28 15:00:00,173.52696
2011-10-28 16:00:00,234.74274
2011-10-28 17:00:00,380.61066
2011-10-28 18:00:00,339.457
2011-10-28 19:00:00,223.701
2011-10-28 20:00:00,115.30596
2011-10-28 21:00:00,79.66858
2011-10-28 22:00:00,52.48876
2011-10-28 23:00:00,38.781605
2011-10-29 00:00:00,52.136906
2011-10-29 01:00:00,42.332386
2011-10-29 02:00:00,30.65747
2011-10-29 03:00:00,10.945114
2011-10-29 04:00:00,4.4142084
2011-10-29 05:00:00,7.03012
2011-10-29 06:00:00,10.335166
2011-10-29 07:00:00,25.6319
2011-10-29 08:00:00,52.91327
2011-10-29 09:00:00,78.28267
2011-10-29 10:00:00,111.67867
2011-10-29 11:00:00,108.11511
2011-10-29 12:00:00,119.01172
2011-10-29 13:00:00,111.649925
2011-10-29 14:00:00,122.30904
2011-10-29 15:00:00,134.2709
2011-10-29 16:00:00,126.45502
2011-10-29 17:00:00,96.232475
2011-10-29 18:00:00,74.03377
2011-10-29 19:00:00,103.6219
2011-10-29 20:00:00,88.13991
2011-10-29 21:00:00,73.80776
2011-10-29 22:00:00,60.378967
2011-10-29 23:00:00,52.023865
2011-10-30 00:00:00,67.06733
2011-10-30 01:00:00,55.317863
2011-10-30 02:00:00,38.833435
2011-10-30 03:00:00,17.061232
2011-10-30 04:00:00,5.3274045
2011-10-30 05:00:00,3.8894973
2011-10-30 06:00:00,7.267109
2011-10-30 07:00:00,26.604914
2011-10-30 08:00:00,62.543514
2011-10-30 09:00:00,118.12913
2011-10-30 10:00:00,208.06741
2011-10-30 11:00:00,258.43546
2011-10-30 12:00:00,305.3478
2011-10-30 13:00:00,323.32422
2011-10-30 14:00:00,324.06104
2011-10-30 15:00:00,326.44122
2011-10-30 16:00:00,316.662
2011-10-30 17:00:00,250.8412
2011-10-30 18:00:00,191.74374
2011-10-30 19:00:00,255.13995
2011-10-30 20:00:00,118.56269
2011-10-30 21:00:00,83.88989
2011-10-30 22:00:00,63.82093
2011-10-30 23:00:00,41.367325
2011-10-31 00:00:00,18.517096
2011-10-31 01:00:00,9.094742
2011-10-31 02:00:00,4.362929
2011-10-31 03:00:00,3.9530964
2011-10-31 04:00:00,4.9426737
2011-10-31 05:00:00,20.005106
2011-10-31 06:00:00,85.08429
2011-10-31 07:00:00,234.8055
2011-10-31 08:00:00,390.0709
2011-10-31 09:00:00,194.0943
2011-10-31 10:00:00,111.88551
2011-10-31 11:00:00,134.28627
2011-10-31 12:00:00,169.78854
2011-10-31 13:00:00,166.02179
2011-10-31 14:00:00,145.89423
2011-10-31 15:00:00,173.30922
2011-10-31 16:00:00,247.91908
2011-10-31 17:00:00,461.60864
2011-10-31 18:00:00,400.29745
2011-10-31 19:00:00,273.05676
2011-10-31 20:00:00,195.63272
2011-10-31 21:00:00,123.63019
2011-10-31 22:00:00,89.03513
2011-10-31 23:00:00,53.80717
2011-11-20 00:00:00,85.14477
2011-11-20 01:00:00,67.98872
2011-11-20 02:00:00,54.85729
2011-11-20 03:00:00,27.075947
2011-11-20 04:00:00,8.808349
2011-11-20 05:00:00,6.228307
2011-11-20 06:00:00,13.281373
2011-11-20 07:00:00,47.927334
2011-11-20 08:00:00,72.61115
2011-11-20 09:00:00,151.20358
2011-11-20 10:00:00,220.33875
2011-11-20 11:00:00,323.57397
2011-11-20 12:00:00,345.9663
2011-11-20 13:00:00,354.67862
2011-11-20 14:00:00,349.84238
2011-11-20 15:00:00,331.58182
2011-11-20 16:00:00,334.99387
2011-11-20 17:00:00,287.54654
2011-11-20 18:00:00,269.70825
2011-11-20 19:00:00,208.8659
2011-11-20 20:00:00,169.89464
2011-11-20 21:00:00,112.85348
2011-11-20 22:00:00,59.84813
2011-11-20 23:00:00,48.99489
2011-11-21 00:00:00,22.516718
2011-11-21 01:00:00,13.682483
2011-11-21 02:00:00,9.569321
2011-11-21 03:00:00,6.473491
2011-11-21 04:00:00,6.9375887
2011-11-21 05:00:00,17.983725
2011-11-21 06:00:00,86.23765
2011-11-21 07:00:00,249.26622
2011-11-21 08:00:00,388.85706
2011-11-21 09:00:00,184.17397
2011-11-21 10:00:00,110.38439
2011-11-21 11:00:00,121.88983
2011-11-21 12:00:00,163.03648
2011-11-21 13:00:00,160.95753
2011-11-21 14:00:00,128.71402
2011-11-21 15:00:00,93.96042
2011-11-21 16:00:00,134.93188
2011-11-21 17:00:00,181.69702
2011-11-21 18:00:00,207.43857
2011-11-21 19:00:00,156.86469
2011-11-21 20:00:00,120.88214
2011-11-21 21:00:00,100.0338
2011-11-21 22:00:00,69.955956
2011-11-21 23:00:00,49.98099
2011-11-22 00:00:00,18.21187
2011-11-22 01:00:00,9.664159
2011-11-22 02:00:00,6.0147505
2011-11-22 03:00:00,5.135768
2011-11-22 04:00:00,6.084577
2011-11-22 05:00:00,16.457174
2011-11-22 06:00:00,87.20711
2011-11-22 07:00:00,101.03534
2011-11-22 08:00:00,199.65923
2011-11-22 09:00:00,110.03455
2011-11-22 10:00:00,67.67587
2011-11-22 11:00:00,80.29892
2011-11-22 12:00:00,80.63836
2011-11-22 13:00:00,77.41435
2011-11-22 14:00:00,70.67313
2011-11-22 15:00:00,72.13495
2011-11-22 16:00:00,112.14415
2011-11-22 17:00:00,193.63695
2011-11-22 18:00:00,173.97372
2011-11-22 19:00:00,158.87672
2011-11-22 20:00:00,143.89296
2011-11-22 21:00:00,104.629906
2011-11-22 22:00:00,93.7535
2011-11-22 23:00:00,57.0436
2011-11-23 00:00:00,23.010693
2011-11-23 01:00:00,10.94433
2011-11-23 02:00:00,9.261616
2011-11-23 03:00:00,7.6403656
2011-11-23 04:00:00,8.702795
2011-11-23 05:00:00,19.748661
2011-11-23 06:00:00,85.14323
2011-11-23 07:00:00,252.95796
2011-11-23 08:00:00,391.55533
2011-11-23 09:00:00,185.6434
2011-11-23 10:00:00,102.30281
2011-11-23 11:00:00,124.50014
2011-11-23 12:00:00,166.01505
2011-11-23 13:00:00,137.67772
2011-11-23 14:00:00,138.47112
2011-11-23 15:00:00,133.42337
2011-11-23 16:00:00,192.10626
2011-11-23 17:00:00,251.95827
2011-11-23 18:00:00,347.5032
2011-11-23 19:00:00,231.14162
2011-11-23 20:00:00,164.25787
2011-11-23 21:00:00,115.78833
2011-11-23 22:00:00,84.88721
2011-11-23 23:00:00,57.051273
2011-11-24 00:00:00,46.494045
2011-11-24 01:00:00,24.862722
2011-11-24 02:00:00,14.565968
2011-11-24 03:00:00,6.0231256
2011-11-24 04:00:00,5.0566473
2011-11-24 05:00:00,11.612936
2011-11-24 06:00:00,32.499752
2011-11-24 07:00:00,121.73773
2011-11-24 08:00:00,240.08287
2011-11-24 09:00:00,191.97166
2011-11-24 10:00:00,180.48843
2011-11-24 11:00:00,218.1119
2011-11-24 12:00:00,259.60413
2011-11-24 13:00:00,273.02786
2011-11-24 14:00:00,305.3263
2011-11-24 15:00:00,305.244
2011-11-24 16:00:00,312.60126
2011-11-24 17:00:00,340.02747
2011-11-24 18:00:00,276.95212
2011-11-24 19:00:00,224.87892
2011-11-24 20:00:00,151.91348
2011-11-24 21:00:00,125.48434
2011-11-24 22:00:00,98.778854
2011-11-24 23:00:00,69.50836
2011-11-25 00:00:00,37.686836
2011-11-25 01:00:00,17.692202
2011-11-25 02:00:00,9.677151
2011-11-25 03:00:00,4.919165
2011-11-25 04:00:00,5.229849
2011-11-25 05:00:00,19.350878
2011-11-25 06:00:00,83.127945
2011-11-25 07:00:00,236.19662
2011-11-25 08:00:00,387.25873
2011-11-25 09:00:00,221.50093
2011-11-25 10:00:00,126.92411
2011-11-25 11:00:00,157.45856
2011-11-25 12:00:00,192.91064
2011-11-25 13:00:00,216.18433
2011-11-25 14:00:00,204.24046
2011-11-25 15:00:00,230.20534
2011-11-25 16:00:00,298.69724
2011-11-25 17:00:00,462.7978
2011-11-25 18:00:00,356.1053
2011-11-25 19:00:00,220.94426
2011-11-25 20:00:00,174.676
2011-11-25 21:00:00,120.75044
2011-11-25 22:00:00,106.206085
2011-11-25 23:00:00,80.59368
2011-11-26 00:00:00,80.60727
2011-11-26 01:00:00,64.45486
2011-11-26 02:00:00,45.771957
2011-11-26 03:00:00,19.54435
2011-11-26 04:00:00,6.880203
2011-11-26 05:00:00,7.220363
2011-11-26 06:00:00,15.239598
2011-11-26 07:00:00,41.49289
2011-11-26 08:00:00,95.544075
2011-11-26 09:00:00,149.23524
2011-11-26 10:00:00,205.07613
2011-11-26 11:00:00,284.35858
2011-11-26 12:00:00,316.68262
2011-11-26 13:00:00,338.48074
2011-11-26 14:00:00,315.5909
2011-11-26 15:00:00,352.88943
2011-11-26 16:00:00,304.5768
2011-11-26 17:00:00,267.81628
2011-11-26 18:00:00,217.55492
2011-11-26 19:00:00,186.53699
2011-11-26 20:00:00,145.20871
2011-11-26 21:00:00,106.27945
2011-11-26 22:00:00,95.362595
2011-11-26 23:00:00,76.020325
2011-11-27 00:00:00,84.62275
2011-11-27 01:00:00,74.492134
2011-11-27 02:00:00,54.187084
2011-11-27 03:00:00,26.950083
2011-11-27 04:00:00,8.061629
2011-11-27 05:00:00,5.9354596
2011-11-27 06:00:00,15.557296
2011-11-27 07:00:00,36.05048
2011-11-27 08:00:00,82.887955
2011-11-27 09:00:00,145.59135
2011-11-27 10:00:00,228.97589
2011-11-27 11:00:00,327.4331
2011-11-27 12:00:00,377.6889
2011-11-27 13:00:00,376.4578
2011-11-27 14:00:00,398.48114
2011-11-27 15:00:00,398.86438
2011-11-27 16:00:00,366.78812
2011-11-27 17:00:00,326.4769
2011-11-27 18:00:00,261.5916
2011-11-27 19:00:00,190.63112
2011-11-27 20:00:00,159.50014
2011-11-27 21:00:00,114.17392
2011-11-27 22:00:00,96.68143
2011-11-27 23:00:00,68.844215
2011-11-28 00:00:00,31.329443
2011-11-28 01:00:00,13.99634
2011-11-28 03:00:00,5.1624427
2011-11-28 04:00:00,7.965487
2011-11-28 05:00:00,23.824121
2011-11-28 06:00:00,101.305145
2011-11-28 07:00:00,280.053
2011-11-28 08:00:00,372.38672
2011-11-28 09:00:00,192.24878
2011-11-28 10:00:00,111.913376
2011-11-28 11:00:00,139.25032
2011-11-28 12:00:00,189.36147
2011-11-28 13:00:00,177.4388
2011-11-28 14:00:00,165.53412
2011-11-28 15:00:00,193.51768
2011-11-28 16:00:00,278.47354
2011-11-28 17:00:00,540.2701
2011-11-28 18:00:00,504.5644
2011-11-28 19:00:00,294.6764
2011-11-28 20:00:00,211.925
2011-11-28 21:00:00,159.29102
2011-11-28 22:00:00,102.167145
2011-11-28 23:00:00,59.588154
2011-11-29 00:00:00,25.108904
2011-11-29 01:00:00,11.427551
2011-11-29 02:00:00,5.7611647
2011-11-29 03:00:00,4.4428854
2011-11-29 04:00:00,6.344867
2011-11-29 05:00:00,25.250025
2011-11-29 06:00:00,107.06287
2011-11-29 07:00:00,314.50897
2011-11-29 08:00:00,440.92038
2011-11-29 09:00:00,176.42555
2011-11-29 10:00:00,116.9099
2011-11-29 11:00:00,106.675606
2011-11-29 12:00:00,96.13356
2011-11-29 13:00:00,94.745094
2011-11-29 14:00:00,79.8292
2011-11-29 15:00:00,86.12567
2011-11-29 16:00:00,125.23972
2011-11-29 17:00:00,240.48692
2011-11-29 18:00:00,258.5643
2011-11-29 19:00:00,204.37352
2011-11-29 20:00:00,143.88086
2011-11-29 21:00:00,108.34665
2011-11-29 22:00:00,91.68856
2011-11-29 23:00:00,49.514824
2011-11-30 00:00:00,27.368654
2011-11-30 01:00:00,11.681623
2011-11-30 02:00:00,5.8426495
2011-11-30 03:00:00,4.1336837
2011-11-30 04:00:00,5.2820177
2011-11-30 05:00:00,23.05977
2011-11-30 06:00:00,89.49439
2011-11-30 07:00:00,254.33333
2011-11-30 08:00:00,403.7462
2011-11-30 09:00:00,205.34135
2011-11-30 10:00:00,109.10915
2011-11-30 11:00:00,128.64252
2011-11-30 12:00:00,135.5078
2011-11-30 13:00:00,133.56084
2011-11-30 14:00:00,126.22359
2011-11-30 15:00:00,142.4363
2011-11-30 16:00:00,200.94939
2011-11-30 17:00:00,341.89096
2011-11-30 18:00:00,332.85123
2011-11-30 19:00:00,215.49026
2011-11-30 20:00:00,160.33896
2011-11-30 21:00:00,111.40962
2011-11-30 22:00:00,87.187035
2011-11-30 23:00:00,55.4795
2011-12-20 00:00:00,28.943378
2011-12-20 01:00:00,9.537673
2011-12-20 02:00:00,6.0150414
2011-12-20 03:00:00,4.293536
2011-12-20 04:00:00,6.626483
2011-12-20 05:00:00,24.572206
2011-12-20 06:00:00,93.681145
2011-12-20 07:00:00,271.47144
2011-12-20 08:00:00,444.23447
2011-12-20 09:00:00,216.34163
2011-12-20 10:00:00,115.69582
2011-12-20 11:00:00,128.14267
2011-12-20 12:00:00,159.57019
2011-12-20 13:00:00,156.8147
2011-12-20 14:00:00,144.9107
2011-12-20 15:00:00,148.74677
2011-12-20 16:00:00,230.13016
2011-12-20 17:00:00,413.94788
2011-12-20 18:00:00,375.72467
2011-12-20 19:00:00,250.98444
2011-12-20 20:00:00,176.0571
2011-12-20 21:00:00,132.46721
2011-12-20 22:00:00,97.90049
2011-12-20 23:00:00,71.19335
2011-12-21 00:00:00,26.636639
2011-12-21 01:00:00,12.586748
2011-12-21 02:00:00,6.9055915
2011-12-21 03:00:00,4.6631484
2011-12-21 04:00:00,5.9303927
2011-12-21 05:00:00,23.578941
2011-12-21 06:00:00,82.85337
2011-12-21 07:00:00,233.1412
2011-12-21 08:00:00,194.40775
2011-12-21 09:00:00,199.98042
2011-12-21 10:00:00,109.4246
2011-12-21 11:00:00,123.386566
2011-12-21 12:00:00,87.45048
2011-12-21 13:00:00,69.730934
2011-12-21 14:00:00,114.98191
2011-12-21 15:00:00,116.88393
2011-12-21 16:00:00,83.17044
2011-12-21 17:00:00,113.90187
2011-12-21 18:00:00,163.93109
2011-12-21 19:00:00,177.0671
2011-12-21 20:00:00,138.65123
2011-12-21 21:00:00,131.81416
2011-12-21 22:00:00,105.41763
2011-12-21 23:00:00,67.25421
2011-12-22 00:00:00,35.246117
2011-12-22 01:00:00,12.804906
2011-12-22 02:00:00,10.845273
2011-12-22 03:00:00,5.719995
2011-12-22 04:00:00,7.2476563
2011-12-22 05:00:00,23.992073
2011-12-22 06:00:00,85.40507
2011-12-22 07:00:00,235.83623
2011-12-22 08:00:00,416.03494
2011-12-22 09:00:00,203.15088
2011-12-22 10:00:00,109.11713
2011-12-22 11:00:00,125.2161
2011-12-22 12:00:00,153.57945
2011-12-22 13:00:00,145.06566
2011-12-22 14:00:00,130.03757
2011-12-22 15:00:00,144.70892
2011-12-22 16:00:00,211.58159
2011-12-22 17:00:00,352.55936
2011-12-22 18:00:00,341.7263
2011-12-22 19:00:00,242.25226
2011-12-22 20:00:00,111.84374
2011-12-22 21:00:00,89.0838
2011-12-22 22:00:00,57.076992
2011-12-22 23:00:00,48.49574
2011-12-23 00:00:00,31.01124
2011-12-23 01:00:00,17.073841
2011-12-23 02:00:00,8.839958
2011-12-23 03:00:00,5.4200735
2011-12-23 04:00:00,5.778529
2011-12-23 05:00:00,17.365578
2011-12-23 06:00:00,80.95252
2011-12-23 07:00:00,229.13945
2011-12-23 08:00:00,395.81552
2011-12-23 09:00:00,220.00447
2011-12-23 10:00:00,122.7635
2011-12-23 11:00:00,137.19148
2011-12-23 12:00:00,167.13779
2011-12-23 13:00:00,150.9
2011-12-23 14:00:00,147.95753
2011-12-23 15:00:00,164.6489
2011-12-23 16:00:00,210.04196
2011-12-23 17:00:00,322.8505
2011-12-23 18:00:00,277.60526
2011-12-23 19:00:00,195.80276
2011-12-23 20:00:00,132.6032
2011-12-23 21:00:00,108.13522
2011-12-23 22:00:00,93.81837
2011-12-23 23:00:00,76.43842
2011-12-24 00:00:00,70.87395
2011-12-24 01:00:00,55.03065
2011-12-24 02:00:00,45.34923
2011-12-24 03:00:00,21.277649
2011-12-24 04:00:00,7.8982916
2011-12-24 05:00:00,7.7622056
2011-12-24 06:00:00,11.25386
2011-12-24 07:00:00,30.9957
2011-12-24 08:00:00,70.54791
2011-12-24 09:00:00,120.997284
2011-12-24 10:00:00,170.72493
2011-12-24 11:00:00,201.01633
2011-12-24 12:00:00,255.32118
2011-12-24 13:00:00,252.58893
2011-12-24 14:00:00,247.7186
2011-12-24 15:00:00,245.51912
2011-12-24 16:00:00,235.41835
2011-12-24 17:00:00,162.56544
2011-12-24 18:00:00,146.68782
2011-12-24 19:00:00,142.2075
2011-12-24 20:00:00,104.02474
2011-12-24 21:00:00,87.32094
2011-12-24 22:00:00,74.783424
2011-12-24 23:00:00,63.479904
2011-12-25 00:00:00,61.629368
2011-12-25 01:00:00,50.45558
2011-12-25 02:00:00,43.81326
2011-12-25 03:00:00,17.864529
2011-12-25 05:00:00,4.498154
2011-12-25 06:00:00,5.688908
2011-12-25 07:00:00,19.071821
2011-12-25 08:00:00,49.315235
2011-12-25 09:00:00,88.3552
2011-12-25 10:00:00,141.12279
2011-12-25 11:00:00,190.92825
2011-12-25 12:00:00,195.26562
2011-12-25 13:00:00,215.52487
2011-12-25 14:00:00,217.34499
2011-12-25 15:00:00,226.5054
2011-12-25 16:00:00,237.42946
2011-12-25 17:00:00,176.55365
2011-12-25 18:00:00,131.03625
2011-12-25 19:00:00,129.10408
2011-12-25 20:00:00,95.12109
2011-12-25 21:00:00,76.22643
2011-12-25 22:00:00,59.440643
2011-12-25 23:00:00,43.921955
2011-12-26 00:00:00,34.382614
2011-12-26 01:00:00,24.345984
2011-12-26 02:00:00,15.042875
2011-12-26 04:00:00,5.8948936
2011-12-26 05:00:00,14.496001
2011-12-26 06:00:00,27.335817
2011-12-26 07:00:00,98.26224
2011-12-26 08:00:00,182.6984
2011-12-26 09:00:00,170.07733
2011-12-26 10:00:00,159.34303
2011-12-26 11:00:00,174.43526
2011-12-26 12:00:00,202.10844
2011-12-26 13:00:00,211.35478
2011-12-26 14:00:00,204.08667
2011-12-26 15:00:00,212.0971
2011-12-26 16:00:00,217.99074
2011-12-26 17:00:00,242.15862
2011-12-26 18:00:00,204.71669
2011-12-26 19:00:00,181.36836
2011-12-26 20:00:00,130.54832
2011-12-26 21:00:00,90.404594
2011-12-26 22:00:00,65.30542
2011-12-26 23:00:00,43.58405
2011-12-27 00:00:00,18.465265
2011-12-27 01:00:00,8.60944
2011-12-27 02:00:00,4.6338177
2011-12-27 03:00:00,5.474079
2011-12-27 04:00:00,7.138731
2011-12-27 05:00:00,23.533531
2011-12-27 06:00:00,80.4231
2011-12-27 07:00:00,221.0726
2011-12-27 08:00:00,391.8982
2011-12-27 09:00:00,135.12622
2011-12-27 10:00:00,100.60098
2011-12-27 11:00:00,76.84799
2011-12-27 12:00:00,83.5398
2011-12-27 13:00:00,75.537056
2011-12-27 14:00:00,84.547615
2011-12-27 15:00:00,88.59657
2011-12-27 16:00:00,106.201706
2011-12-27 17:00:00,191.94121
2011-12-27 18:00:00,216.15103
2011-12-27 19:00:00,185.2575
2011-12-27 20:00:00,131.4273
2011-12-27 21:00:00,109.42282
2011-12-27 22:00:00,84.83365
2011-12-27 23:00:00,48.07876
2011-12-28 00:00:00,22.859264
2011-12-28 01:00:00,10.886401
2011-12-28 02:00:00,6.232305
2011-12-28 03:00:00,4.75613
2011-12-28 05:00:00,22.568691
2011-12-28 06:00:00,82.53501
2011-12-28 07:00:00,233.08635
2011-12-28 08:00:00,405.25037
2011-12-28 09:00:00,206.33824
2011-12-28 10:00:00,105.13318
2011-12-28 11:00:00,115.56594
2011-12-28 12:00:00,130.4216
2011-12-28 13:00:00,124.67531
2011-12-28 14:00:00,116.506516
2011-12-28 15:00:00,126.66505
2011-12-28 16:00:00,166.96342
2011-12-28 17:00:00,309.10587
2011-12-28 18:00:00,291.30942
2011-12-28 19:00:00,187.75705
2011-12-28 20:00:00,143.32501
2011-12-28 21:00:00,103.39823
2011-12-28 22:00:00,77.07718
2011-12-28 23:00:00,51.866585
2011-12-29 00:00:00,19.707918
2011-12-29 01:00:00,8.023586
2011-12-29 02:00:00,4.33812
2011-12-29 03:00:00,3.6638093
2011-12-29 04:00:00,4.4926057
2011-12-29 05:00:00,16.971603
2011-12-29 06:00:00,68.01937
2011-12-29 07:00:00,189.53906
2011-12-29 08:00:00,355.49658
2011-12-29 09:00:00,194.44682
2011-12-29 10:00:00,92.534355
2011-12-29 11:00:00,108.308556
2011-12-29 12:00:00,128.00266
2011-12-29 13:00:00,127.77334
2011-12-29 14:00:00,114.70223
2011-12-29 15:00:00,130.67816
2011-12-29 16:00:00,183.65297
2011-12-29 17:00:00,318.19604
2011-12-29 18:00:00,291.73303
2011-12-29 19:00:00,207.27596
2011-12-29 20:00:00,147.51875
2011-12-29 21:00:00,114.242714
2011-12-29 22:00:00,87.721535
2011-12-29 23:00:00,66.0924
2011-12-30 00:00:00,30.827314
2011-12-30 01:00:00,14.624616
2011-12-30 02:00:00,7.8609896
2011-12-30 03:00:00,4.4325943
2011-12-30 04:00:00,4.6870193
2011-12-30 05:00:00,15.851344
2011-12-30 06:00:00,65.87599
2011-12-30 07:00:00,175.56137
2011-12-30 08:00:00,321.46155
2011-12-30 09:00:00,202.58252
2011-12-30 10:00:00,110.64072
2011-12-30 11:00:00,129.915
2011-12-30 12:00:00,157.54868
2011-12-30 13:00:00,156.8728
2011-12-30 14:00:00,149.94817
2011-12-30 15:00:00,165.02396
2011-12-30 16:00:00,231.31635
2011-12-30 17:00:00,342.91882
2011-12-30 18:00:00,278.36295
2011-12-30 19:00:00,180.75209
2011-12-30 20:00:00,142.98232
2011-12-30 21:00:00,117.37506
2011-12-30 22:00:00,97.652985
2011-12-30 23:00:00,76.55197
2011-12-31 00:00:00,73.29479
2011-12-31 01:00:00,60.93565
2011-12-31 02:00:00,47.42842
2011-12-31 03:00:00,23.07409
2011-12-31 04:00:00,8.809386
2011-12-31 05:00:00,8.999835
2011-12-31 06:00:00,18.297613
2011-12-31 07:00:00,22.89769
2011-12-31 08:00:00,84.26849
2011-12-31 09:00:00,131.92065
2011-12-31 10:00:00,196.22984
2011-12-31 11:00:00,256.75974
2011-12-31 12:00:00,376.20062
2011-12-31 13:00:00,364.57187
2011-12-31 14:00:00,283.44876
2011-12-31 15:00:00,285.59653
2011-12-31 16:00:00,267.78464
2011-12-31 17:00:00,215.69774
2011-12-31 18:00:00,190.51431
2011-12-31 19:00:00,176.09378
2011-12-31 20:00:00,135.98238
2011-12-31 21:00:00,113.93952
2011-12-31 22:00:00,100.53925
2011-12-31 23:00:00,77.90943
2012-01-20 00:00:00,28.634262
2012-01-20 01:00:00,13.28297
2012-01-20 02:00:00,6.8826528
2012-01-20 03:00:00,4.5648856
2012-01-20 04:00:00,4.737359
2012-01-20 05:00:00,18.529715
2012-01-20 06:00:00,76.77803
2012-01-20 07:00:00,207.95636
2012-01-20 08:00:00,436.19223
2012-01-20 09:00:00,218.29944
2012-01-20 10:00:00,111.98973
2012-01-20 11:00:00,122.20176
2012-01-20 12:00:00,146.23932
2012-01-20 13:00:00,156.14333
2012-01-20 14:00:00,135.63637
2012-01-20 15:00:00,150.24565
2012-01-20 16:00:00,187.14316
2012-01-20 17:00:00,339.67346
2012-01-20 18:00:00,295.4498
2012-01-20 19:00:00,189.27931
2012-01-20 20:00:00,132.13902
2012-01-20 21:00:00,94.99466
2012-01-20 22:00:00,81.34311
2012-01-20 23:00:00,46.561783
2012-01-21 00:00:00,42.779137
2012-01-21 01:00:00,39.18454
2012-01-21 02:00:00,27.588358
2012-01-21 03:00:00,15.282098
2012-01-21 04:00:00,5.61539
2012-01-21 05:00:00,5.434172
2012-01-21 06:00:00,7.796385
2012-01-21 07:00:00,20.436337
2012-01-21 08:00:00,72.25864
2012-01-21 09:00:00,99.02904
2012-01-21 10:00:00,112.27036
2012-01-21 11:00:00,186.37302
2012-01-21 12:00:00,230.88945
2012-01-21 13:00:00,210.29881
2012-01-21 14:00:00,141.67003
2012-01-21 15:00:00,144.81526
2012-01-21 16:00:00,185.68619
2012-01-21 17:00:00,128.4578
2012-01-21 18:00:00,121.67646
2012-01-21 19:00:00,108.65327
2012-01-21 20:00:00,93.423515
2012-01-21 21:00:00,76.849106
2012-01-21 22:00:00,61.15187
2012-01-21 23:00:00,52.931065
2012-01-22 00:00:00,56.495396
2012-01-22 01:00:00,48.409378
2012-01-22 02:00:00,40.09608
2012-01-22 03:00:00,20.086565
2012-01-22 04:00:00,4.3231726
2012-01-22 05:00:00,3.8419664
2012-01-22 06:00:00,8.121544
2012-01-22 07:00:00,23.61395
2012-01-22 08:00:00,54.046986
2012-01-22 09:00:00,86.126724
2012-01-22 10:00:00,136.43849
2012-01-22 11:00:00,108.17015
2012-01-22 12:00:00,190.71765
2012-01-22 13:00:00,205.01436
2012-01-22 14:00:00,186.37868
2012-01-22 15:00:00,184.04596
2012-01-22 16:00:00,164.31477
2012-01-22 17:00:00,132.00743
2012-01-22 18:00:00,82.67768
2012-01-22 19:00:00,80.98349
2012-01-22 20:00:00,68.673965
2012-01-22 21:00:00,56.84009
2012-01-22 22:00:00,56.610058
2012-01-22 23:00:00,38.46465
2012-01-23 00:00:00,11.051298
2012-01-23 01:00:00,4.992292
2012-01-23 02:00:00,3.3833532
2012-01-23 03:00:00,2.727873
2012-01-23 04:00:00,2.8890045
2012-01-23 05:00:00,15.354056
2012-01-23 06:00:00,72.42622
2012-01-23 07:00:00,110.270454
2012-01-23 08:00:00,226.25093
2012-01-23 09:00:00,187.02702
2012-01-23 10:00:00,89.4148
2012-01-23 11:00:00,84.54967
2012-01-23 12:00:00,92.23808
2012-01-23 13:00:00,57.66942
2012-01-23 14:00:00,57.949257
2012-01-23 15:00:00,93.11983
2012-01-23 16:00:00,126.52131
2012-01-23 17:00:00,199.27641
2012-01-23 18:00:00,210.03891
2012-01-23 19:00:00,186.81482
2012-01-23 20:00:00,129.19572
2012-01-23 21:00:00,80.64074
2012-01-23 22:00:00,53.743343
2012-01-23 23:00:00,25.047394
2012-01-24 00:00:00,15.577472
2012-01-24 01:00:00,5.1996756
2012-01-24 02:00:00,3.7387052
2012-01-24 03:00:00,2.3792844
2012-01-24 04:00:00,3.2780733
2012-01-24 05:00:00,16.419897
2012-01-24 06:00:00,78.93137
2012-01-24 07:00:00,217.74005
2012-01-24 08:00:00,430.30106
2012-01-24 09:00:00,203.51596
2012-01-24 10:00:00,100.77226
2012-01-24 11:00:00,99.74022
2012-01-24 12:00:00,111.828224
2012-01-24 13:00:00,110.56743
2012-01-24 14:00:00,107.111916
2012-01-24 15:00:00,139.11583
2012-01-24 16:00:00,220.34337
2012-01-24 17:00:00,420.3664
2012-01-24 18:00:00,419.80344
2012-01-24 19:00:00,325.26764
2012-01-24 20:00:00,174.35654
2012-01-24 21:00:00,142.09895
2012-01-24 22:00:00,92.46199
2012-01-24 23:00:00,56.086212
2012-01-25 00:00:00,17.706123
2012-01-25 01:00:00,8.37994
2012-01-25 02:00:00,5.015319
2012-01-25 03:00:00,3.4218774
2012-01-25 04:00:00,2.8295372
2012-01-25 05:00:00,16.533306
2012-01-25 06:00:00,84.18881
2012-01-25 07:00:00,241.84497
2012-01-25 08:00:00,454.50925
2012-01-25 09:00:00,208.62648
2012-01-25 10:00:00,97.1637
2012-01-25 11:00:00,99.41088
2012-01-25 12:00:00,137.63512
2012-01-25 13:00:00,136.71559
2012-01-25 14:00:00,118.46814
2012-01-25 15:00:00,137.68811
2012-01-25 16:00:00,198.37004
2012-01-25 17:00:00,400.44928
2012-01-25 18:00:00,380.19742
2012-01-25 19:00:00,258.76953
2012-01-25 20:00:00,181.75172
2012-01-25 21:00:00,133.05087
2012-01-25 22:00:00,100.32036
2012-01-25 23:00:00,53.374855
2012-01-26 00:00:00,20.097385
2012-01-26 01:00:00,9.060598
2012-01-26 02:00:00,6.601145
2012-01-26 03:00:00,3.7408457
2012-01-26 04:00:00,3.8945582
2012-01-26 05:00:00,19.23801
2012-01-26 06:00:00,86.981514
2012-01-26 07:00:00,249.81984
2012-01-26 08:00:00,466.48203
2012-01-26 09:00:00,231.3196
2012-01-26 10:00:00,107.740845
2012-01-26 11:00:00,111.75284
2012-01-26 12:00:00,140.91988
2012-01-26 13:00:00,142.54768
2012-01-26 14:00:00,144.83202
2012-01-26 15:00:00,165.16986
2012-01-26 16:00:00,227.37184
2012-01-26 17:00:00,407.93283
2012-01-26 18:00:00,411.15643
2012-01-26 19:00:00,294.31833
2012-01-26 20:00:00,214.13927
2012-01-26 21:00:00,159.45189
2012-01-26 22:00:00,117.95532
2012-01-26 23:00:00,80.581825
2012-01-27 00:00:00,36.37721
2012-01-27 01:00:00,17.722815
2012-01-27 02:00:00,12.319882
2012-01-27 03:00:00,4.8020296
2012-01-27 04:00:00,4.5909033
2012-01-27 05:00:00,19.180948
2012-01-27 06:00:00,84.32437
2012-01-27 07:00:00,224.21216
2012-01-27 08:00:00,304.62515
2012-01-27 09:00:00,199.17325
2012-01-27 10:00:00,105.3481
2012-01-27 11:00:00,191.10269
2012-01-27 12:00:00,261.1099
2012-01-27 13:00:00,262.89816
2012-01-27 14:00:00,240.77167
2012-01-27 15:00:00,224.1819
2012-01-27 16:00:00,268.5022
2012-01-27 17:00:00,417.32404
2012-01-27 18:00:00,381.20987
2012-01-27 19:00:00,242.08623
2012-01-27 20:00:00,162.84308
2012-01-27 21:00:00,125.92387
2012-01-27 22:00:00,104.848656
2012-01-27 23:00:00,76.09776
2012-01-28 00:00:00,63.35283
2012-01-28 01:00:00,51.621605
2012-01-28 02:00:00,37.276646
2012-01-28 03:00:00,17.997627
2012-01-28 04:00:00,5.2292237
2012-01-28 05:00:00,6.31244
2012-01-28 06:00:00,9.881411
2012-01-28 07:00:00,32.92376
2012-01-28 08:00:00,84.7839
2012-01-28 09:00:00,130.20853
2012-01-28 10:00:00,187.50488
2012-01-28 11:00:00,241.15176
2012-01-28 12:00:00,249.6198
2012-01-28 13:00:00,298.48724
2012-01-28 14:00:00,325.5506
2012-01-28 15:00:00,348.2438
2012-01-28 16:00:00,353.87808
2012-01-28 17:00:00,294.41794
2012-01-28 18:00:00,255.73248
2012-01-28 19:00:00,182.73131
2012-01-28 20:00:00,150.89989
2012-01-28 21:00:00,101.277336
2012-01-28 22:00:00,94.67019
2012-01-28 23:00:00,76.52384
2012-01-29 00:00:00,66.85947
2012-01-29 01:00:00,52.80339
2012-01-29 02:00:00,37.384373
2012-01-29 03:00:00,18.871872
2012-01-29 04:00:00,6.400238
2012-01-29 05:00:00,4.7086277
2012-01-29 06:00:00,6.0441055
2012-01-29 07:00:00,18.270327
2012-01-29 08:00:00,47.732014
2012-01-29 09:00:00,87.14316
2012-01-29 10:00:00,165.39911
2012-01-29 11:00:00,201.31679
2012-01-29 12:00:00,255.4743
2012-01-29 13:00:00,261.78537
2012-01-29 14:00:00,251.89314
2012-01-29 15:00:00,284.16647
2012-01-29 16:00:00,257.30283
2012-01-29 17:00:00,199.03918
2012-01-29 18:00:00,148.45244
2012-01-29 19:00:00,126.80385
2012-01-29 20:00:00,98.73581
2012-01-29 21:00:00,78.63994
2012-01-29 22:00:00,62.621338
2012-01-29 23:00:00,42.036167
2012-01-30 00:00:00,25.617374
2012-01-30 01:00:00,5.1827555
2012-01-30 02:00:00,5.1589437
2012-01-30 03:00:00,3.453476
2012-01-30 04:00:00,3.6814969
2012-01-30 05:00:00,16.658758
2012-01-30 06:00:00,79.28527
2012-01-30 07:00:00,212.06299
2012-01-30 08:00:00,403.7714
2012-01-30 09:00:00,188.39735
2012-01-30 10:00:00,98.124535
2012-01-30 11:00:00,97.71248
2012-01-30 12:00:00,130.28302
2012-01-30 13:00:00,125.32731
2012-01-30 14:00:00,117.70144
2012-01-30 15:00:00,130.08763
2012-01-30 16:00:00,192.67915
2012-01-30 17:00:00,387.0839
2012-01-30 18:00:00,381.85617
2012-01-30 19:00:00,248.04163
2012-01-30 20:00:00,177.7681
2012-01-30 21:00:00,127.55252
2012-01-30 22:00:00,76.9644
2012-01-30 23:00:00,43.479088
2012-01-31 00:00:00,15.964388
2012-01-31 01:00:00,7.045151
2012-01-31 02:00:00,5.5103817
2012-01-31 03:00:00,3.5502176
2012-01-31 04:00:00,3.8424597
2012-01-31 05:00:00,19.019318
2012-01-31 06:00:00,85.38824
2012-01-31 07:00:00,239.86938
2012-01-31 08:00:00,448.26932
2012-01-31 09:00:00,217.95995
2012-01-31 10:00:00,102.05966
2012-01-31 11:00:00,125.08125
2012-01-31 12:00:00,148.13338
2012-01-31 13:00:00,174.46689
2012-01-31 14:00:00,181.36443
2012-01-31 15:00:00,198.6883
2012-01-31 16:00:00,276.2969
2012-01-31 17:00:00,557.41705
2012-01-31 18:00:00,560.34186
2012-01-31 19:00:00,341.38446
2012-01-31 20:00:00,217.91835
2012-01-31 21:00:00,158.35692
2012-01-31 22:00:00,105.394585
2012-01-31 23:00:00,66.08706
2012-02-20 00:00:00,42.552135
2012-02-20 01:00:00,37.9866
2012-02-20 02:00:00,30.571049
2012-02-20 03:00:00,14.573841
2012-02-20 05:00:00,12.322489
2012-02-20 06:00:00,22.436905
2012-02-20 07:00:00,79.14306
2012-02-20 08:00:00,155.03499
2012-02-20 09:00:00,150.032
2012-02-20 10:00:00,143.7836
2012-02-20 11:00:00,177.20084
2012-02-20 12:00:00,202.13307
2012-02-20 13:00:00,213.52768
2012-02-20 14:00:00,205.77469
2012-02-20 15:00:00,223.03123
2012-02-20 16:00:00,255.52338
2012-02-20 17:00:00,298.5166
2012-02-20 18:00:00,255.21259
2012-02-20 19:00:00,200.32607
2012-02-20 20:00:00,153.20958
2012-02-20 21:00:00,102.59535
2012-02-20 22:00:00,76.29605
2012-02-20 23:00:00,43.42665
2012-02-21 00:00:00,14.764918
2012-02-21 01:00:00,6.3525248
2012-02-21 02:00:00,4.315426
2012-02-21 04:00:00,2.8650224
2012-02-21 05:00:00,17.369383
2012-02-21 06:00:00,85.153145
2012-02-21 07:00:00,265.43246
2012-02-21 08:00:00,486.10104
2012-02-21 09:00:00,237.85164
2012-02-21 10:00:00,103.45544
2012-02-21 11:00:00,99.61901
2012-02-21 12:00:00,131.35117
2012-02-21 13:00:00,142.56693
2012-02-21 14:00:00,114.73396
2012-02-21 15:00:00,139.4313
2012-02-21 16:00:00,216.1037
2012-02-21 17:00:00,443.57288
2012-02-21 18:00:00,434.6332
2012-02-21 19:00:00,285.21317
2012-02-21 20:00:00,198.78223
2012-02-21 21:00:00,146.29396
2012-02-21 22:00:00,95.28329
2012-02-21 23:00:00,57.29295
2012-02-22 00:00:00,21.445919
2012-02-22 01:00:00,9.538253
2012-02-22 02:00:00,4.8903413
2012-02-22 03:00:00,3.7558293
2012-02-22 04:00:00,4.1490417
2012-02-22 05:00:00,21.088541
2012-02-22 06:00:00,95.8891
2012-02-22 07:00:00,301.33636
2012-02-22 08:00:00,541.3479
2012-02-22 09:00:00,253.8975
2012-02-22 10:00:00,120.7987
2012-02-22 11:00:00,133.61307
2012-02-22 12:00:00,164.39297
2012-02-22 13:00:00,172.34827
2012-02-22 14:00:00,154.81523
2012-02-22 15:00:00,209.26224
2012-02-22 16:00:00,289.4077
2012-02-22 17:00:00,594.4519
2012-02-22 18:00:00,484.10776
2012-02-22 19:00:00,330.2181
2012-02-22 20:00:00,237.49974
2012-02-22 21:00:00,168.15236
2012-02-22 22:00:00,116.343445
2012-02-22 23:00:00,73.91304
2012-02-23 00:00:00,31.235415
2012-02-23 01:00:00,13.506237
2012-02-23 02:00:00,8.235902
2012-02-23 03:00:00,3.5441554
2012-02-23 04:00:00,5.7842917
2012-02-23 05:00:00,26.327913
2012-02-23 06:00:00,103.325714
2012-02-23 07:00:00,305.07278
2012-02-23 08:00:00,549.3398
2012-02-23 09:00:00,264.76645
2012-02-23 10:00:00,138.75012
2012-02-23 11:00:00,180.4341
2012-02-23 12:00:00,227.90076
2012-02-23 13:00:00,233.3249
2012-02-23 14:00:00,211.22142
2012-02-23 15:00:00,232.01674
2012-02-23 16:00:00,309.7199
2012-02-23 17:00:00,664.3232
2012-02-23 18:00:00,650.3784
2012-02-23 19:00:00,397.05563
2012-02-23 20:00:00,257.5949
2012-02-23 21:00:00,187.79533
2012-02-23 22:00:00,140.83412
2012-02-23 23:00:00,96.77925
2012-02-24 00:00:00,43.731472
2012-02-24 01:00:00,24.370953
2012-02-24 02:00:00,6.625909
2012-02-24 03:00:00,8.669818
2012-02-24 04:00:00,7.1195607
2012-02-24 05:00:00,23.813189
2012-02-24 06:00:00,98.43563
2012-02-24 07:00:00,278.90607
2012-02-24 08:00:00,497.097
2012-02-24 09:00:00,157.06769
2012-02-24 10:00:00,87.666794
2012-02-24 11:00:00,170.02116
2012-02-24 12:00:00,217.81151
2012-02-24 13:00:00,217.7909
2012-02-24 14:00:00,200.5243
2012-02-24 15:00:00,112.367744
2012-02-24 16:00:00,141.03198
2012-02-24 17:00:00,275.42755
2012-02-24 18:00:00,312.51117
2012-02-24 19:00:00,283.5836
2012-02-24 20:00:00,216.52612
2012-02-24 21:00:00,130.11394
2012-02-24 22:00:00,109.62313
2012-02-24 23:00:00,79.91643
2012-02-25 00:00:00,74.20788
2012-02-25 01:00:00,56.31419
2012-02-25 02:00:00,42.09539
2012-02-25 03:00:00,15.431486
2012-02-25 04:00:00,6.8164597
2012-02-25 05:00:00,5.7539396
2012-02-25 06:00:00,11.904659
2012-02-25 07:00:00,31.510273
2012-02-25 08:00:00,80.023056
2012-02-25 09:00:00,75.20467
2012-02-25 10:00:00,196.5408
2012-02-25 11:00:00,224.13556
2012-02-25 12:00:00,266.23865
2012-02-25 13:00:00,298.9485
2012-02-25 14:00:00,280.54697
2012-02-25 15:00:00,305.65607
2012-02-25 16:00:00,246.1391
2012-02-25 17:00:00,214.52377
2012-02-25 18:00:00,160.57018
2012-02-25 19:00:00,134.50519
2012-02-25 20:00:00,104.33673
2012-02-25 21:00:00,87.892815
2012-02-25 22:00:00,78.429276
2012-02-25 23:00:00,65.708626
2012-02-26 00:00:00,60.714962
2012-02-26 01:00:00,54.24944
2012-02-26 02:00:00,43.17129
2012-02-26 03:00:00,23.590843
2012-02-26 04:00:00,7.9806046
2012-02-26 05:00:00,4.46585
2012-02-26 06:00:00,7.809093
2012-02-26 07:00:00,18.404135
2012-02-26 08:00:00,49.723087
2012-02-26 09:00:00,97.44841
2012-02-26 10:00:00,186.75777
2012-02-26 11:00:00,224.70743
2012-02-26 12:00:00,288.17697
2012-02-26 13:00:00,300.20407
2012-02-26 14:00:00,297.3569
2012-02-26 15:00:00,314.16904
2012-02-26 16:00:00,311.38925
2012-02-26 17:00:00,252.70149
2012-02-26 18:00:00,190.70279
2012-02-26 19:00:00,149.7264
2012-02-26 20:00:00,104.84107
2012-02-26 21:00:00,82.987175
2012-02-26 22:00:00,70.94494
2012-02-26 23:00:00,44.421368
2012-02-27 00:00:00,14.665097
2012-02-27 01:00:00,5.6742845
2012-02-27 02:00:00,3.4250307
2012-02-27 03:00:00,3.0594754
2012-02-27 04:00:00,3.3696256
2012-02-27 05:00:00,18.109653
2012-02-27 06:00:00,83.60901
2012-02-27 07:00:00,248.44275
2012-02-27 08:00:00,464.18872
2012-02-27 09:00:00,223.48047
2012-02-27 10:00:00,110.185
2012-02-27 11:00:00,128.53482
2012-02-27 12:00:00,161.47728
2012-02-27 13:00:00,161.31586
2012-02-27 14:00:00,168.10324
2012-02-27 15:00:00,219.92245
2012-02-27 16:00:00,295.95398
2012-02-27 17:00:00,586.0811
2012-02-27 18:00:00,573.54156
2012-02-27 19:00:00,365.59338
2012-02-27 20:00:00,241.76814
2012-02-27 21:00:00,168.59222
2012-02-27 22:00:00,108.798965
2012-02-27 23:00:00,64.26158
2012-02-28 00:00:00,27.025936
2012-02-28 01:00:00,9.388017
2012-02-28 02:00:00,6.1707926
2012-02-28 03:00:00,2.9679818
2012-02-28 04:00:00,4.2137575
2012-02-28 05:00:00,21.61696
2012-02-28 06:00:00,89.54001
2012-02-28 07:00:00,265.68802
2012-02-28 08:00:00,486.98593
2012-02-28 09:00:00,231.14954
2012-02-28 10:00:00,107.80948
2012-02-28 11:00:00,126.9202
2012-02-28 12:00:00,159.11047
2012-02-28 13:00:00,159.43684
2012-02-28 14:00:00,147.61389
2012-02-28 15:00:00,180.293
2012-02-28 16:00:00,252.48007
2012-02-28 17:00:00,492.69763
2012-02-28 18:00:00,489.23428
2012-02-28 19:00:00,324.30826
2012-02-28 20:00:00,221.52058
2012-02-28 21:00:00,147.12527
2012-02-28 22:00:00,104.587234
2012-02-28 23:00:00,62.241726
2012-02-29 00:00:00,24.022827
2012-02-29 01:00:00,8.444456
2012-02-29 02:00:00,5.950303
2012-02-29 03:00:00,2.7831898
2012-02-29 05:00:00,21.748941
2012-02-29 06:00:00,89.48355
2012-02-29 07:00:00,269.31992
2012-02-29 08:00:00,507.45566
2012-02-29 09:00:00,139.67087
2012-02-29 10:00:00,59.281673
2012-02-29 11:00:00,62.591682
2012-02-29 12:00:00,53.088055
2012-02-29 13:00:00,116.21812
2012-02-29 14:00:00,109.46481
2012-02-29 15:00:00,140.65326
2012-02-29 16:00:00,113.253624
2012-02-29 17:00:00,341.89374
2012-02-29 18:00:00,300.7249
2012-02-29 19:00:00,287.3255
2012-02-29 20:00:00,152.80917
2012-02-29 21:00:00,115.43712
2012-02-29 22:00:00,70.68913
2012-02-29 23:00:00,45.323853
2012-03-20 00:00:00,31.102928
2012-03-20 01:00:00,15.574994
2012-03-20 02:00:00,9.115721
2012-03-20 03:00:00,5.817087
2012-03-20 04:00:00,6.892555
2012-03-20 05:00:00,28.34004
2012-03-20 06:00:00,112.503746
2012-03-20 07:00:00,146.36485
2012-03-20 08:00:00,567.3232
2012-03-20 09:00:00,303.52625
2012-03-20 10:00:00,172.22098
2012-03-20 11:00:00,193.95715
2012-03-20 12:00:00,242.95651
2012-03-20 13:00:00,246.65845
2012-03-20 14:00:00,213.51343
2012-03-20 15:00:00,249.39708
2012-03-20 16:00:00,359.3541
2012-03-20 17:00:00,672.4698
2012-03-20 18:00:00,665.73553
2012-03-20 19:00:00,450.97064
2012-03-20 20:00:00,328.5427
2012-03-20 21:00:00,224.24684
2012-03-20 22:00:00,146.22499
2012-03-20 23:00:00,80.54287
2012-03-21 00:00:00,33.978794
2012-03-21 01:00:00,18.970192
2012-03-21 02:00:00,10.049559
2012-03-21 03:00:00,5.330007
2012-03-21 04:00:00,6.6062574
2012-03-21 05:00:00,29.247383
2012-03-21 06:00:00,104.50667
2012-03-21 07:00:00,220.85867
2012-03-21 08:00:00,357.1594
2012-03-21 09:00:00,322.52368
2012-03-21 10:00:00,168.2757
2012-03-21 11:00:00,180.36209
2012-03-21 12:00:00,208.26595
2012-03-21 13:00:00,179.80276
2012-03-21 14:00:00,176.65831
2012-03-21 15:00:00,195.35852
2012-03-21 16:00:00,312.67682
2012-03-21 17:00:00,659.17834
2012-03-21 18:00:00,636.33777
2012-03-21 19:00:00,483.70233
2012-03-21 20:00:00,331.93152
2012-03-21 21:00:00,224.67508
2012-03-21 22:00:00,162.8332
2012-03-21 23:00:00,108.35124
2012-03-22 00:00:00,47.32535
2012-03-22 01:00:00,24.023403
2012-03-22 02:00:00,12.62679
2012-03-22 03:00:00,8.79879
2012-03-22 04:00:00,6.172779
2012-03-22 05:00:00,27.736593
2012-03-22 06:00:00,111.5078
2012-03-22 07:00:00,374.56567
2012-03-22 08:00:00,585.7957
2012-03-22 09:00:00,319.3411
2012-03-22 10:00:00,168.79338
2012-03-22 11:00:00,170.7793
2012-03-22 12:00:00,223.81935
2012-03-22 13:00:00,253.9262
2012-03-22 14:00:00,236.01466
2012-03-22 15:00:00,265.83945
2012-03-22 16:00:00,374.1405
2012-03-22 17:00:00,717.3165
2012-03-22 18:00:00,716.4319
2012-03-22 19:00:00,510.8681
2012-03-22 20:00:00,371.52994
2012-03-22 21:00:00,272.74393
2012-03-22 22:00:00,192.8518
2012-03-22 23:00:00,141.25105
2012-03-23 00:00:00,60.310734
2012-03-23 01:00:00,31.243336
2012-03-23 02:00:00,16.69684
2012-03-23 03:00:00,10.13879
2012-03-23 04:00:00,8.1686125
2012-03-23 05:00:00,29.83624
2012-03-23 06:00:00,121.75867
2012-03-23 07:00:00,330.9879
2012-03-23 08:00:00,560.8845
2012-03-23 09:00:00,318.8886
2012-03-23 10:00:00,217.74922
2012-03-23 11:00:00,267.9856
2012-03-23 12:00:00,322.18317
2012-03-23 13:00:00,333.93677
2012-03-23 14:00:00,318.5426
2012-03-23 15:00:00,356.86383
2012-03-23 16:00:00,454.31885
2012-03-23 17:00:00,699.9633
2012-03-23 18:00:00,672.5658
2012-03-23 19:00:00,455.524
2012-03-23 20:00:00,336.88174
2012-03-23 21:00:00,274.05075
2012-03-23 22:00:00,234.70117
2012-03-23 23:00:00,168.67711
2012-03-24 00:00:00,115.5684
2012-03-24 01:00:00,99.84443
2012-03-24 02:00:00,71.83639
2012-03-24 03:00:00,41.519276
2012-03-24 04:00:00,19.730448
2012-03-24 05:00:00,23.6681
2012-03-24 06:00:00,46.733482
2012-03-24 07:00:00,129.50293
2012-03-24 08:00:00,178.43616
2012-03-24 09:00:00,306.10602
2012-03-24 10:00:00,386.3479
2012-03-24 11:00:00,452.6688
2012-03-24 12:00:00,323.3593
2012-03-24 13:00:00,319.7043
2012-03-24 14:00:00,298.54495
2012-03-24 15:00:00,239.39929
2012-03-24 16:00:00,255.9771
2012-03-24 17:00:00,286.96323
2012-03-24 18:00:00,177.92145
2012-03-24 19:00:00,180.14577
2012-03-24 20:00:00,115.899864
2012-03-24 21:00:00,89.05698
2012-03-24 22:00:00,63.165806
2012-03-24 23:00:00,84.124
2012-03-25 00:00:00,73.8147
2012-03-25 01:00:00,62.181202
2012-03-25 02:00:00,40.550636
2012-03-25 03:00:00,18.977953
2012-03-25 04:00:00,8.754961
2012-03-25 05:00:00,7.22448
2012-03-25 06:00:00,14.848131
2012-03-25 07:00:00,43.44916
2012-03-25 08:00:00,91.5996
2012-03-25 09:00:00,155.85648
2012-03-25 10:00:00,264.0795
2012-03-25 11:00:00,300.9546
2012-03-25 12:00:00,369.4306
2012-03-25 13:00:00,431.52966
2012-03-25 14:00:00,410.77472
2012-03-25 15:00:00,407.4586
2012-03-25 16:00:00,407.7805
2012-03-25 17:00:00,439.27203
2012-03-25 18:00:00,378.94324
2012-03-25 19:00:00,292.39926
2012-03-25 20:00:00,189.24469
2012-03-25 21:00:00,131.29459
2012-03-25 22:00:00,97.8156
2012-03-25 23:00:00,65.670135
2012-03-26 00:00:00,22.898685
2012-03-26 01:00:00,13.151445
2012-03-26 02:00:00,6.662145
2012-03-26 03:00:00,5.4192247
2012-03-26 04:00:00,5.920028
2012-03-26 05:00:00,26.473894
2012-03-26 06:00:00,113.117256
2012-03-26 07:00:00,354.2907
2012-03-26 08:00:00,602.71173
2012-03-26 09:00:00,290.50748
2012-03-26 10:00:00,180.06683
2012-03-26 11:00:00,194.74265
2012-03-26 12:00:00,238.64352
2012-03-26 13:00:00,225.36604
2012-03-26 14:00:00,203.97046
2012-03-26 15:00:00,219.64354
2012-03-26 16:00:00,299.27536
2012-03-26 17:00:00,532.7976
2012-03-26 18:00:00,509.56662
2012-03-26 19:00:00,351.44247
2012-03-26 20:00:00,235.85678
2012-03-26 21:00:00,153.53198
2012-03-26 22:00:00,98.91583
2012-03-26 23:00:00,60.603752
2012-03-27 00:00:00,29.493214
2012-03-27 01:00:00,8.647996
2012-03-27 02:00:00,4.356687
2012-03-27 03:00:00,3.2771778
2012-03-27 04:00:00,4.018713
2012-03-27 05:00:00,20.577087
2012-03-27 06:00:00,91.66304
2012-03-27 07:00:00,290.70053
2012-03-27 08:00:00,523.3442
2012-03-27 09:00:00,263.94543
2012-03-27 10:00:00,127.96539
2012-03-27 11:00:00,142.36598
2012-03-27 12:00:00,176.81114
2012-03-27 13:00:00,185.65996
2012-03-27 14:00:00,181.06734
2012-03-27 15:00:00,199.66312
2012-03-27 16:00:00,277.87207
2012-03-27 17:00:00,518.0656
2012-03-27 18:00:00,522.5459
2012-03-27 19:00:00,363.25687
2012-03-27 20:00:00,267.43304
2012-03-27 21:00:00,157.44354
2012-03-27 22:00:00,112.39767
2012-03-27 23:00:00,68.40751
2012-03-28 00:00:00,29.110655
2012-03-28 01:00:00,10.127515
2012-03-28 02:00:00,4.465043
2012-03-28 03:00:00,3.998394
2012-03-28 04:00:00,4.090955
2012-03-28 05:00:00,23.885576
2012-03-28 06:00:00,103.78016
2012-03-28 07:00:00,314.56238
2012-03-28 08:00:00,594.8687
2012-03-28 09:00:00,298.9367
2012-03-28 10:00:00,167.65128
2012-03-28 11:00:00,214.04747
2012-03-28 12:00:00,254.68677
2012-03-28 13:00:00,262.85995
2012-03-28 14:00:00,245.10678
2012-03-28 15:00:00,259.85608
2012-03-28 16:00:00,298.9447
2012-03-28 17:00:00,722.19977
2012-03-28 18:00:00,736.7764
2012-03-28 19:00:00,520.591
2012-03-28 20:00:00,391.78848
2012-03-28 21:00:00,285.9865
2012-03-28 22:00:00,205.47018
2012-03-28 23:00:00,124.65635
2012-03-29 00:00:00,45.693466
2012-03-29 01:00:00,26.227201
2012-03-29 02:00:00,14.78587
2012-03-29 03:00:00,9.596307
2012-03-29 04:00:00,9.19966
2012-03-29 05:00:00,32.187595
2012-03-29 06:00:00,123.49519
2012-03-29 07:00:00,378.6306
2012-03-29 08:00:00,634.6959
2012-03-29 09:00:00,322.85016
2012-03-29 10:00:00,166.73203
2012-03-29 11:00:00,219.65926
2012-03-29 12:00:00,260.69876
2012-03-29 13:00:00,232.55469
2012-03-29 14:00:00,236.26031
2012-03-29 15:00:00,264.5741
2012-03-29 16:00:00,359.10336
2012-03-29 17:00:00,677.3363
2012-03-29 18:00:00,660.8687
2012-03-29 19:00:00,418.13956
2012-03-29 20:00:00,294.77927
2012-03-29 21:00:00,198.7071
2012-03-29 22:00:00,143.03043
2012-03-29 23:00:00,100.25449
2012-03-30 00:00:00,44.548042
2012-03-30 01:00:00,20.001732
2012-03-30 02:00:00,9.987377
2012-03-30 03:00:00,6.7701416
2012-03-30 04:00:00,5.5134563
2012-03-30 05:00:00,22.357595
2012-03-30 06:00:00,98.01968
2012-03-30 07:00:00,294.827
2012-03-30 08:00:00,552.5052
2012-03-30 09:00:00,300.49234
2012-03-30 10:00:00,163.84448
2012-03-30 11:00:00,179.97583
2012-03-30 12:00:00,211.85593
2012-03-30 13:00:00,125.57289
2012-03-30 14:00:00,109.625305
2012-03-30 15:00:00,120.80171
2012-03-30 16:00:00,173.20921
2012-03-30 17:00:00,473.8092
2012-03-30 18:00:00,475.56732
2012-03-30 19:00:00,321.45972
2012-03-30 20:00:00,230.97821
2012-03-30 21:00:00,164.55655
2012-03-30 22:00:00,133.54822
2012-03-30 23:00:00,108.773796
2012-03-31 00:00:00,87.9293
2012-03-31 01:00:00,63.978054
2012-03-31 02:00:00,47.62113
2012-03-31 03:00:00,26.078316
2012-03-31 04:00:00,9.126458
2012-03-31 05:00:00,13.288608
2012-03-31 06:00:00,26.168098
2012-03-31 07:00:00,65.75453
2012-03-31 08:00:00,130.90088
2012-03-31 09:00:00,235.81131
2012-03-31 10:00:00,302.3427
2012-03-31 11:00:00,460.1469
2012-03-31 12:00:00,485.61673
2012-03-31 13:00:00,606.0229
2012-03-31 14:00:00,494.09195
2012-03-31 15:00:00,513.68646
2012-03-31 16:00:00,476.31888
2012-03-31 17:00:00,380.7069
2012-03-31 18:00:00,262.102
2012-03-31 19:00:00,237.7956
2012-03-31 20:00:00,171.02702
2012-03-31 21:00:00,134.67555
2012-03-31 22:00:00,113.8644
2012-03-31 23:00:00,75.22845
2012-04-20 00:00:00,54.151768
2012-04-20 01:00:00,34.70072
2012-04-20 02:00:00,15.261503
2012-04-20 03:00:00,9.624694
2012-04-20 04:00:00,8.228185
2012-04-20 05:00:00,29.255644
2012-04-20 06:00:00,123.83705
2012-04-20 07:00:00,378.8068
2012-04-20 08:00:00,650.7175
2012-04-20 09:00:00,356.39822
2012-04-20 10:00:00,227.38286
2012-04-20 11:00:00,278.11688
2012-04-20 12:00:00,359.26062
2012-04-20 13:00:00,370.55695
2012-04-20 14:00:00,342.32
2012-04-20 15:00:00,377.0129
2012-04-20 16:00:00,491.49063
2012-04-20 17:00:00,726.4956
2012-04-20 18:00:00,652.1425
2012-04-20 19:00:00,486.80597
2012-04-20 20:00:00,347.8265
2012-04-20 21:00:00,263.55606
2012-04-20 22:00:00,219.5391
2012-04-20 23:00:00,177.25298
2012-04-21 00:00:00,113.62939
2012-04-21 01:00:00,91.06752
2012-04-21 02:00:00,68.38306
2012-04-21 03:00:00,34.96942
2012-04-21 04:00:00,17.339136
2012-04-21 05:00:00,20.273754
2012-04-21 06:00:00,43.100124
2012-04-21 07:00:00,103.389656
2012-04-21 08:00:00,199.85458
2012-04-21 09:00:00,318.24182
2012-04-21 10:00:00,438.259
2012-04-21 11:00:00,556.66284
2012-04-21 12:00:00,643.5273
2012-04-21 13:00:00,668.08636
2012-04-21 14:00:00,628.5563
2012-04-21 15:00:00,650.313
2012-04-21 16:00:00,622.1217
2012-04-21 17:00:00,598.5763
2012-04-21 18:00:00,484.72095
2012-04-21 19:00:00,272.02194
2012-04-21 20:00:00,130.00075
2012-04-21 21:00:00,98.91352
2012-04-21 22:00:00,144.09216
2012-04-21 23:00:00,101.98404
2012-04-22 00:00:00,97.74098
2012-04-22 01:00:00,80.90997
2012-04-22 02:00:00,62.906387
2012-04-22 03:00:00,31.141264
2012-04-22 04:00:00,13.469805
2012-04-22 05:00:00,10.792522
2012-04-22 06:00:00,22.268278
2012-04-22 07:00:00,41.01017
2012-04-22 08:00:00,80.958626
2012-04-22 09:00:00,117.300705
2012-04-22 10:00:00,185.83702
2012-04-22 11:00:00,190.13498
2012-04-22 12:00:00,239.99355
2012-04-22 13:00:00,248.88295
2012-04-22 14:00:00,235.00775
2012-04-22 15:00:00,225.92911
2012-04-22 16:00:00,178.19283
2012-04-22 17:00:00,109.71669
2012-04-22 18:00:00,90.305244
2012-04-22 19:00:00,86.19354
2012-04-22 20:00:00,72.77067
2012-04-22 21:00:00,64.49079
2012-04-22 22:00:00,31.857067
2012-04-22 23:00:00,22.076735
2012-04-23 00:00:00,12.621816
2012-04-23 01:00:00,5.676445
2012-04-23 02:00:00,4.454751
2012-04-23 03:00:00,2.4654267
2012-04-23 04:00:00,2.3877356
2012-04-23 05:00:00,8.914138
2012-04-23 06:00:00,85.24654
2012-04-23 07:00:00,130.35493
2012-04-23 08:00:00,527.57117
2012-04-23 09:00:00,254.42952
2012-04-23 10:00:00,123.534744
2012-04-23 11:00:00,129.80998
2012-04-23 12:00:00,92.46444
2012-04-23 13:00:00,109.28905
2012-04-23 14:00:00,101.13017
2012-04-23 15:00:00,166.74237
2012-04-23 16:00:00,115.153496
2012-04-23 17:00:00,243.91783
2012-04-23 18:00:00,326.5683
2012-04-23 19:00:00,305.30014
2012-04-23 20:00:00,208.75162
2012-04-23 21:00:00,129.40495
2012-04-23 22:00:00,103.43799
2012-04-23 23:00:00,62.42051
2012-04-24 00:00:00,20.648481
2012-04-24 01:00:00,9.550071
2012-04-24 02:00:00,5.0784597
2012-04-24 03:00:00,3.3717594
2012-04-24 04:00:00,3.5529907
2012-04-24 05:00:00,21.361502
2012-04-24 06:00:00,100.13803
2012-04-24 07:00:00,338.20255
2012-04-24 08:00:00,611.5457
2012-04-24 09:00:00,308.24582
2012-04-24 10:00:00,164.27954
2012-04-24 11:00:00,204.26694
2012-04-24 12:00:00,247.39066
2012-04-24 13:00:00,261.8004
2012-04-24 14:00:00,249.31694
2012-04-24 15:00:00,265.48514
2012-04-24 16:00:00,367.87515
2012-04-24 17:00:00,726.38446
2012-04-24 18:00:00,728.1469
2012-04-24 19:00:00,491.14746
2012-04-24 20:00:00,309.11908
2012-04-24 21:00:00,208.94702
2012-04-24 22:00:00,143.34239
2012-04-24 23:00:00,90.296
2012-04-25 00:00:00,29.141268
2012-04-25 01:00:00,11.413998
2012-04-25 02:00:00,4.668829
2012-04-25 03:00:00,3.286359
2012-04-25 04:00:00,3.800377
2012-04-25 05:00:00,21.320398
2012-04-25 06:00:00,106.78373
2012-04-25 07:00:00,374.55847
2012-04-25 08:00:00,650.3488
2012-04-25 09:00:00,322.27393
2012-04-25 10:00:00,186.05914
2012-04-25 11:00:00,232.98303
2012-04-25 12:00:00,273.99084
2012-04-25 13:00:00,282.60333
2012-04-25 14:00:00,245.66791
2012-04-25 15:00:00,285.75366
2012-04-25 16:00:00,381.1731
2012-04-25 17:00:00,765.9983
2012-04-25 18:00:00,764.78375
2012-04-25 19:00:00,548.6479
2012-04-25 20:00:00,383.41544
2012-04-25 21:00:00,279.62747
2012-04-25 22:00:00,188.31616
2012-04-25 23:00:00,121.68168
2012-04-26 00:00:00,31.70655
2012-04-26 01:00:00,17.610779
2012-04-26 02:00:00,9.200444
2012-04-26 03:00:00,5.771965
2012-04-26 04:00:00,6.316043
2012-04-26 05:00:00,31.044958
2012-04-26 06:00:00,121.93152
2012-04-26 07:00:00,247.03786
2012-04-26 08:00:00,461.92664
2012-04-26 09:00:00,254.87366
2012-04-26 10:00:00,163.47118
2012-04-26 11:00:00,172.08304
2012-04-26 12:00:00,240.51814
2012-04-26 13:00:00,254.21246
2012-04-26 14:00:00,217.02765
2012-04-26 15:00:00,223.60278
2012-04-26 16:00:00,299.82642
2012-04-26 17:00:00,550.77594
2012-04-26 18:00:00,525.8156
2012-04-26 19:00:00,448.2677
2012-04-26 20:00:00,353.51434
2012-04-26 21:00:00,241.88277
2012-04-26 22:00:00,192.31665
2012-04-26 23:00:00,127.55289
2012-04-27 00:00:00,58.573452
2012-04-27 01:00:00,28.637453
2012-04-27 02:00:00,15.128238
2012-04-27 03:00:00,5.318039
2012-04-27 04:00:00,8.124186
2012-04-27 05:00:00,29.467613
2012-04-27 06:00:00,111.401985
2012-04-27 07:00:00,328.1845
2012-04-27 08:00:00,607.2366
2012-04-27 09:00:00,339.64554
2012-04-27 10:00:00,209.92194
2012-04-27 11:00:00,248.45824
2012-04-27 12:00:00,305.40576
2012-04-27 13:00:00,325.82004
2012-04-27 14:00:00,293.50134
2012-04-27 15:00:00,375.39682
2012-04-27 16:00:00,469.83606
2012-04-27 17:00:00,727.6721
2012-04-27 18:00:00,626.41736
2012-04-27 19:00:00,436.63617
2012-04-27 20:00:00,270.32684
2012-04-27 21:00:00,190.00711
2012-04-27 22:00:00,158.39847
2012-04-27 23:00:00,118.53083
2012-04-28 00:00:00,87.98462
2012-04-28 01:00:00,58.928936
2012-04-28 02:00:00,48.226948
2012-04-28 03:00:00,18.581339
2012-04-28 04:00:00,8.750185
2012-04-28 05:00:00,10.738489
2012-04-28 06:00:00,23.580473
2012-04-28 07:00:00,60.149258
2012-04-28 08:00:00,151.77946
2012-04-28 09:00:00,227.5537
2012-04-28 10:00:00,316.4735
2012-04-28 11:00:00,381.58173
2012-04-28 12:00:00,406.00653
2012-04-28 13:00:00,429.46396
2012-04-28 14:00:00,486.2135
2012-04-28 15:00:00,502.64615
2012-04-28 16:00:00,429.65524
2012-04-28 17:00:00,403.37183
2012-04-28 18:00:00,264.36853
2012-04-28 19:00:00,178.08775
2012-04-28 20:00:00,179.66635
2012-04-28 21:00:00,100.548416
2012-04-28 22:00:00,128.3422
2012-04-28 23:00:00,111.66612
2012-04-29 00:00:00,66.94299
2012-04-29 01:00:00,75.46681
2012-04-29 02:00:00,55.428146
2012-04-29 03:00:00,27.122406
2012-04-29 04:00:00,13.280633
2012-04-29 05:00:00,9.452851
2012-04-29 06:00:00,22.36823
2012-04-29 07:00:00,55.57165
2012-04-29 08:00:00,126.07245
2012-04-29 09:00:00,222.23466
2012-04-29 10:00:00,350.0205
2012-04-29 11:00:00,444.15762
2012-04-29 12:00:00,507.78683
2012-04-29 13:00:00,571.1398
2012-04-29 14:00:00,531.7115
2012-04-29 15:00:00,577.3954
2012-04-29 16:00:00,564.3832
2012-04-29 17:00:00,557.87274
2012-04-29 18:00:00,488.68158
2012-04-29 19:00:00,387.85822
2012-04-29 20:00:00,272.61258
2012-04-29 21:00:00,187.63313
2012-04-29 22:00:00,124.52651
2012-04-29 23:00:00,79.31726
2012-04-30 00:00:00,32.682274
2012-04-30 01:00:00,12.957331
2012-04-30 02:00:00,8.564477
2012-04-30 03:00:00,4.586561
2012-04-30 04:00:00,4.1171703
2012-04-30 05:00:00,23.035658
2012-04-30 06:00:00,107.95875
2012-04-30 07:00:00,345.27225
2012-04-30 08:00:00,600.4212
2012-04-30 09:00:00,288.0324
2012-04-30 10:00:00,159.25613
2012-04-30 11:00:00,177.6108
2012-04-30 12:00:00,213.48997
2012-04-30 13:00:00,213.80162
2012-04-30 14:00:00,215.90352
2012-04-30 15:00:00,237.93742
2012-04-30 16:00:00,350.1709
2012-04-30 17:00:00,713.63007
2012-04-30 18:00:00,696.596
2012-04-30 19:00:00,448.90768
2012-04-30 20:00:00,317.5165
2012-04-30 21:00:00,234.14111
2012-04-30 22:00:00,167.2592
2012-04-30 23:00:00,95.368065
2012-05-20 00:00:00,143.52673
2012-05-20 01:00:00,104.14279
2012-05-20 02:00:00,80.31462
2012-05-20 03:00:00,42.97031
2012-05-20 04:00:00,16.62139
2012-05-20 05:00:00,14.139589
2012-05-20 06:00:00,33.595833
2012-05-20 07:00:00,61.534794
2012-05-20 08:00:00,155.10356
2012-05-20 09:00:00,292.19025
2012-05-20 10:00:00,472.99646
2012-05-20 11:00:00,574.683
2012-05-20 12:00:00,658.7796
2012-05-20 13:00:00,670.50446
2012-05-20 14:00:00,617.3314
2012-05-20 15:00:00,580.2528
2012-05-20 16:00:00,600.06244
2012-05-20 17:00:00,571.2893
2012-05-20 18:00:00,509.1121
2012-05-20 19:00:00,391.38635
2012-05-20 20:00:00,299.96295
2012-05-20 21:00:00,233.07956
2012-05-20 22:00:00,157.80695
2012-05-20 23:00:00,77.52503
2012-05-21 00:00:00,23.384428
2012-05-21 01:00:00,13.00273
2012-05-21 02:00:00,4.218834
2012-05-21 03:00:00,4.0652223
2012-05-21 04:00:00,4.511166
2012-05-21 05:00:00,19.052076
2012-05-21 06:00:00,74.31652
2012-05-21 07:00:00,141.04468
2012-05-21 08:00:00,237.80324
2012-05-21 09:00:00,132.62
2012-05-21 10:00:00,100.25206
2012-05-21 11:00:00,144.85258
2012-05-21 12:00:00,172.78973
2012-05-21 13:00:00,115.22918
2012-05-21 14:00:00,110.629745
2012-05-21 15:00:00,230.72342
2012-05-21 16:00:00,339.98096
2012-05-21 17:00:00,677.58795
2012-05-21 18:00:00,687.01184
2012-05-21 19:00:00,521.4353
2012-05-21 20:00:00,377.88046
2012-05-21 21:00:00,276.68823
2012-05-21 22:00:00,170.72643
2012-05-21 23:00:00,105.813416
2012-05-22 00:00:00,36.34747
2012-05-22 01:00:00,13.649212
2012-05-22 02:00:00,6.8836064
2012-05-22 03:00:00,4.55251
2012-05-22 04:00:00,5.6040025
2012-05-22 05:00:00,23.393435
2012-05-22 06:00:00,81.39379
2012-05-22 07:00:00,177.4635
2012-05-22 08:00:00,553.32886
2012-05-22 09:00:00,308.89914
2012-05-22 10:00:00,171.89021
2012-05-22 11:00:00,188.95384
2012-05-22 12:00:00,209.65215
2012-05-22 13:00:00,211.69727
2012-05-22 14:00:00,203.25162
2012-05-22 15:00:00,270.98343
2012-05-22 16:00:00,380.98956
2012-05-22 17:00:00,791.1553
2012-05-22 18:00:00,769.8069
2012-05-22 19:00:00,532.76965
2012-05-22 20:00:00,411.68326
2012-05-22 21:00:00,284.51758
2012-05-22 22:00:00,225.39604
2012-05-22 23:00:00,139.43791
2012-05-23 00:00:00,53.04678
2012-05-23 01:00:00,21.918974
2012-05-23 02:00:00,10.028708
2012-05-23 03:00:00,9.6409025
2012-05-23 04:00:00,10.443256
2012-05-23 05:00:00,26.853321
2012-05-23 06:00:00,157.31024
2012-05-23 07:00:00,442.7953
2012-05-23 08:00:00,662.7196
2012-05-23 09:00:00,332.84283
2012-05-23 10:00:00,189.6598
2012-05-23 11:00:00,227.16408
2012-05-23 12:00:00,256.72867
2012-05-23 13:00:00,246.74538
2012-05-23 14:00:00,249.6499
2012-05-23 15:00:00,252.67142
2012-05-23 16:00:00,324.4181
2012-05-23 17:00:00,562.2084
2012-05-23 18:00:00,575.2835
2012-05-23 19:00:00,406.7729
2012-05-23 20:00:00,301.19434
2012-05-23 21:00:00,219.68904
2012-05-23 22:00:00,179.74255
2012-05-23 23:00:00,134.93527
2012-05-24 00:00:00,60.92459
2012-05-24 01:00:00,24.933092
2012-05-24 02:00:00,11.959549
2012-05-24 03:00:00,8.031826
2012-05-24 04:00:00,10.203636
2012-05-24 05:00:00,36.712387
2012-05-24 06:00:00,152.49243
2012-05-24 07:00:00,457.7794
2012-05-24 08:00:00,700.4119
2012-05-24 09:00:00,350.62787
2012-05-24 10:00:00,205.31432
2012-05-24 11:00:00,253.09004
2012-05-24 12:00:00,303.39594
2012-05-24 13:00:00,307.48553
2012-05-24 14:00:00,259.61053
2012-05-24 15:00:00,285.24722
2012-05-24 16:00:00,394.52396
2012-05-24 17:00:00,781.5476
2012-05-24 18:00:00,779.1193
2012-05-24 19:00:00,562.1203
2012-05-24 20:00:00,375.03458
2012-05-24 21:00:00,250.08812
2012-05-24 22:00:00,208.49411
2012-05-24 23:00:00,154.64377
2012-05-25 00:00:00,81.93588
2012-05-25 01:00:00,41.000214
2012-05-25 02:00:00,16.19206
2012-05-25 03:00:00,10.805866
2012-05-25 04:00:00,11.537735
2012-05-25 05:00:00,36.78921
2012-05-25 06:00:00,145.06354
2012-05-25 07:00:00,395.94385
2012-05-25 08:00:00,598.27576
2012-05-25 09:00:00,337.10162
2012-05-25 10:00:00,242.60576
2012-05-25 11:00:00,277.94202
2012-05-25 12:00:00,338.74954
2012-05-25 13:00:00,347.2433
2012-05-25 14:00:00,319.23804
2012-05-25 15:00:00,335.83423
2012-05-25 16:00:00,460.8005
2012-05-25 17:00:00,667.933
2012-05-25 18:00:00,649.037
2012-05-25 19:00:00,479.54706
2012-05-25 20:00:00,365.58023
2012-05-25 21:00:00,292.49603
2012-05-25 22:00:00,269.42877
2012-05-25 23:00:00,219.66058
2012-05-26 00:00:00,151.94672
2012-05-26 01:00:00,113.0709
2012-05-26 02:00:00,78.49873
2012-05-26 03:00:00,38.70094
2012-05-26 04:00:00,19.952688
2012-05-26 05:00:00,22.729382
2012-05-26 06:00:00,44.555595
2012-05-26 07:00:00,91.43963
2012-05-26 08:00:00,217.61319
2012-05-26 09:00:00,293.7998
2012-05-26 10:00:00,425.8123
2012-05-26 11:00:00,520.9745
2012-05-26 12:00:00,570.53864
2012-05-26 13:00:00,577.46533
2012-05-26 14:00:00,534.09485
2012-05-26 15:00:00,534.3009
2012-05-26 16:00:00,548.32117
2012-05-26 17:00:00,553.7897
2012-05-26 18:00:00,532.4902
2012-05-26 19:00:00,407.12448
2012-05-26 20:00:00,340.87875
2012-05-26 21:00:00,274.6774
2012-05-26 22:00:00,253.24532
2012-05-26 23:00:00,207.08922
2012-05-27 00:00:00,148.56349
2012-05-27 01:00:00,124.00563
2012-05-27 02:00:00,97.57288
2012-05-27 03:00:00,56.48548
2012-05-27 04:00:00,20.548409
2012-05-27 05:00:00,19.241781
2012-05-27 06:00:00,34.265953
2012-05-27 07:00:00,74.003746
2012-05-27 08:00:00,146.81906
2012-05-27 09:00:00,256.24423
2012-05-27 10:00:00,413.86743
2012-05-27 11:00:00,499.6718
2012-05-27 12:00:00,521.2648
2012-05-27 13:00:00,564.9645
2012-05-27 14:00:00,517.6377
2012-05-27 15:00:00,516.72284
2012-05-27 16:00:00,510.807
2012-05-27 17:00:00,542.0204
2012-05-27 18:00:00,481.70996
2012-05-27 19:00:00,397.94702
2012-05-27 20:00:00,325.46866
2012-05-27 21:00:00,179.92714
2012-05-27 22:00:00,103.45012
2012-05-27 23:00:00,87.06478
2012-05-28 00:00:00,98.54231
2012-05-28 01:00:00,60.32376
2012-05-28 02:00:00,46.47121
2012-05-28 03:00:00,19.845972
2012-05-28 04:00:00,20.330332
2012-05-28 05:00:00,41.55588
2012-05-28 06:00:00,69.34085
2012-05-28 07:00:00,283.3357
2012-05-28 08:00:00,358.57745
2012-05-28 09:00:00,307.64737
2012-05-28 10:00:00,270.52383
2012-05-28 11:00:00,301.82025
2012-05-28 12:00:00,363.22702
2012-05-28 13:00:00,355.003
2012-05-28 14:00:00,359.5757
2012-05-28 15:00:00,369.8173
2012-05-28 16:00:00,433.9756
2012-05-28 17:00:00,628.2135
2012-05-28 18:00:00,605.04626
2012-05-28 19:00:00,513.3235
2012-05-28 20:00:00,435.17902
2012-05-28 21:00:00,326.77853
2012-05-28 22:00:00,237.99118
2012-05-28 23:00:00,141.33626
2012-05-29 00:00:00,50.476624
2012-05-29 01:00:00,22.749947
2012-05-29 02:00:00,13.79587
2012-05-29 03:00:00,8.800738
2012-05-29 04:00:00,13.564757
2012-05-29 05:00:00,40.689632
2012-05-29 06:00:00,164.05635
2012-05-29 07:00:00,455.049
2012-05-29 08:00:00,662.4612
2012-05-29 09:00:00,316.53198
2012-05-29 10:00:00,155.42249
2012-05-29 11:00:00,213.34987
2012-05-29 12:00:00,251.2283
2012-05-29 13:00:00,256.8641
2012-05-29 14:00:00,241.04033
2012-05-29 15:00:00,265.5837
2012-05-29 16:00:00,376.29138
2012-05-29 17:00:00,783.9266
2012-05-29 18:00:00,776.12823
2012-05-29 19:00:00,540.7686
2012-05-29 20:00:00,304.58548
2012-05-29 21:00:00,157.86108
2012-05-29 22:00:00,158.14551
2012-05-29 23:00:00,78.92824
2012-05-30 00:00:00,39.03973
2012-05-30 01:00:00,22.667727
2012-05-30 02:00:00,11.749105
2012-05-30 03:00:00,10.802063
2012-05-30 04:00:00,9.158144
2012-05-30 05:00:00,37.745193
2012-05-30 06:00:00,156.6433
2012-05-30 07:00:00,295.12714
2012-05-30 08:00:00,683.86273
2012-05-30 09:00:00,340.3025
2012-05-30 10:00:00,184.02469
2012-05-30 11:00:00,227.76889
2012-05-30 12:00:00,293.81818
2012-05-30 13:00:00,289.8015
2012-05-30 14:00:00,268.2329
2012-05-30 15:00:00,283.51328
2012-05-30 16:00:00,390.18018
2012-05-30 17:00:00,782.2684
2012-05-30 18:00:00,805.9906
2012-05-30 19:00:00,564.2455
2012-05-30 20:00:00,368.5421
2012-05-30 21:00:00,321.73178
2012-05-30 22:00:00,250.37161
2012-05-30 23:00:00,166.40417
2012-05-31 00:00:00,65.24683
2012-05-31 01:00:00,29.671928
2012-05-31 02:00:00,16.208818
2012-05-31 03:00:00,12.177804
2012-05-31 04:00:00,12.34559
2012-05-31 05:00:00,42.772476
2012-05-31 06:00:00,166.93587
2012-05-31 07:00:00,477.50433
2012-05-31 08:00:00,691.90735
2012-05-31 09:00:00,348.31122
2012-05-31 10:00:00,219.33968
2012-05-31 11:00:00,268.79358
2012-05-31 12:00:00,324.7366
2012-05-31 13:00:00,326.60904
2012-05-31 14:00:00,288.95233
2012-05-31 15:00:00,320.00793
2012-05-31 16:00:00,442.03375
2012-05-31 17:00:00,837.83246
2012-05-31 18:00:00,826.9052
2012-05-31 19:00:00,591.98987
2012-05-31 20:00:00,433.86838
2012-05-31 21:00:00,331.6584
2012-05-31 22:00:00,275.10297
2012-05-31 23:00:00,210.35248
2012-06-20 00:00:00,50.03978
2012-06-20 01:00:00,22.167253
2012-06-20 02:00:00,9.956487
2012-06-20 03:00:00,6.4683304
2012-06-20 04:00:00,7.5340805
2012-06-20 05:00:00,36.974476
2012-06-20 06:00:00,149.7504
2012-06-20 07:00:00,419.72418
2012-06-20 08:00:00,678.2325
2012-06-20 09:00:00,339.28183
2012-06-20 10:00:00,177.69691
2012-06-20 11:00:00,207.17926
2012-06-20 12:00:00,237.74039
2012-06-20 13:00:00,231.64145
2012-06-20 14:00:00,210.6256
2012-06-20 15:00:00,226.21425
2012-06-20 16:00:00,350.3873
2012-06-20 17:00:00,733.17505
2012-06-20 18:00:00,719.00757
2012-06-20 19:00:00,514.56476
2012-06-20 20:00:00,419.25943
2012-06-20 21:00:00,340.25568
2012-06-20 22:00:00,280.46927
2012-06-20 23:00:00,164.47626
2012-06-21 00:00:00,62.48107
2012-06-21 01:00:00,27.90329
2012-06-21 02:00:00,13.974368
2012-06-21 03:00:00,7.2209
2012-06-21 04:00:00,9.942286
2012-06-21 05:00:00,40.548683
2012-06-21 06:00:00,168.08586
2012-06-21 07:00:00,430.99625
2012-06-21 08:00:00,667.696
2012-06-21 09:00:00,315.38638
2012-06-21 10:00:00,177.62062
2012-06-21 11:00:00,206.40862
2012-06-21 12:00:00,244.96936
2012-06-21 13:00:00,232.12871
2012-06-21 14:00:00,218.86972
2012-06-21 15:00:00,232.782
2012-06-21 16:00:00,359.21057
2012-06-21 17:00:00,754.8309
2012-06-21 18:00:00,762.83856
2012-06-21 19:00:00,512.7077
2012-06-21 20:00:00,423.0596
2012-06-21 21:00:00,361.44904
2012-06-21 22:00:00,259.46445
2012-06-21 23:00:00,181.9296
2012-06-22 00:00:00,78.97419
2012-06-22 01:00:00,39.051575
2012-06-22 02:00:00,21.983967
2012-06-22 03:00:00,11.338393
2012-06-22 04:00:00,10.2273035
2012-06-22 05:00:00,39.03
2012-06-22 06:00:00,145.95084
2012-06-22 07:00:00,430.5365
2012-06-22 08:00:00,661.6892
2012-06-22 09:00:00,339.11948
2012-06-22 10:00:00,228.29184
2012-06-22 11:00:00,276.29758
2012-06-22 12:00:00,309.54733
2012-06-22 13:00:00,298.4167
2012-06-22 14:00:00,270.8666
2012-06-22 15:00:00,292.18488
2012-06-22 16:00:00,395.9973
2012-06-22 17:00:00,752.5081
2012-06-22 18:00:00,650.3311
2012-06-22 19:00:00,463.43622
2012-06-22 20:00:00,365.27933
2012-06-22 21:00:00,236.33487
2012-06-22 22:00:00,253.4523
2012-06-22 23:00:00,178.15337
2012-06-23 00:00:00,149.68358
2012-06-23 01:00:00,113.552216
2012-06-23 02:00:00,72.85036
2012-06-23 03:00:00,29.170555
2012-06-23 04:00:00,11.988192
2012-06-23 05:00:00,11.701389
2012-06-23 06:00:00,31.519968
2012-06-23 07:00:00,71.07953
2012-06-23 08:00:00,186.68556
2012-06-23 09:00:00,301.62292
2012-06-23 10:00:00,443.53738
2012-06-23 11:00:00,546.289
2012-06-23 12:00:00,578.30963
2012-06-23 13:00:00,605.4474
2012-06-23 14:00:00,602.8836
2012-06-23 15:00:00,559.3949
2012-06-23 16:00:00,557.37
2012-06-23 17:00:00,582.2483
2012-06-23 18:00:00,552.64294
2012-06-23 19:00:00,454.14365
2012-06-23 20:00:00,378.4417
2012-06-23 21:00:00,331.18527
2012-06-23 22:00:00,298.73315
2012-06-23 23:00:00,229.20268
2012-06-24 00:00:00,163.3446
2012-06-24 01:00:00,129.27164
2012-06-24 02:00:00,97.79138
2012-06-24 03:00:00,43.8336
2012-06-24 04:00:00,14.982407
2012-06-24 05:00:00,15.573456
2012-06-24 06:00:00,29.77655
2012-06-24 07:00:00,54.188282
2012-06-24 08:00:00,145.16602
2012-06-24 09:00:00,265.8505
2012-06-24 10:00:00,438.01373
2012-06-24 11:00:00,520.6217
2012-06-24 12:00:00,562.15814
2012-06-24 13:00:00,586.9459
2012-06-24 14:00:00,509.38315
2012-06-24 15:00:00,464.73877
2012-06-24 16:00:00,491.43826
2012-06-24 17:00:00,533.84045
2012-06-24 18:00:00,501.80582
2012-06-24 19:00:00,413.14548
2012-06-24 20:00:00,311.6994
2012-06-24 21:00:00,258.3644
2012-06-24 22:00:00,203.71948
2012-06-24 23:00:00,123.770325
2012-06-25 00:00:00,39.059624
2012-06-25 01:00:00,16.813591
2012-06-25 02:00:00,7.4884553
2012-06-25 03:00:00,4.9249153
2012-06-25 04:00:00,10.08678
2012-06-25 05:00:00,37.31918
2012-06-25 06:00:00,155.12971
2012-06-25 07:00:00,443.94263
2012-06-25 08:00:00,631.5084
2012-06-25 09:00:00,308.39313
2012-06-25 10:00:00,182.02322
2012-06-25 11:00:00,209.30617
2012-06-25 12:00:00,262.4474
2012-06-25 13:00:00,264.3758
2012-06-25 14:00:00,229.51115
2012-06-25 15:00:00,266.02603
2012-06-25 16:00:00,386.38983
2012-06-25 17:00:00,798.85785
2012-06-25 18:00:00,798.23865
2012-06-25 19:00:00,563.873
2012-06-25 20:00:00,416.38406
2012-06-25 21:00:00,318.69992
2012-06-25 22:00:00,231.15416
2012-06-25 23:00:00,136.4436
2012-06-26 00:00:00,44.231556
2012-06-26 01:00:00,23.957525
2012-06-26 02:00:00,10.22473
2012-06-26 03:00:00,6.658676
2012-06-26 04:00:00,9.112972
2012-06-26 05:00:00,37.900726
2012-06-26 06:00:00,158.69821
2012-06-26 07:00:00,487.6247
2012-06-26 08:00:00,702.02783
2012-06-26 09:00:00,345.99664
2012-06-26 10:00:00,192.44514
2012-06-26 11:00:00,232.28365
2012-06-26 12:00:00,278.3922
2012-06-26 13:00:00,278.40732
2012-06-26 14:00:00,263.08136
2012-06-26 15:00:00,281.21896
2012-06-26 16:00:00,412.2298
2012-06-26 17:00:00,810.5508
2012-06-26 18:00:00,820.5816
2012-06-26 19:00:00,594.9626
2012-06-26 20:00:00,450.00134
2012-06-26 21:00:00,337.269
2012-06-26 22:00:00,254.58585
2012-06-26 23:00:00,153.64137
2012-06-27 00:00:00,50.411575
2012-06-27 01:00:00,19.817556
2012-06-27 02:00:00,10.347175
2012-06-27 03:00:00,8.161684
2012-06-27 04:00:00,10.69142
2012-06-27 05:00:00,39.704865
2012-06-27 06:00:00,165.4343
2012-06-27 07:00:00,487.9016
2012-06-27 08:00:00,684.7865
2012-06-27 09:00:00,334.52798
2012-06-27 10:00:00,204.12033
2012-06-27 11:00:00,234.12453
2012-06-27 12:00:00,284.7842
2012-06-27 13:00:00,265.68335
2012-06-27 14:00:00,257.4628
2012-06-27 15:00:00,262.40277
2012-06-27 16:00:00,384.9658
2012-06-27 17:00:00,793.6889
2012-06-27 18:00:00,797.36597
2012-06-27 19:00:00,572.04095
2012-06-27 20:00:00,465.13623
2012-06-27 21:00:00,354.4612
2012-06-27 22:00:00,279.51532
2012-06-27 23:00:00,182.45659
2012-06-28 00:00:00,68.383575
2012-06-28 01:00:00,28.443293
2012-06-28 02:00:00,16.281807
2012-06-28 03:00:00,11.322758
2012-06-28 04:00:00,10.508332
2012-06-28 05:00:00,39.641884
2012-06-28 06:00:00,160.209
2012-06-28 07:00:00,486.1717
2012-06-28 08:00:00,688.1281
2012-06-28 09:00:00,339.6641
2012-06-28 10:00:00,206.35803
2012-06-28 11:00:00,235.2269
2012-06-28 12:00:00,280.16766
2012-06-28 13:00:00,265.4441
2012-06-28 14:00:00,246.85828
2012-06-28 15:00:00,273.1767
2012-06-28 16:00:00,399.1187
2012-06-28 17:00:00,774.96484
2012-06-28 18:00:00,761.7092
2012-06-28 19:00:00,548.1726
2012-06-28 20:00:00,466.3369
2012-06-28 21:00:00,343.14194
2012-06-28 22:00:00,278.94022
2012-06-28 23:00:00,213.0118
2012-06-29 00:00:00,87.599785
2012-06-29 01:00:00,45.42168
2012-06-29 02:00:00,22.615139
2012-06-29 03:00:00,11.462801
2012-06-29 04:00:00,11.2644205
2012-06-29 05:00:00,40.78038
2012-06-29 06:00:00,149.91335
2012-06-29 07:00:00,432.87686
2012-06-29 08:00:00,663.3207
2012-06-29 09:00:00,342.07025
2012-06-29 10:00:00,196.42094
2012-06-29 11:00:00,239.13335
2012-06-29 12:00:00,267.7901
2012-06-29 13:00:00,244.35971
2012-06-29 14:00:00,215.1906
2012-06-29 15:00:00,222.18077
2012-06-29 16:00:00,308.40668
2012-06-29 17:00:00,606.1987
2012-06-29 18:00:00,548.8114
2012-06-29 19:00:00,410.95218
2012-06-29 20:00:00,332.7592
2012-06-29 21:00:00,270.92838
2012-06-29 22:00:00,188.06473
2012-06-29 23:00:00,144.65852
2012-06-30 00:00:00,110.12748
2012-06-30 01:00:00,87.521515
2012-06-30 02:00:00,67.87968
2012-06-30 03:00:00,28.34092
2012-06-30 04:00:00,11.183419
2012-06-30 05:00:00,13.76115
2012-06-30 06:00:00,31.144703
2012-06-30 07:00:00,71.13824
2012-06-30 08:00:00,163.63693
2012-06-30 09:00:00,256.69962
2012-06-30 10:00:00,375.67944
2012-06-30 11:00:00,454.0348
2012-06-30 12:00:00,503.53116
2012-06-30 13:00:00,514.50476
2012-06-30 14:00:00,508.0541
2012-06-30 15:00:00,504.5476
2012-06-30 16:00:00,456.31122
2012-06-30 17:00:00,506.059
2012-06-30 18:00:00,438.50665
2012-06-30 19:00:00,424.7743
2012-06-30 20:00:00,368.63266
2012-06-30 21:00:00,315.4087
2012-06-30 22:00:00,251.82661
2012-06-30 23:00:00,210.52196
2012-07-20 00:00:00,58.575123
2012-07-20 01:00:00,40.97739
2012-07-20 02:00:00,16.16805
2012-07-20 03:00:00,8.971555
2012-07-20 04:00:00,11.440649
2012-07-20 05:00:00,36.891407
2012-07-20 06:00:00,150.98743
2012-07-20 07:00:00,386.8065
2012-07-20 08:00:00,613.94446
2012-07-20 09:00:00,340.69794
2012-07-20 10:00:00,224.32957
2012-07-20 11:00:00,208.9811
2012-07-20 12:00:00,165.84627
2012-07-20 13:00:00,147.82822
2012-07-20 14:00:00,177.04349
2012-07-20 15:00:00,254.34224
2012-07-20 16:00:00,336.19388
2012-07-20 17:00:00,355.44696
2012-07-20 18:00:00,403.6525
2012-07-20 19:00:00,340.71973
2012-07-20 20:00:00,156.75911
2012-07-20 21:00:00,156.75085
2012-07-20 22:00:00,181.18773
2012-07-20 23:00:00,142.72354
2012-07-21 00:00:00,109.83366
2012-07-21 01:00:00,102.50163
2012-07-21 02:00:00,62.012123
2012-07-21 03:00:00,25.745949
2012-07-21 04:00:00,10.675712
2012-07-21 05:00:00,10.776504
2012-07-21 06:00:00,17.413174
2012-07-21 07:00:00,59.711426
2012-07-21 08:00:00,152.80562
2012-07-21 09:00:00,256.45752
2012-07-21 10:00:00,243.35814
2012-07-21 11:00:00,417.58124
2012-07-21 12:00:00,269.94373
2012-07-21 13:00:00,258.81348
2012-07-21 14:00:00,441.77875
2012-07-21 15:00:00,299.03494
2012-07-21 16:00:00,263.09662
2012-07-21 17:00:00,229.28534
2012-07-21 18:00:00,261.94107
2012-07-21 19:00:00,283.06418
2012-07-21 20:00:00,149.43524
2012-07-21 21:00:00,186.28947
2012-07-21 22:00:00,148.6147
2012-07-21 23:00:00,130.58113
2012-07-22 00:00:00,133.75938
2012-07-22 01:00:00,110.04144
2012-07-22 02:00:00,85.95782
2012-07-22 03:00:00,37.822197
2012-07-22 04:00:00,13.013165
2012-07-22 05:00:00,9.685178
2012-07-22 06:00:00,16.149387
2012-07-22 07:00:00,40.87399
2012-07-22 08:00:00,122.68685
2012-07-22 09:00:00,244.97203
2012-07-22 10:00:00,382.0539
2012-07-22 11:00:00,417.68237
2012-07-22 12:00:00,449.9329
2012-07-22 13:00:00,446.2222
2012-07-22 14:00:00,473.4844
2012-07-22 15:00:00,464.31955
2012-07-22 16:00:00,422.56366
2012-07-22 17:00:00,420.77252
2012-07-22 18:00:00,396.31442
2012-07-22 19:00:00,356.82217
2012-07-22 20:00:00,275.2462
2012-07-22 21:00:00,204.71178
2012-07-22 22:00:00,147.95464
2012-07-22 23:00:00,105.528755
2012-07-23 00:00:00,42.423985
2012-07-23 01:00:00,17.475414
2012-07-23 02:00:00,6.7653103
2012-07-23 03:00:00,4.5874104
2012-07-23 04:00:00,6.5146027
2012-07-23 05:00:00,28.12591
2012-07-23 06:00:00,145.83221
2012-07-23 07:00:00,402.0277
2012-07-23 08:00:00,606.1387
2012-07-23 09:00:00,316.78845
2012-07-23 10:00:00,187.7669
2012-07-23 11:00:00,216.01308
2012-07-23 12:00:00,260.19012
2012-07-23 13:00:00,262.6592
2012-07-23 14:00:00,244.18246
2012-07-23 15:00:00,258.4745
2012-07-23 16:00:00,384.9925
2012-07-23 17:00:00,807.4817
2012-07-23 18:00:00,811.5056
2012-07-23 19:00:00,568.8787
2012-07-23 20:00:00,434.86658
2012-07-23 21:00:00,309.49957
2012-07-23 22:00:00,216.72997
2012-07-23 23:00:00,126.96799
2012-07-24 00:00:00,51.528244
2012-07-24 01:00:00,21.310738
2012-07-24 02:00:00,8.71438
2012-07-24 03:00:00,5.679703
2012-07-24 04:00:00,5.833427
2012-07-24 05:00:00,35.843464
2012-07-24 06:00:00,161.2128
2012-07-24 07:00:00,484.29074
2012-07-24 08:00:00,663.07434
2012-07-24 09:00:00,301.87698
2012-07-24 10:00:00,174.21472
2012-07-24 11:00:00,200.1533
2012-07-24 12:00:00,244.83778
2012-07-24 13:00:00,243.06169
2012-07-24 14:00:00,226.4349
2012-07-24 15:00:00,258.8143
2012-07-24 16:00:00,359.6837
2012-07-24 17:00:00,794.2111
2012-07-24 18:00:00,731.78015
2012-07-24 19:00:00,550.4652
2012-07-24 20:00:00,400.34134
2012-07-24 21:00:00,294.33527
2012-07-24 22:00:00,193.39124
2012-07-24 23:00:00,136.42436
2012-07-25 00:00:00,52.516457
2012-07-25 01:00:00,24.332865
2012-07-25 02:00:00,10.86421
2012-07-25 03:00:00,6.268245
2012-07-25 04:00:00,9.630111
2012-07-25 05:00:00,41.12209
2012-07-25 06:00:00,168.48335
2012-07-25 07:00:00,475.99298
2012-07-25 08:00:00,683.90326
2012-07-25 09:00:00,335.95102
2012-07-25 10:00:00,202.45554
2012-07-25 11:00:00,240.61865
2012-07-25 12:00:00,296.622
2012-07-25 13:00:00,281.5923
2012-07-25 14:00:00,246.48856
2012-07-25 15:00:00,278.51785
2012-07-25 16:00:00,383.94354
2012-07-25 17:00:00,821.24335
2012-07-25 18:00:00,827.7724
2012-07-25 19:00:00,606.8858
2012-07-25 20:00:00,463.66336
2012-07-25 21:00:00,345.08417
2012-07-25 22:00:00,259.4385
2012-07-25 23:00:00,164.38852
2012-07-26 00:00:00,61.01654
2012-07-26 01:00:00,26.005386
2012-07-26 02:00:00,11.743626
2012-07-26 03:00:00,6.7987056
2012-07-26 04:00:00,9.98308
2012-07-26 05:00:00,41.31596
2012-07-26 06:00:00,170.9129
2012-07-26 07:00:00,476.30704
2012-07-26 08:00:00,667.29266
2012-07-26 09:00:00,339.09784
2012-07-26 10:00:00,177.16808
2012-07-26 11:00:00,206.37521
2012-07-26 12:00:00,249.76334
2012-07-26 13:00:00,245.56218
2012-07-26 14:00:00,208.46854
2012-07-26 15:00:00,224.93007
2012-07-26 16:00:00,327.86902
2012-07-26 17:00:00,664.4849
2012-07-26 18:00:00,674.2247
2012-07-26 19:00:00,478.55573
2012-07-26 20:00:00,420.78394
2012-07-26 21:00:00,337.53113
2012-07-26 22:00:00,261.43198
2012-07-26 23:00:00,172.85252
2012-07-27 00:00:00,80.73511
2012-07-27 01:00:00,40.338146
2012-07-27 02:00:00,22.821608
2012-07-27 03:00:00,11.410587
2012-07-27 04:00:00,11.059842
2012-07-27 05:00:00,38.864887
2012-07-27 06:00:00,153.4184
2012-07-27 07:00:00,422.70248
2012-07-27 08:00:00,661.8012
2012-07-27 09:00:00,326.79282
2012-07-27 10:00:00,219.98921
2012-07-27 11:00:00,268.91116
2012-07-27 12:00:00,320.656
2012-07-27 13:00:00,322.6919
2012-07-27 14:00:00,276.85675
2012-07-27 15:00:00,312.20187
2012-07-27 16:00:00,415.7561
2012-07-27 17:00:00,707.9734
2012-07-27 18:00:00,672.1985
2012-07-27 19:00:00,481.58374
2012-07-27 20:00:00,375.81906
2012-07-27 21:00:00,302.57687
2012-07-27 22:00:00,264.40338
2012-07-27 23:00:00,197.66534
2012-07-28 00:00:00,160.43892
2012-07-28 01:00:00,116.65052
2012-07-28 02:00:00,81.53471
2012-07-28 03:00:00,37.514374
2012-07-28 04:00:00,16.496403
2012-07-28 05:00:00,19.352877
2012-07-28 06:00:00,45.01896
2012-07-28 07:00:00,82.53198
2012-07-28 08:00:00,191.65196
2012-07-28 09:00:00,285.38654
2012-07-28 10:00:00,415.42307
2012-07-28 11:00:00,504.2336
2012-07-28 12:00:00,559.0209
2012-07-28 13:00:00,525.16504
2012-07-28 14:00:00,515.2348
2012-07-28 15:00:00,502.91174
2012-07-28 16:00:00,492.4624
2012-07-28 17:00:00,527.8726
2012-07-28 18:00:00,512.7825
2012-07-28 19:00:00,332.87527
2012-07-28 20:00:00,274.3599
2012-07-28 21:00:00,273.38443
2012-07-28 22:00:00,234.84619
2012-07-28 23:00:00,184.30101
2012-07-29 00:00:00,151.78105
2012-07-29 01:00:00,119.750824
2012-07-29 02:00:00,95.586525
2012-07-29 03:00:00,45.697437
2012-07-29 04:00:00,17.28206
2012-07-29 05:00:00,11.813834
2012-07-29 06:00:00,23.43891
2012-07-29 07:00:00,58.602345
2012-07-29 08:00:00,143.19304
2012-07-29 09:00:00,253.8325
2012-07-29 10:00:00,392.89526
2012-07-29 11:00:00,482.5873
2012-07-29 12:00:00,539.1813
2012-07-29 13:00:00,535.88727
2012-07-29 14:00:00,496.76303
2012-07-29 15:00:00,480.85745
2012-07-29 16:00:00,466.00574
2012-07-29 17:00:00,488.1646
2012-07-29 18:00:00,491.631
2012-07-29 19:00:00,400.0568
2012-07-29 20:00:00,290.36594
2012-07-29 21:00:00,228.28432
2012-07-29 22:00:00,162.0388
2012-07-29 23:00:00,114.32203
2012-07-30 00:00:00,48.68088
2012-07-30 01:00:00,18.996418
2012-07-30 02:00:00,10.999891
2012-07-30 03:00:00,4.178629
2012-07-30 04:00:00,6.2753015
2012-07-30 05:00:00,33.462852
2012-07-30 06:00:00,148.38196
2012-07-30 07:00:00,435.44595
2012-07-30 08:00:00,609.82776
2012-07-30 09:00:00,318.6266
2012-07-30 10:00:00,182.19597
2012-07-30 11:00:00,217.29634
2012-07-30 12:00:00,259.58508
2012-07-30 13:00:00,257.6133
2012-07-30 14:00:00,238.42673
2012-07-30 15:00:00,257.45633
2012-07-30 16:00:00,372.49472
2012-07-30 17:00:00,749.6999
2012-07-30 18:00:00,727.8485
2012-07-30 19:00:00,567.0078
2012-07-30 20:00:00,379.73642
2012-07-30 21:00:00,285.39447
2012-07-30 22:00:00,177.05103
2012-07-30 23:00:00,125.87159
2012-07-31 00:00:00,49.282524
2012-07-31 01:00:00,17.497454
2012-07-31 02:00:00,8.189878
2012-07-31 03:00:00,4.3441567
2012-07-31 04:00:00,6.1720986
2012-07-31 05:00:00,37.659428
2012-07-31 06:00:00,161.30814
2012-07-31 07:00:00,416.42746
2012-07-31 08:00:00,638.5269
2012-07-31 09:00:00,322.41873
2012-07-31 10:00:00,187.37244
2012-07-31 11:00:00,213.31738
2012-07-31 12:00:00,264.75073
2012-07-31 13:00:00,249.23653
2012-07-31 14:00:00,231.59802
2012-07-31 15:00:00,249.88072
2012-07-31 16:00:00,354.78873
2012-07-31 17:00:00,763.1157
2012-07-31 18:00:00,745.88885
2012-07-31 19:00:00,422.00223
2012-07-31 20:00:00,310.58466
2012-07-31 21:00:00,279.00012
2012-07-31 22:00:00,204.38322
2012-07-31 23:00:00,109.84472
2012-08-20 00:00:00,26.630852
2012-08-20 01:00:00,12.301242
2012-08-20 02:00:00,6.375493
2012-08-20 03:00:00,3.704564
2012-08-20 04:00:00,5.166089
2012-08-20 05:00:00,26.825897
2012-08-20 06:00:00,151.84586
2012-08-20 07:00:00,419.18658
2012-08-20 08:00:00,617.4929
2012-08-20 09:00:00,315.04645
2012-08-20 10:00:00,182.57751
2012-08-20 11:00:00,228.236
2012-08-20 12:00:00,272.1131
2012-08-20 13:00:00,279.99945
2012-08-20 14:00:00,256.72195
2012-08-20 15:00:00,279.6722
2012-08-20 16:00:00,421.78116
2012-08-20 17:00:00,810.4938
2012-08-20 18:00:00,588.3697
2012-08-20 19:00:00,447.91653
2012-08-20 20:00:00,268.00446
2012-08-20 21:00:00,209.46675
2012-08-20 22:00:00,121.40036
2012-08-20 23:00:00,65.67232
2012-08-21 00:00:00,29.527287
2012-08-21 01:00:00,11.862412
2012-08-21 02:00:00,5.580846
2012-08-21 03:00:00,4.1050506
2012-08-21 04:00:00,5.9347186
2012-08-21 05:00:00,35.220703
2012-08-21 06:00:00,161.83224
2012-08-21 07:00:00,490.30405
2012-08-21 08:00:00,695.42285
2012-08-21 09:00:00,323.4496
2012-08-21 10:00:00,196.13182
2012-08-21 11:00:00,235.03577
2012-08-21 12:00:00,291.99667
2012-08-21 13:00:00,289.23862
2012-08-21 14:00:00,264.48462
2012-08-21 15:00:00,288.5843
2012-08-21 16:00:00,439.3615
2012-08-21 17:00:00,828.46277
2012-08-21 18:00:00,833.5707
2012-08-21 19:00:00,366.46396
2012-08-21 20:00:00,370.1673
2012-08-21 21:00:00,279.2136
2012-08-21 22:00:00,183.4563
2012-08-21 23:00:00,110.998276
2012-08-22 00:00:00,46.954506
2012-08-22 01:00:00,21.437012
2012-08-22 02:00:00,9.660358
2012-08-22 03:00:00,6.3904185
2012-08-22 04:00:00,7.773064
2012-08-22 05:00:00,41.025986
2012-08-22 06:00:00,167.29399
2012-08-22 07:00:00,477.10165
2012-08-22 08:00:00,699.6329
2012-08-22 09:00:00,334.0746
2012-08-22 10:00:00,201.6195
2012-08-22 11:00:00,236.88452
2012-08-22 12:00:00,283.20584
2012-08-22 13:00:00,282.4795
2012-08-22 14:00:00,253.26509
2012-08-22 15:00:00,279.4917
2012-08-22 16:00:00,348.41272
2012-08-22 17:00:00,752.5492
2012-08-22 18:00:00,737.978
2012-08-22 19:00:00,456.37616
2012-08-22 20:00:00,405.77158
2012-08-22 21:00:00,286.59244
2012-08-22 22:00:00,224.1969
2012-08-22 23:00:00,122.95181
2012-08-23 00:00:00,59.46021
2012-08-23 01:00:00,21.335135
2012-08-23 02:00:00,9.138606
2012-08-23 03:00:00,5.810177
2012-08-23 04:00:00,6.7910547
2012-08-23 05:00:00,36.77001
2012-08-23 06:00:00,152.65958
2012-08-23 07:00:00,418.752
2012-08-23 08:00:00,694.68726
2012-08-23 09:00:00,348.8049
2012-08-23 10:00:00,206.67305
2012-08-23 11:00:00,249.2539
2012-08-23 12:00:00,296.8759
2012-08-23 13:00:00,292.4602
2012-08-23 14:00:00,250.17273
2012-08-23 15:00:00,274.23962
2012-08-23 16:00:00,417.50436
2012-08-23 17:00:00,837.1069
2012-08-23 18:00:00,826.11707
2012-08-23 19:00:00,592.8958
2012-08-23 20:00:00,428.30743
2012-08-23 21:00:00,331.34415
2012-08-23 22:00:00,249.29376
2012-08-23 23:00:00,161.24915
2012-08-24 00:00:00,77.86999
2012-08-24 01:00:00,32.09899
2012-08-24 02:00:00,22.142706
2012-08-24 03:00:00,8.388039
2012-08-24 04:00:00,7.0597625
2012-08-24 05:00:00,36.78544
2012-08-24 06:00:00,135.91597
2012-08-24 07:00:00,404.8572
2012-08-24 08:00:00,669.37134
2012-08-24 09:00:00,366.49368
2012-08-24 10:00:00,252.80316
2012-08-24 11:00:00,293.65805
2012-08-24 12:00:00,356.63412
2012-08-24 13:00:00,352.55667
2012-08-24 14:00:00,317.601
2012-08-24 15:00:00,362.97406
2012-08-24 16:00:00,485.17725
2012-08-24 17:00:00,752.71844
2012-08-24 18:00:00,633.1174
2012-08-24 19:00:00,489.53845
2012-08-24 20:00:00,352.7147
2012-08-24 21:00:00,291.6129
2012-08-24 22:00:00,241.03798
2012-08-24 23:00:00,190.90977
2012-08-25 00:00:00,153.32219
2012-08-25 01:00:00,113.27365
2012-08-25 02:00:00,86.443794
2012-08-25 03:00:00,42.15719
2012-08-25 04:00:00,19.576323
2012-08-25 05:00:00,14.907807
2012-08-25 06:00:00,31.940521
2012-08-25 07:00:00,67.103325
2012-08-25 08:00:00,175.1816
2012-08-25 09:00:00,284.07883
2012-08-25 10:00:00,407.15784
2012-08-25 11:00:00,495.84192
2012-08-25 12:00:00,454.15347
2012-08-25 13:00:00,584.4875
2012-08-25 14:00:00,385.16647
2012-08-25 15:00:00,462.28674
2012-08-25 16:00:00,467.929
2012-08-25 17:00:00,386.91248
2012-08-25 18:00:00,387.2524
2012-08-25 19:00:00,345.74298
2012-08-25 20:00:00,158.54916
2012-08-25 21:00:00,205.58498
2012-08-25 22:00:00,166.22139
2012-08-25 23:00:00,134.0288
2012-08-26 00:00:00,144.72519
2012-08-26 01:00:00,112.14016
2012-08-26 02:00:00,84.08767
2012-08-26 03:00:00,38.253906
2012-08-26 04:00:00,11.823141
2012-08-26 05:00:00,8.211805
2012-08-26 06:00:00,13.241342
2012-08-26 07:00:00,37.27401
2012-08-26 08:00:00,124.3176
2012-08-26 09:00:00,233.2441
2012-08-26 10:00:00,381.6049
2012-08-26 11:00:00,451.6102
2012-08-26 12:00:00,331.21683
2012-08-26 13:00:00,290.54684
2012-08-26 14:00:00,366.9811
2012-08-26 15:00:00,260.37354
2012-08-26 16:00:00,238.75504
2012-08-26 17:00:00,277.1904
2012-08-26 18:00:00,226.62646
2012-08-26 19:00:00,241.03928
2012-08-26 20:00:00,191.58272
2012-08-26 21:00:00,156.0523
2012-08-26 22:00:00,119.978615
2012-08-26 23:00:00,87.36535
2012-08-27 00:00:00,36.022575
2012-08-27 01:00:00,14.151607
2012-08-27 02:00:00,7.3744507
2012-08-27 03:00:00,4.9177046
2012-08-27 04:00:00,6.237818
2012-08-27 05:00:00,32.51506
2012-08-27 06:00:00,145.06673
2012-08-27 07:00:00,378.10117
2012-08-27 08:00:00,559.3217
2012-08-27 09:00:00,287.56216
2012-08-27 10:00:00,178.48576
2012-08-27 11:00:00,217.84349
2012-08-27 12:00:00,262.58398
2012-08-27 13:00:00,266.16687
2012-08-27 14:00:00,255.46631
2012-08-27 15:00:00,262.65536
2012-08-27 16:00:00,378.7748
2012-08-27 17:00:00,826.8093
2012-08-27 18:00:00,814.78577
2012-08-27 19:00:00,530.7837
2012-08-27 20:00:00,397.51346
2012-08-27 21:00:00,283.07544
2012-08-27 22:00:00,164.46645
2012-08-27 23:00:00,110.295815
2012-08-28 00:00:00,39.546795
2012-08-28 01:00:00,19.697021
2012-08-28 02:00:00,7.5322695
2012-08-28 03:00:00,7.26343
2012-08-28 04:00:00,6.3833294
2012-08-28 05:00:00,22.5837
2012-08-28 06:00:00,149.75484
2012-08-28 07:00:00,384.13013
2012-08-28 08:00:00,564.70526
2012-08-28 09:00:00,317.34323
2012-08-28 10:00:00,190.46532
2012-08-28 11:00:00,218.97408
2012-08-28 12:00:00,267.11404
2012-08-28 13:00:00,268.66617
2012-08-28 14:00:00,242.89505
2012-08-28 15:00:00,273.85666
2012-08-28 16:00:00,396.78052
2012-08-28 17:00:00,826.4986
2012-08-28 18:00:00,833.5153
2012-08-28 19:00:00,597.97327
2012-08-28 20:00:00,448.36017
2012-08-28 21:00:00,334.0576
2012-08-28 22:00:00,246.92308
2012-08-28 23:00:00,153.0097
2012-08-29 00:00:00,52.987354
2012-08-29 01:00:00,22.61533
2012-08-29 02:00:00,11.082569
2012-08-29 03:00:00,7.824992
2012-08-29 04:00:00,9.926152
2012-08-29 05:00:00,43.611103
2012-08-29 06:00:00,171.27411
2012-08-29 07:00:00,478.15482
2012-08-29 08:00:00,700.98724
2012-08-29 09:00:00,333.49313
2012-08-29 10:00:00,205.43816
2012-08-29 11:00:00,240.69508
2012-08-29 12:00:00,288.43555
2012-08-29 13:00:00,282.03745
2012-08-29 14:00:00,264.77588
2012-08-29 15:00:00,284.77158
2012-08-29 16:00:00,417.02576
2012-08-29 17:00:00,852.20294
2012-08-29 18:00:00,838.21606
2012-08-29 19:00:00,585.6389
2012-08-29 20:00:00,423.96786
2012-08-29 21:00:00,335.01166
2012-08-29 22:00:00,258.98407
2012-08-29 23:00:00,168.73438
2012-08-30 00:00:00,58.110367
2012-08-30 01:00:00,24.512703
2012-08-30 02:00:00,11.719778
2012-08-30 03:00:00,6.812912
2012-08-30 04:00:00,8.104064
2012-08-30 05:00:00,39.14013
2012-08-30 06:00:00,165.04193
2012-08-30 07:00:00,456.86102
2012-08-30 08:00:00,692.8845
2012-08-30 09:00:00,339.19925
2012-08-30 10:00:00,207.51314
2012-08-30 11:00:00,256.08142
2012-08-30 12:00:00,298.68164
2012-08-30 13:00:00,291.37292
2012-08-30 14:00:00,267.56586
2012-08-30 15:00:00,279.1513
2012-08-30 16:00:00,399.29465
2012-08-30 17:00:00,838.8331
2012-08-30 18:00:00,822.62006
2012-08-30 19:00:00,585.22797
2012-08-30 20:00:00,433.19928
2012-08-30 21:00:00,314.32544
2012-08-30 22:00:00,234.24626
2012-08-30 23:00:00,167.05975
2012-08-31 00:00:00,80.703476
2012-08-31 01:00:00,38.47773
2012-08-31 02:00:00,18.45823
2012-08-31 03:00:00,9.929656
2012-08-31 04:00:00,9.049787
2012-08-31 05:00:00,36.642998
2012-08-31 06:00:00,134.53859
2012-08-31 07:00:00,341.63174
2012-08-31 08:00:00,642.92334
2012-08-31 09:00:00,340.4717
2012-08-31 10:00:00,241.82208
2012-08-31 11:00:00,276.7693
2012-08-31 12:00:00,325.93402
2012-08-31 13:00:00,333.21506
2012-08-31 14:00:00,307.1784
2012-08-31 15:00:00,330.15277
2012-08-31 16:00:00,433.2463
2012-08-31 17:00:00,746.8609
2012-08-31 18:00:00,688.428
2012-08-31 19:00:00,491.40924
2012-08-31 20:00:00,388.46323
2012-08-31 21:00:00,307.11127
2012-08-31 22:00:00,263.01627
2012-08-31 23:00:00,212.1636
2012-09-20 00:00:00,55.370247
2012-09-20 01:00:00,24.86417
2012-09-20 02:00:00,13.34084
2012-09-20 03:00:00,8.362891
2012-09-20 04:00:00,10.862779
2012-09-20 05:00:00,45.174026
2012-09-20 06:00:00,170.61589
2012-09-20 07:00:00,528.5045
2012-09-20 08:00:00,774.9083
2012-09-20 09:00:00,361.65186
2012-09-20 10:00:00,215.40509
2012-09-20 11:00:00,257.2103
2012-09-20 12:00:00,314.98373
2012-09-20 13:00:00,314.78857
2012-09-20 14:00:00,285.60706
2012-09-20 15:00:00,320.59644
2012-09-20 16:00:00,460.47745
2012-09-20 17:00:00,877.24927
2012-09-20 18:00:00,853.2511
2012-09-20 19:00:00,594.8867
2012-09-20 20:00:00,418.7962
2012-09-20 21:00:00,322.6717
2012-09-20 22:00:00,223.17474
2012-09-20 23:00:00,165.56934
2012-09-21 00:00:00,69.37692
2012-09-21 01:00:00,38.424076
2012-09-21 02:00:00,20.65673
2012-09-21 03:00:00,12.768526
2012-09-21 04:00:00,11.4532385
2012-09-21 05:00:00,43.144775
2012-09-21 06:00:00,167.18764
2012-09-21 07:00:00,480.4991
2012-09-21 08:00:00,719.98016
2012-09-21 09:00:00,361.7158
2012-09-21 10:00:00,254.22708
2012-09-21 11:00:00,311.7022
2012-09-21 12:00:00,372.16635
2012-09-21 13:00:00,378.48334
2012-09-21 14:00:00,355.01877
2012-09-21 15:00:00,382.8482
2012-09-21 16:00:00,524.2107
2012-09-21 17:00:00,805.9021
2012-09-21 18:00:00,716.0009
2012-09-21 19:00:00,523.12964
2012-09-21 20:00:00,358.9762
2012-09-21 21:00:00,271.59998
2012-09-21 22:00:00,228.90097
2012-09-21 23:00:00,173.15933
2012-09-22 00:00:00,153.59796
2012-09-22 01:00:00,110.01649
2012-09-22 02:00:00,77.99407
2012-09-22 03:00:00,36.312263
2012-09-22 04:00:00,14.207453
2012-09-22 05:00:00,17.573769
2012-09-22 06:00:00,33.06841
2012-09-22 07:00:00,87.525955
2012-09-22 08:00:00,202.11113
2012-09-22 09:00:00,321.39822
2012-09-22 10:00:00,456.87057
2012-09-22 11:00:00,564.16864
2012-09-22 12:00:00,629.8188
2012-09-22 13:00:00,631.21204
2012-09-22 14:00:00,603.7678
2012-09-22 15:00:00,608.62714
2012-09-22 16:00:00,599.9284
2012-09-22 17:00:00,602.9478
2012-09-22 18:00:00,551.95105
2012-09-22 19:00:00,460.7995
2012-09-22 20:00:00,374.54257
2012-09-22 21:00:00,319.99908
2012-09-22 22:00:00,270.17902
2012-09-22 23:00:00,223.87355
2012-09-23 00:00:00,176.9662
2012-09-23 01:00:00,109.76037
2012-09-23 02:00:00,90.71058
2012-09-23 03:00:00,44.33869
2012-09-23 04:00:00,19.756893
2012-09-23 05:00:00,15.490619
2012-09-23 06:00:00,28.628857
2012-09-23 07:00:00,66.83786
2012-09-23 08:00:00,146.40466
2012-09-23 09:00:00,270.1716
2012-09-23 10:00:00,434.55826
2012-09-23 11:00:00,525.8161
2012-09-23 12:00:00,600.4588
2012-09-23 13:00:00,641.4758
2012-09-23 14:00:00,609.56476
2012-09-23 15:00:00,621.024
2012-09-23 16:00:00,616.2955
2012-09-23 17:00:00,596.4356
2012-09-23 18:00:00,512.45544
2012-09-23 19:00:00,371.20712
2012-09-23 20:00:00,265.56473
2012-09-23 21:00:00,179.88261
2012-09-23 22:00:00,151.44382
2012-09-23 23:00:00,87.94182
2012-09-24 00:00:00,38.149567
2012-09-24 01:00:00,16.079348
2012-09-24 02:00:00,9.382863
2012-09-24 03:00:00,6.5908194
2012-09-24 04:00:00,9.032772
2012-09-24 05:00:00,39.231853
2012-09-24 06:00:00,156.40552
2012-09-24 07:00:00,486.46786
2012-09-24 08:00:00,727.96564
2012-09-24 09:00:00,352.66132
2012-09-24 10:00:00,201.11482
2012-09-24 11:00:00,256.74707
2012-09-24 12:00:00,320.71057
2012-09-24 13:00:00,312.87976
2012-09-24 14:00:00,271.03052
2012-09-24 15:00:00,301.49478
2012-09-24 16:00:00,459.027
2012-09-24 17:00:00,871.68445
2012-09-24 18:00:00,844.4812
2012-09-24 19:00:00,547.9784
2012-09-24 20:00:00,386.14792
2012-09-24 21:00:00,269.16953
2012-09-24 22:00:00,172.9412
2012-09-24 23:00:00,91.7659
2012-09-25 00:00:00,39.620823
2012-09-25 01:00:00,17.805025
2012-09-25 02:00:00,8.946806
2012-09-25 03:00:00,6.951654
2012-09-25 04:00:00,9.611854
2012-09-25 05:00:00,42.218773
2012-09-25 06:00:00,165.56148
2012-09-25 07:00:00,498.3311
2012-09-25 08:00:00,763.5937
2012-09-25 09:00:00,363.61337
2012-09-25 10:00:00,205.83311
2012-09-25 11:00:00,258.74304
2012-09-25 12:00:00,308.84103
2012-09-25 13:00:00,312.45502
2012-09-25 14:00:00,288.6146
2012-09-25 15:00:00,324.078
2012-09-25 16:00:00,460.87308
2012-09-25 17:00:00,892.1545
2012-09-25 18:00:00,888.88727
2012-09-25 19:00:00,571.18866
2012-09-25 20:00:00,421.14392
2012-09-25 21:00:00,309.29916
2012-09-25 22:00:00,232.33054
2012-09-25 23:00:00,147.52878
2012-09-26 00:00:00,49.175667
2012-09-26 01:00:00,24.447739
2012-09-26 02:00:00,12.888065
2012-09-26 03:00:00,9.970134
2012-09-26 04:00:00,10.870603
2012-09-26 05:00:00,45.45288
2012-09-26 06:00:00,174.9365
2012-09-26 07:00:00,524.491
2012-09-26 08:00:00,756.9118
2012-09-26 09:00:00,360.65704
2012-09-26 10:00:00,202.01337
2012-09-26 11:00:00,260.5681
2012-09-26 12:00:00,313.72266
2012-09-26 13:00:00,315.24908
2012-09-26 14:00:00,274.83136
2012-09-26 15:00:00,302.37042
2012-09-26 16:00:00,430.79364
2012-09-26 17:00:00,864.89813
2012-09-26 18:00:00,869.9264
2012-09-26 19:00:00,586.67053
2012-09-26 20:00:00,403.6632
2012-09-26 21:00:00,322.49686
2012-09-26 22:00:00,191.83862
2012-09-26 23:00:00,126.02288
2012-09-27 00:00:00,61.11873
2012-09-27 01:00:00,27.638224
2012-09-27 02:00:00,14.531868
2012-09-27 03:00:00,9.291449
2012-09-27 04:00:00,8.715309
2012-09-27 05:00:00,43.445698
2012-09-27 06:00:00,164.66081
2012-09-27 07:00:00,515.1873
2012-09-27 08:00:00,737.88477
2012-09-27 09:00:00,366.1173
2012-09-27 10:00:00,221.07523
2012-09-27 11:00:00,263.41162
2012-09-27 12:00:00,310.64923
2012-09-27 13:00:00,304.59198
2012-09-27 14:00:00,283.09952
2012-09-27 15:00:00,305.7659
2012-09-27 16:00:00,433.24387
2012-09-27 17:00:00,659.39514
2012-09-27 18:00:00,677.42676
2012-09-27 19:00:00,531.77313
2012-09-27 20:00:00,383.65396
2012-09-27 21:00:00,220.4161
2012-09-27 22:00:00,146.89046
2012-09-27 23:00:00,109.813484
2012-09-28 00:00:00,58.04789
2012-09-28 01:00:00,24.531403
2012-09-28 02:00:00,22.00493
2012-09-28 03:00:00,10.328154
2012-09-28 04:00:00,10.005321
2012-09-28 05:00:00,37.72983
2012-09-28 06:00:00,133.89197
2012-09-28 07:00:00,350.1083
2012-09-28 08:00:00,649.77856
2012-09-28 09:00:00,334.97488
2012-09-28 10:00:00,224.46873
2012-09-28 11:00:00,288.5362
2012-09-28 12:00:00,376.09814
2012-09-28 13:00:00,376.7456
2012-09-28 14:00:00,361.09396
2012-09-28 15:00:00,379.02106
2012-09-28 16:00:00,502.16956
2012-09-28 17:00:00,742.46155
2012-09-28 18:00:00,696.7374
2012-09-28 19:00:00,419.793
2012-09-28 20:00:00,319.63947
2012-09-28 21:00:00,260.18155
2012-09-28 22:00:00,242.2375
2012-09-28 23:00:00,193.991
2012-09-29 00:00:00,146.98575
2012-09-29 01:00:00,109.396805
2012-09-29 02:00:00,82.56646
2012-09-29 03:00:00,42.677574
2012-09-29 04:00:00,21.231867
2012-09-29 05:00:00,25.601254
2012-09-29 06:00:00,48.424675
2012-09-29 07:00:00,89.61108
2012-09-29 08:00:00,200.84154
2012-09-29 09:00:00,325.0932
2012-09-29 10:00:00,435.9459
2012-09-29 11:00:00,533.94086
2012-09-29 12:00:00,642.12946
2012-09-29 13:00:00,646.904
2012-09-29 14:00:00,627.4983
2012-09-29 15:00:00,610.54456
2012-09-29 16:00:00,611.1613
2012-09-29 17:00:00,634.39624
2012-09-29 18:00:00,517.3459
2012-09-29 19:00:00,385.4033
2012-09-29 20:00:00,291.6198
2012-09-29 21:00:00,248.01198
2012-09-29 22:00:00,204.66066
2012-09-29 23:00:00,182.61388
2012-09-30 00:00:00,140.41823
2012-09-30 01:00:00,109.96397
2012-09-30 02:00:00,75.839584
2012-09-30 03:00:00,39.99773
2012-09-30 04:00:00,15.114829
2012-09-30 05:00:00,8.561039
2012-09-30 06:00:00,23.83038
2012-09-30 07:00:00,63.297943
2012-09-30 08:00:00,140.20639
2012-09-30 09:00:00,273.4278
2012-09-30 10:00:00,436.6973
2012-09-30 11:00:00,533.67584
2012-09-30 12:00:00,606.1665
2012-09-30 13:00:00,612.7677
2012-09-30 14:00:00,576.23816
2012-09-30 15:00:00,603.74677
2012-09-30 16:00:00,607.79425
2012-09-30 17:00:00,581.2878
2012-09-30 18:00:00,414.0783
2012-09-30 19:00:00,192.6367
2012-09-30 20:00:00,141.45296
2012-09-30 21:00:00,154.82475
2012-09-30 22:00:00,108.75864
2012-09-30 23:00:00,82.05338
2012-10-20 00:00:00,140.79742
2012-10-20 01:00:00,101.36055
2012-10-20 02:00:00,68.75752
2012-10-20 03:00:00,32.535732
2012-10-20 04:00:00,11.769484
2012-10-20 05:00:00,14.087289
2012-10-20 06:00:00,34.12198
2012-10-20 07:00:00,93.99783
2012-10-20 08:00:00,209.90045
2012-10-20 09:00:00,332.5615
2012-10-20 10:00:00,443.5786
2012-10-20 11:00:00,551.19543
2012-10-20 12:00:00,619.899
2012-10-20 13:00:00,637.40027
2012-10-20 14:00:00,594.81903
2012-10-20 15:00:00,584.4124
2012-10-20 16:00:00,609.8554
2012-10-20 17:00:00,613.68414
2012-10-20 18:00:00,543.4965
2012-10-20 19:00:00,386.68094
2012-10-20 20:00:00,307.06335
2012-10-20 21:00:00,216.44748
2012-10-20 22:00:00,189.26588
2012-10-20 23:00:00,158.89374
2012-10-21 00:00:00,132.60461
2012-10-21 01:00:00,105.13396
2012-10-21 02:00:00,77.17102
2012-10-21 03:00:00,39.245934
2012-10-21 04:00:00,12.682548
2012-10-21 05:00:00,11.42609
2012-10-21 06:00:00,28.015715
2012-10-21 07:00:00,64.4436
2012-10-21 08:00:00,132.1801
2012-10-21 09:00:00,259.85632
2012-10-21 10:00:00,421.70026
2012-10-21 11:00:00,518.621
2012-10-21 12:00:00,613.6412
2012-10-21 13:00:00,633.9041
2012-10-21 14:00:00,614.52734
2012-10-21 15:00:00,614.4707
2012-10-21 16:00:00,602.94354
2012-10-21 17:00:00,558.4074
2012-10-21 18:00:00,489.66794
2012-10-21 19:00:00,353.52414
2012-10-21 20:00:00,230.84206
2012-10-21 21:00:00,144.62146
2012-10-21 22:00:00,114.40004
2012-10-21 23:00:00,86.85599
2012-10-22 00:00:00,35.19563
2012-10-22 01:00:00,14.620839
2012-10-22 02:00:00,8.125418
2012-10-22 03:00:00,6.1039915
2012-10-22 04:00:00,7.4447837
2012-10-22 05:00:00,37.34852
2012-10-22 06:00:00,144.09158
2012-10-22 07:00:00,440.10956
2012-10-22 08:00:00,739.5569
2012-10-22 09:00:00,342.9944
2012-10-22 10:00:00,198.9549
2012-10-22 11:00:00,260.23383
2012-10-22 12:00:00,317.91876
2012-10-22 13:00:00,319.92886
2012-10-22 14:00:00,293.7525
2012-10-22 15:00:00,324.4291
2012-10-22 16:00:00,479.7169
2012-10-22 17:00:00,891.283
2012-10-22 18:00:00,771.0369
2012-10-22 19:00:00,525.7071
2012-10-22 20:00:00,366.7089
2012-10-22 21:00:00,228.03293
2012-10-22 22:00:00,144.25993
2012-10-22 23:00:00,92.20048
2012-10-23 00:00:00,38.78996
2012-10-23 01:00:00,17.089155
2012-10-23 02:00:00,7.8063164
2012-10-23 03:00:00,6.7971797
2012-10-23 04:00:00,9.647271
2012-10-23 05:00:00,42.507744
2012-10-23 06:00:00,164.00029
2012-10-23 07:00:00,464.99234
2012-10-23 08:00:00,767.22656
2012-10-23 09:00:00,360.04883
2012-10-23 10:00:00,204.02289
2012-10-23 11:00:00,259.14377
2012-10-23 12:00:00,308.34454
2012-10-23 13:00:00,302.89313
2012-10-23 14:00:00,283.3508
2012-10-23 15:00:00,320.43735
2012-10-23 16:00:00,460.39047
2012-10-23 17:00:00,892.2125
2012-10-23 18:00:00,858.3981
2012-10-23 19:00:00,568.16425
2012-10-23 20:00:00,399.06268
2012-10-23 21:00:00,267.6493
2012-10-23 22:00:00,202.77821
2012-10-23 23:00:00,123.67221
2012-10-24 00:00:00,49.313732
2012-10-24 01:00:00,20.698622
2012-10-24 02:00:00,10.422966
2012-10-24 03:00:00,9.510109
2012-10-24 04:00:00,12.1231785
2012-10-24 05:00:00,44.003002
2012-10-24 06:00:00,173.54419
2012-10-24 07:00:00,489.6601
2012-10-24 08:00:00,697.9752
2012-10-24 09:00:00,366.03262
2012-10-24 10:00:00,194.73294
2012-10-24 11:00:00,261.78442
2012-10-24 12:00:00,321.43628
2012-10-24 13:00:00,320.1065
2012-10-24 14:00:00,291.29935
2012-10-24 15:00:00,324.80154
2012-10-24 16:00:00,484.78482
2012-10-24 17:00:00,875.2166
2012-10-24 18:00:00,874.63367
2012-10-24 19:00:00,548.06396
2012-10-24 20:00:00,399.3866
2012-10-24 21:00:00,312.46417
2012-10-24 22:00:00,235.05553
2012-10-24 23:00:00,142.32823
2012-10-25 00:00:00,61.863655
2012-10-25 01:00:00,27.320143
2012-10-25 02:00:00,12.098349
2012-10-25 03:00:00,6.9018946
2012-10-25 04:00:00,8.522965
2012-10-25 05:00:00,39.600895
2012-10-25 06:00:00,157.5544
2012-10-25 07:00:00,428.97836
2012-10-25 08:00:00,680.47943
2012-10-25 09:00:00,344.73636
2012-10-25 10:00:00,184.93039
2012-10-25 11:00:00,190.91496
2012-10-25 12:00:00,255.65475
2012-10-25 13:00:00,232.53438
2012-10-25 14:00:00,265.72354
2012-10-25 15:00:00,325.11697
2012-10-25 16:00:00,431.49716
2012-10-25 17:00:00,757.5675
2012-10-25 18:00:00,371.1557
2012-10-25 19:00:00,353.37592
2012-10-25 20:00:00,263.4208
2012-10-25 21:00:00,209.60109
2012-10-25 22:00:00,181.46579
2012-10-25 23:00:00,126.59421
2012-10-26 00:00:00,62.596478
2012-10-26 01:00:00,27.940937
2012-10-26 02:00:00,12.714921
2012-10-26 03:00:00,7.602988
2012-10-26 04:00:00,8.553203
2012-10-26 05:00:00,34.84254
2012-10-26 06:00:00,141.38496
2012-10-26 07:00:00,383.6314
2012-10-26 08:00:00,546.7091
2012-10-26 09:00:00,334.41724
2012-10-26 10:00:00,206.46144
2012-10-26 11:00:00,273.0233
2012-10-26 12:00:00,331.34534
2012-10-26 13:00:00,339.66632
2012-10-26 14:00:00,344.18484
2012-10-26 15:00:00,374.80347
2012-10-26 16:00:00,448.12546
2012-10-26 17:00:00,514.351
2012-10-26 18:00:00,401.45047
2012-10-26 19:00:00,298.8443
2012-10-26 20:00:00,231.31339
2012-10-26 21:00:00,223.46414
2012-10-26 22:00:00,170.67801
2012-10-26 23:00:00,139.945
2012-10-27 00:00:00,138.6397
2012-10-27 01:00:00,98.06552
2012-10-27 02:00:00,66.720436
2012-10-27 03:00:00,33.26549
2012-10-27 04:00:00,13.152862
2012-10-27 05:00:00,21.27458
2012-10-27 06:00:00,37.02353
2012-10-27 07:00:00,91.41043
2012-10-27 08:00:00,204.5033
2012-10-27 09:00:00,297.32166
2012-10-27 10:00:00,411.6688
2012-10-27 11:00:00,529.447
2012-10-27 12:00:00,631.3427
2012-10-27 13:00:00,653.26483
2012-10-27 14:00:00,605.99255
2012-10-27 15:00:00,512.62787
2012-10-27 16:00:00,508.0919
2012-10-27 17:00:00,513.1177
2012-10-27 18:00:00,453.78513
2012-10-27 19:00:00,334.7825
2012-10-27 20:00:00,256.5975
2012-10-27 21:00:00,211.15855
2012-10-27 22:00:00,178.57123
2012-10-27 23:00:00,137.07916
2012-10-28 00:00:00,113.98392
2012-10-28 01:00:00,105.455376
2012-10-28 02:00:00,81.84922
2012-10-28 03:00:00,43.742424
2012-10-28 04:00:00,18.583727
2012-10-28 05:00:00,18.295696
2012-10-28 06:00:00,33.59406
2012-10-28 07:00:00,57.52216
2012-10-28 08:00:00,144.93231
2012-10-28 09:00:00,239.48122
2012-10-28 10:00:00,340.11536
2012-10-28 11:00:00,430.1921
2012-10-28 12:00:00,453.65256
2012-10-28 13:00:00,446.14117
2012-10-28 14:00:00,439.4655
2012-10-28 15:00:00,428.1644
2012-10-28 16:00:00,298.63727
2012-10-28 17:00:00,201.0788
2012-10-28 18:00:00,98.781975
2012-10-28 19:00:00,118.386444
2012-10-28 20:00:00,97.717606
2012-10-28 21:00:00,91.83859
2012-10-28 22:00:00,64.52691
2012-10-28 23:00:00,41.09399
2012-10-29 00:00:00,36.570797
2012-10-30 13:00:00,112.8546
2012-10-30 14:00:00,115.11366
2012-10-30 15:00:00,119.45274
2012-10-30 16:00:00,185.75122
2012-10-30 17:00:00,303.83496
2012-10-30 18:00:00,309.38202
2012-10-30 19:00:00,478.26654
2012-10-30 20:00:00,228.78189
2012-10-30 21:00:00,164.17337
2012-10-30 22:00:00,132.75949
2012-10-30 23:00:00,90.999695
2012-10-31 00:00:00,39.584183
2012-10-31 01:00:00,18.048275
2012-10-31 02:00:00,9.297964
2012-10-31 03:00:00,6.637336
2012-10-31 04:00:00,8.15546
2012-10-31 05:00:00,33.91723
2012-10-31 06:00:00,142.14256
2012-10-31 07:00:00,370.21667
2012-10-31 08:00:00,701.3794
2012-10-31 09:00:00,335.7195
2012-10-31 10:00:00,170.70146
2012-10-31 11:00:00,187.19235
2012-10-31 12:00:00,255.92963
2012-10-31 13:00:00,258.09146
2012-10-31 14:00:00,221.0179
2012-10-31 15:00:00,262.1697
2012-10-31 16:00:00,359.33453
2012-10-31 17:00:00,617.4096
2012-10-31 18:00:00,607.91394
2012-10-31 19:00:00,428.946
2012-10-31 20:00:00,312.4966
2012-10-31 21:00:00,231.37547
2012-10-31 22:00:00,165.39145
2012-10-31 23:00:00,120.1183
2012-11-20 00:00:00,31.194399
2012-11-20 01:00:00,13.576534
2012-11-20 02:00:00,6.558421
2012-11-20 03:00:00,5.155287
2012-11-20 04:00:00,8.191565
2012-11-20 05:00:00,35.37448
2012-11-20 06:00:00,132.54419
2012-11-20 07:00:00,412.56766
2012-11-20 08:00:00,692.048
2012-11-20 09:00:00,329.50967
2012-11-20 10:00:00,172.05183
2012-11-20 11:00:00,200.90903
2012-11-20 12:00:00,233.01723
2012-11-20 13:00:00,235.22806
2012-11-20 14:00:00,219.61957
2012-11-20 15:00:00,255.07307
2012-11-20 16:00:00,349.7171
2012-11-20 17:00:00,583.6987
2012-11-20 18:00:00,579.0471
2012-11-20 19:00:00,394.97098
2012-11-20 20:00:00,267.20047
2012-11-20 21:00:00,204.62108
2012-11-20 22:00:00,149.68175
2012-11-20 23:00:00,91.65813
2012-11-21 00:00:00,36.908745
2012-11-21 01:00:00,15.616357
2012-11-21 02:00:00,7.6514764
2012-11-21 03:00:00,5.5634165
2012-11-21 04:00:00,6.9563627
2012-11-21 05:00:00,32.793884
2012-11-21 06:00:00,135.35509
2012-11-21 07:00:00,396.92572
2012-11-21 08:00:00,676.2904
2012-11-21 09:00:00,329.8166
2012-11-21 10:00:00,174.82455
2012-11-21 11:00:00,197.1896
2012-11-21 12:00:00,243.90189
2012-11-21 13:00:00,247.29022
2012-11-21 14:00:00,240.20926
2012-11-21 15:00:00,260.74167
2012-11-21 16:00:00,362.56036
2012-11-21 17:00:00,620.3395
2012-11-21 18:00:00,595.3447
2012-11-21 19:00:00,401.43488
2012-11-21 20:00:00,266.60907
2012-11-21 21:00:00,205.85477
2012-11-21 22:00:00,143.66698
2012-11-21 23:00:00,100.98729
2012-11-22 00:00:00,76.8452
2012-11-22 01:00:00,47.18735
2012-11-22 02:00:00,26.27315
2012-11-22 03:00:00,10.842832
2012-11-22 04:00:00,10.345472
2012-11-22 05:00:00,17.535904
2012-11-22 06:00:00,49.063515
2012-11-22 07:00:00,181.87346
2012-11-22 08:00:00,338.04822
2012-11-22 09:00:00,279.89993
2012-11-22 10:00:00,276.00357
2012-11-22 11:00:00,337.73288
2012-11-22 12:00:00,390.51547
2012-11-22 13:00:00,399.9429
2012-11-22 14:00:00,394.1389
2012-11-22 15:00:00,401.86862
2012-11-22 16:00:00,421.5534
2012-11-22 17:00:00,466.70523
2012-11-22 18:00:00,377.92712
2012-11-22 19:00:00,289.09988
2012-11-22 20:00:00,238.40251
2012-11-22 21:00:00,198.07364
2012-11-22 22:00:00,156.68927
2012-11-22 23:00:00,113.72941
2012-11-23 00:00:00,48.4522
2012-11-23 01:00:00,27.401424
2012-11-23 02:00:00,11.575235
2012-11-23 03:00:00,5.456977
2012-11-23 04:00:00,7.52548
2012-11-23 05:00:00,29.3366
2012-11-23 06:00:00,119.98041
2012-11-23 07:00:00,348.0696
2012-11-23 08:00:00,617.2517
2012-11-23 09:00:00,323.0999
2012-11-23 10:00:00,192.20604
2012-11-23 11:00:00,232.08308
2012-11-23 12:00:00,291.93994
2012-11-23 13:00:00,307.49933
2012-11-23 14:00:00,353.22775
2012-11-23 15:00:00,335.90442
2012-11-23 16:00:00,406.77698
2012-11-23 17:00:00,639.7114
2012-11-23 18:00:00,545.31104
2012-11-23 19:00:00,395.3046
2012-11-23 20:00:00,277.171
2012-11-23 21:00:00,217.53511
2012-11-23 22:00:00,173.29472
2012-11-23 23:00:00,129.66983
2012-11-24 00:00:00,119.63742
2012-11-24 01:00:00,87.000565
2012-11-24 02:00:00,56.769157
2012-11-24 03:00:00,23.00944
2012-11-24 04:00:00,10.163731
2012-11-24 05:00:00,12.494469
2012-11-24 06:00:00,21.98578
2012-11-24 07:00:00,54.94569
2012-11-24 08:00:00,126.804405
2012-11-24 09:00:00,200.1564
2012-11-24 10:00:00,267.221
2012-11-24 11:00:00,330.7232
2012-11-24 12:00:00,372.68475
2012-11-24 13:00:00,414.45932
2012-11-24 14:00:00,408.79352
2012-11-24 15:00:00,393.79517
2012-11-24 16:00:00,369.31766
2012-11-24 17:00:00,294.4819
2012-11-24 18:00:00,247.8464
2012-11-24 19:00:00,221.21274
2012-11-24 20:00:00,159.94432
2012-11-24 21:00:00,131.13208
2012-11-24 22:00:00,111.15864
2012-11-24 23:00:00,96.11805
2012-11-25 00:00:00,100.14131
2012-11-25 01:00:00,85.641945
2012-11-25 02:00:00,56.407265
2012-11-25 03:00:00,27.900862
2012-11-25 04:00:00,8.341143
2012-11-25 05:00:00,6.3678446
2012-11-25 06:00:00,10.294684
2012-11-25 07:00:00,34.551796
2012-11-25 08:00:00,90.26445
2012-11-25 09:00:00,154.24156
2012-11-25 10:00:00,252.06209
2012-11-25 11:00:00,305.72473
2012-11-25 12:00:00,350.39447
2012-11-25 13:00:00,345.31433
2012-11-25 14:00:00,341.3516
2012-11-25 15:00:00,359.30545
2012-11-25 16:00:00,351.61755
2012-11-25 17:00:00,258.67584
2012-11-25 18:00:00,200.91013
2012-11-25 19:00:00,181.1027
2012-11-25 20:00:00,124.25991
2012-11-25 21:00:00,100.79616
2012-11-25 22:00:00,82.28355
2012-11-25 23:00:00,60.232883
2012-11-26 00:00:00,21.132467
2012-11-26 01:00:00,8.579738
2012-11-26 02:00:00,3.9583995
2012-11-26 03:00:00,3.4565876
2012-11-26 04:00:00,5.6216
2012-11-26 05:00:00,29.8363
2012-11-26 06:00:00,119.78377
2012-11-26 07:00:00,367.84595
2012-11-26 08:00:00,626.63586
2012-11-26 09:00:00,306.36575
2012-11-26 10:00:00,159.10051
2012-11-26 11:00:00,187.39565
2012-11-26 12:00:00,238.82443
2012-11-26 13:00:00,238.38617
2012-11-26 14:00:00,211.17998
2012-11-26 15:00:00,249.25974
2012-11-26 16:00:00,354.7826
2012-11-26 17:00:00,628.3699
2012-11-26 18:00:00,549.7105
2012-11-26 19:00:00,380.24704
2012-11-26 20:00:00,262.78464
2012-11-26 21:00:00,184.28139
2012-11-26 22:00:00,117.7457
2012-11-26 23:00:00,74.75335
2012-11-27 00:00:00,32.929207
2012-11-27 01:00:00,13.783356
2012-11-27 02:00:00,6.4295616
2012-11-27 03:00:00,2.9589095
2012-11-27 04:00:00,4.145602
2012-11-27 05:00:00,29.67898
2012-11-27 06:00:00,126.04344
2012-11-27 07:00:00,175.81503
2012-11-27 08:00:00,317.11453
2012-11-27 09:00:00,304.17953
2012-11-27 10:00:00,100.67569
2012-11-27 11:00:00,91.366
2012-11-27 12:00:00,105.92292
2012-11-27 13:00:00,105.59051
2012-11-27 14:00:00,107.99814
2012-11-27 15:00:00,174.98712
2012-11-27 16:00:00,262.3792
2012-11-27 17:00:00,469.43707
2012-11-27 18:00:00,408.925
2012-11-27 19:00:00,318.8796
2012-11-27 20:00:00,221.56586
2012-11-27 21:00:00,151.84415
2012-11-27 22:00:00,113.69478
2012-11-27 23:00:00,66.99295
2012-11-28 00:00:00,38.60032
2012-11-28 01:00:00,17.610569
2012-11-28 02:00:00,8.887418
2012-11-28 03:00:00,5.3243227
2012-11-28 04:00:00,7.504125
2012-11-28 05:00:00,32.4933
2012-11-28 06:00:00,127.794586
2012-11-28 07:00:00,377.8491
2012-11-28 08:00:00,660.5398
2012-11-28 09:00:00,314.45898
2012-11-28 10:00:00,161.97897
2012-11-28 11:00:00,175.90324
2012-11-28 12:00:00,211.29816
2012-11-28 13:00:00,214.59032
2012-11-28 14:00:00,199.40656
2012-11-28 15:00:00,226.20947
2012-11-28 16:00:00,311.2496
2012-11-28 17:00:00,574.25555
2012-11-28 18:00:00,530.4344
2012-11-28 19:00:00,371.11697
2012-11-28 20:00:00,263.47418
2012-11-28 21:00:00,192.11368
2012-11-28 22:00:00,129.28519
2012-11-28 23:00:00,85.225624
2012-11-29 00:00:00,38.90564
2012-11-29 01:00:00,16.708033
2012-11-29 02:00:00,6.329722
2012-11-29 04:00:00,7.1033974
2012-11-29 05:00:00,29.948492
2012-11-29 06:00:00,126.39912
2012-11-29 07:00:00,370.347
2012-11-29 08:00:00,642.13525
2012-11-29 09:00:00,318.77063
2012-11-29 10:00:00,165.6925
2012-11-29 11:00:00,195.46533
2012-11-29 12:00:00,229.3195
2012-11-29 13:00:00,240.14047
2012-11-29 14:00:00,209.05125
2012-11-29 15:00:00,233.50044
2012-11-29 16:00:00,331.91937
2012-11-29 17:00:00,569.5385
2012-11-29 18:00:00,525.9922
2012-11-29 19:00:00,359.54214
2012-11-29 20:00:00,255.46008
2012-11-29 21:00:00,176.3639
2012-11-29 22:00:00,138.58879
2012-11-29 23:00:00,110.21175
2012-11-30 00:00:00,47.608395
2012-11-30 01:00:00,23.976208
2012-11-30 02:00:00,10.346861
2012-11-30 03:00:00,6.41071
2012-11-30 04:00:00,6.258706
2012-11-30 05:00:00,27.487095
2012-11-30 06:00:00,113.12296
2012-11-30 07:00:00,328.40732
2012-11-30 08:00:00,545.1014
2012-11-30 09:00:00,320.5913
2012-11-30 10:00:00,175.49292
2012-11-30 11:00:00,206.70906
2012-11-30 12:00:00,251.48447
2012-11-30 13:00:00,266.58243
2012-11-30 14:00:00,242.30672
2012-11-30 15:00:00,277.222
2012-11-30 16:00:00,367.8596
2012-11-30 17:00:00,544.85693
2012-11-30 18:00:00,449.84766
2012-11-30 19:00:00,304.55844
2012-11-30 20:00:00,212.29402
2012-11-30 21:00:00,165.1721
2012-11-30 22:00:00,139.70013
2012-11-30 23:00:00,115.2542
2012-12-20 00:00:00,41.523407
2012-12-20 01:00:00,16.2976
2012-12-20 02:00:00,6.8419275
2012-12-20 03:00:00,5.150534
2012-12-20 04:00:00,6.903089
2012-12-20 05:00:00,32.321083
2012-12-20 06:00:00,126.752914
2012-12-20 07:00:00,390.06778
2012-12-20 08:00:00,681.0584
2012-12-20 09:00:00,319.12418
2012-12-20 10:00:00,158.80415
2012-12-20 11:00:00,187.67213
2012-12-20 12:00:00,223.85342
2012-12-20 13:00:00,223.14021
2012-12-20 14:00:00,199.40486
2012-12-20 15:00:00,224.13818
2012-12-20 16:00:00,315.897
2012-12-20 17:00:00,556.57336
2012-12-20 18:00:00,502.19205
2012-12-20 19:00:00,264.5922
2012-12-20 20:00:00,194.26283
2012-12-20 21:00:00,152.99251
2012-12-20 22:00:00,93.93031
2012-12-20 23:00:00,69.45795
2012-12-21 00:00:00,47.88047
2012-12-21 01:00:00,28.868706
2012-12-21 02:00:00,16.83786
2012-12-21 03:00:00,11.413206
2012-12-21 04:00:00,7.301826
2012-12-21 05:00:00,27.33595
2012-12-21 06:00:00,106.17413
2012-12-21 07:00:00,334.72977
2012-12-21 08:00:00,576.4584
2012-12-21 09:00:00,305.37863
2012-12-21 10:00:00,169.4599
2012-12-21 11:00:00,189.8511
2012-12-21 12:00:00,243.65387
2012-12-21 13:00:00,232.09602
2012-12-21 14:00:00,215.95851
2012-12-21 15:00:00,244.42613
2012-12-21 16:00:00,314.23193
2012-12-21 17:00:00,452.5078
2012-12-21 18:00:00,411.7556
2012-12-21 19:00:00,273.55542
2012-12-21 20:00:00,191.9208
2012-12-21 21:00:00,146.72438
2012-12-21 22:00:00,117.62596
2012-12-21 23:00:00,92.815
2012-12-22 00:00:00,91.08403
2012-12-22 01:00:00,72.97954
2012-12-22 02:00:00,49.129562
2012-12-22 03:00:00,18.561878
2012-12-22 04:00:00,8.032891
2012-12-22 05:00:00,8.713638
2012-12-22 06:00:00,19.777418
2012-12-22 07:00:00,55.832645
2012-12-22 08:00:00,133.31293
2012-12-22 09:00:00,202.32074
2012-12-22 10:00:00,263.10764
2012-12-22 11:00:00,329.81943
2012-12-22 12:00:00,367.2333
2012-12-22 13:00:00,395.05112
2012-12-22 14:00:00,391.7543
2012-12-22 15:00:00,380.9165
2012-12-22 16:00:00,356.01794
2012-12-22 17:00:00,275.03268
2012-12-22 18:00:00,214.50615
2012-12-22 19:00:00,187.19649
2012-12-22 20:00:00,143.41135
2012-12-22 21:00:00,113.89465
2012-12-22 22:00:00,98.70604
2012-12-22 23:00:00,83.52341
2012-12-23 00:00:00,95.28333
2012-12-23 01:00:00,80.48005
2012-12-23 02:00:00,55.504807
2012-12-23 03:00:00,27.304903
2012-12-23 04:00:00,10.177116
2012-12-23 05:00:00,5.3905025
2012-12-23 06:00:00,10.697221
2012-12-23 07:00:00,31.74495
2012-12-23 08:00:00,85.641426
2012-12-23 09:00:00,152.48619
2012-12-23 10:00:00,238.63489
2012-12-23 11:00:00,282.4166
2012-12-23 12:00:00,362.6043
2012-12-23 13:00:00,379.70874
2012-12-23 14:00:00,387.03107
2012-12-23 15:00:00,384.1291
2012-12-23 16:00:00,366.99258
2012-12-23 17:00:00,257.33005
2012-12-23 18:00:00,195.87967
2012-12-23 19:00:00,165.6324
2012-12-23 20:00:00,117.60842
2012-12-23 21:00:00,92.43243
2012-12-23 22:00:00,78.697266
2012-12-23 23:00:00,59.96522
2012-12-24 00:00:00,18.898798
2012-12-24 01:00:00,8.350856
2012-12-24 02:00:00,4.3676534
2012-12-24 03:00:00,3.8482735
2012-12-24 05:00:00,27.532255
2012-12-24 06:00:00,106.37423
2012-12-24 07:00:00,323.39432
2012-12-24 08:00:00,554.8157
2012-12-24 09:00:00,275.08633
2012-12-24 10:00:00,130.53549
2012-12-24 11:00:00,157.51839
2012-12-24 12:00:00,195.63908
2012-12-24 13:00:00,133.49377
2012-12-24 14:00:00,117.32206
2012-12-24 15:00:00,131.17014
2012-12-24 16:00:00,188.63573
2012-12-24 17:00:00,307.26343
2012-12-24 18:00:00,281.8742
2012-12-24 19:00:00,254.25354
2012-12-24 20:00:00,163.1294
2012-12-24 21:00:00,129.17278
2012-12-24 22:00:00,92.048294
2012-12-24 23:00:00,56.836277
2012-12-25 00:00:00,51.45133
2012-12-25 01:00:00,46.1863
2012-12-25 02:00:00,32.662266
2012-12-25 04:00:00,14.619688
2012-12-25 05:00:00,20.77885
2012-12-25 06:00:00,43.521008
2012-12-25 07:00:00,155.91347
2012-12-25 08:00:00,300.02914
2012-12-25 09:00:00,251.02637
2012-12-25 10:00:00,229.96432
2012-12-25 11:00:00,278.98636
2012-12-25 12:00:00,314.89658
2012-12-25 13:00:00,333.8158
2012-12-25 14:00:00,317.44156
2012-12-25 15:00:00,310.1739
2012-12-25 16:00:00,337.20743
2012-12-25 17:00:00,351.52567
2012-12-25 18:00:00,312.52106
2012-12-25 19:00:00,265.22226
2012-12-25 20:00:00,197.22241
2012-12-25 21:00:00,149.62204
2012-12-25 22:00:00,109.707085
2012-12-25 23:00:00,71.64089
2012-12-26 00:00:00,42.97302
2012-12-26 01:00:00,20.952446
2012-12-26 02:00:00,11.280035
2012-12-26 03:00:00,6.6543303
2012-12-26 04:00:00,8.363698
2012-12-26 05:00:00,32.485626
2012-12-26 06:00:00,112.37603
2012-12-26 07:00:00,166.38771
2012-12-26 08:00:00,297.9899
2012-12-26 09:00:00,174.04489
2012-12-26 10:00:00,99.640335
2012-12-26 11:00:00,99.09918
2012-12-26 12:00:00,120.3248
2012-12-26 13:00:00,116.624825
2012-12-26 14:00:00,113.9335
2012-12-26 15:00:00,126.31703
2012-12-26 16:00:00,170.95615
2012-12-26 17:00:00,260.69287
2012-12-26 18:00:00,240.0251
2012-12-26 19:00:00,206.88115
2012-12-26 20:00:00,137.14601
2012-12-26 21:00:00,142.11316
2012-12-26 22:00:00,79.53014
2012-12-26 23:00:00,51.010067
2012-12-27 00:00:00,29.543297
2012-12-27 01:00:00,17.252567
2012-12-27 02:00:00,9.929466
2012-12-27 03:00:00,6.2401323
2012-12-27 04:00:00,9.766533
2012-12-27 05:00:00,29.34075
2012-12-27 06:00:00,108.9594
2012-12-27 07:00:00,343.6604
2012-12-27 08:00:00,599.6645
2012-12-27 09:00:00,315.0338
2012-12-27 10:00:00,152.1193
2012-12-27 11:00:00,169.39941
2012-12-27 12:00:00,197.24521
2012-12-27 13:00:00,196.19754
2012-12-27 14:00:00,171.93797
2012-12-27 15:00:00,192.00113
2012-12-27 16:00:00,281.88904
2012-12-27 17:00:00,465.51602
2012-12-27 18:00:00,421.9372
2012-12-27 19:00:00,301.57785
2012-12-27 20:00:00,229.89351
2012-12-27 21:00:00,161.38544
2012-12-27 22:00:00,119.23769
2012-12-27 23:00:00,88.99862
2012-12-28 00:00:00,45.697155
2012-12-28 01:00:00,23.157505
2012-12-28 02:00:00,11.06608
2012-12-28 03:00:00,7.455784
2012-12-28 04:00:00,7.639355
2012-12-28 05:00:00,27.16423
2012-12-28 06:00:00,105.91857
2012-12-28 07:00:00,305.3353
2012-12-28 08:00:00,537.31903
2012-12-28 09:00:00,301.77893
2012-12-28 10:00:00,161.49168
2012-12-28 11:00:00,191.20255
2012-12-28 12:00:00,239.84024
2012-12-28 13:00:00,233.62004
2012-12-28 14:00:00,207.55525
2012-12-28 15:00:00,223.4545
2012-12-28 16:00:00,311.0392
2012-12-28 17:00:00,438.08167
2012-12-28 18:00:00,402.0036
2012-12-28 19:00:00,272.4138
2012-12-28 20:00:00,190.2119
2012-12-28 21:00:00,144.19904
2012-12-28 22:00:00,120.55188
2012-12-28 23:00:00,99.67936
2012-12-29 00:00:00,90.52335
2012-12-29 01:00:00,77.07346
2012-12-29 02:00:00,48.69287
2012-12-29 03:00:00,20.94627
2012-12-29 04:00:00,9.558195
2012-12-29 05:00:00,8.862357
2012-12-29 06:00:00,17.071848
2012-12-29 07:00:00,44.48596
2012-12-29 08:00:00,124.02734
2012-12-29 09:00:00,193.14294
2012-12-29 10:00:00,186.03954
2012-12-29 11:00:00,210.13768
2012-12-29 12:00:00,240.23929
2012-12-29 13:00:00,235.39929
2012-12-29 14:00:00,305.96255
2012-12-29 15:00:00,295.70325
2012-12-29 16:00:00,328.9473
2012-12-29 17:00:00,233.6353
2012-12-29 18:00:00,202.27107
2012-12-29 19:00:00,199.3318
2012-12-29 20:00:00,150.46935
2012-12-29 21:00:00,120.705795
2012-12-29 22:00:00,101.53558
2012-12-29 23:00:00,94.95208
2012-12-30 00:00:00,99.16142
2012-12-30 01:00:00,80.66667
2012-12-30 02:00:00,58.24167
2012-12-30 03:00:00,23.68945
2012-12-30 04:00:00,9.3929
2012-12-30 05:00:00,5.758223
2012-12-30 06:00:00,8.0632
2012-12-30 07:00:00,37.897038
2012-12-30 08:00:00,92.12601
2012-12-30 09:00:00,152.93542
2012-12-30 10:00:00,249.67952
2012-12-30 11:00:00,292.82272
2012-12-30 12:00:00,342.69385
2012-12-30 13:00:00,340.27594
2012-12-30 14:00:00,346.9148
2012-12-30 15:00:00,337.02307
2012-12-30 16:00:00,309.3965
2012-12-30 17:00:00,249.67046
2012-12-30 18:00:00,180.14441
2012-12-30 19:00:00,177.00136
2012-12-30 20:00:00,111.13987
2012-12-30 21:00:00,78.3265
2012-12-30 22:00:00,65.69844
2012-12-30 23:00:00,46.381474
2012-12-31 00:00:00,21.945185
2012-12-31 01:00:00,9.42826
2012-12-31 02:00:00,5.8035593
2012-12-31 03:00:00,4.9941344
2012-12-31 04:00:00,6.8548036
2012-12-31 05:00:00,29.325302
2012-12-31 06:00:00,107.05847
2012-12-31 07:00:00,321.92557
2012-12-31 08:00:00,537.2961
2012-12-31 09:00:00,271.39444
2012-12-31 10:00:00,127.16017
2012-12-31 11:00:00,158.49454
2012-12-31 12:00:00,192.78638
2012-12-31 13:00:00,192.09274
2012-12-31 14:00:00,173.93611
2012-12-31 15:00:00,192.16489
2012-12-31 16:00:00,281.79913
2012-12-31 17:00:00,474.49533
2012-12-31 18:00:00,461.2527
2012-12-31 19:00:00,322.17767
2012-12-31 20:00:00,217.66122
2012-12-31 21:00:00,150.7592
2012-12-31 22:00:00,106.76499
2012-12-31 23:00:00,61.951477
